production_id,machine_id,production_date,shift,actual_failure_risk,predicted_failure_risk,failure_probability
4381,1,2026-06-12,Morning,1,0,0.4176622494015675
4382,1,2026-06-12,Afternoon,1,0,0.4918552333686778
4383,1,2026-06-12,Night,1,0,0.46621329550202756
4384,2,2026-06-12,Morning,0,0,0.48381839697571544
4385,2,2026-06-12,Afternoon,0,0,0.3918185135522911
4386,2,2026-06-12,Night,0,0,0.471269213636263
4387,3,2026-06-12,Morning,0,0,0.4385282601972537
4388,3,2026-06-12,Afternoon,0,0,0.3750256465423733
4389,3,2026-06-12,Night,0,1,0.5433402988919195
4390,4,2026-06-12,Morning,0,0,0.3309076469527185
4391,4,2026-06-12,Afternoon,0,0,0.3473498472513724
4392,4,2026-06-12,Night,0,0,0.4008473043549019
4393,5,2026-06-12,Morning,1,0,0.2797123406578603
4394,5,2026-06-12,Afternoon,1,0,0.20289592654349212
4395,5,2026-06-12,Night,1,0,0.2875648680872119
4396,1,2026-06-13,Morning,1,0,0.4685871275909987
4397,1,2026-06-13,Afternoon,1,0,0.45724228376019604
4398,1,2026-06-13,Night,1,0,0.41457057202325936
4399,2,2026-06-13,Morning,0,0,0.36979479160215784
4400,2,2026-06-13,Afternoon,0,0,0.312937751408455
4401,2,2026-06-13,Night,0,0,0.44029274739386143
4402,3,2026-06-13,Morning,1,0,0.3871773788348951
4403,3,2026-06-13,Afternoon,1,0,0.35634321940601554
4404,3,2026-06-13,Night,1,0,0.44394942286351075
4405,4,2026-06-13,Morning,1,0,0.361613117653218
4406,4,2026-06-13,Afternoon,1,0,0.31828041796537376
4407,4,2026-06-13,Night,1,0,0.38345067573937214
4408,5,2026-06-13,Morning,0,0,0.3618172012732921
4409,5,2026-06-13,Afternoon,0,0,0.4300361585524462
4410,5,2026-06-13,Night,0,0,0.3737518645812534
4411,1,2026-06-14,Morning,1,0,0.4441615762774681
4412,1,2026-06-14,Afternoon,1,0,0.43985636202100004
4413,1,2026-06-14,Night,1,0,0.4256459409981785
4414,2,2026-06-14,Morning,0,0,0.4469317920133337
4415,2,2026-06-14,Afternoon,0,0,0.4385158590311602
4416,2,2026-06-14,Night,0,0,0.44688199304721027
4417,3,2026-06-14,Morning,1,0,0.45686375174261723
4418,3,2026-06-14,Afternoon,1,0,0.472305688819894
4419,3,2026-06-14,Night,1,1,0.5044969509382089
4420,4,2026-06-14,Morning,0,0,0.21392212686723122
4421,4,2026-06-14,Afternoon,0,0,0.310300892673493
4422,4,2026-06-14,Night,0,0,0.2429979620336321
4423,5,2026-06-14,Morning,0,0,0.26338726322658257
4424,5,2026-06-14,Afternoon,0,0,0.2208120957469672
4425,5,2026-06-14,Night,0,0,0.28635298560890776
4426,1,2026-06-15,Morning,0,0,0.47871367334648984
4427,1,2026-06-15,Afternoon,0,0,0.28123463680165894
4428,1,2026-06-15,Night,0,0,0.33076047013540877
4429,2,2026-06-15,Morning,0,0,0.3408383224993949
4430,2,2026-06-15,Afternoon,0,0,0.32413051146464267
4431,2,2026-06-15,Night,0,0,0.35927038684925044
4432,3,2026-06-15,Morning,0,1,0.5570400832386947
4433,3,2026-06-15,Afternoon,0,1,0.5714990557647791
4434,3,2026-06-15,Night,0,1,0.6986368209052791
4435,4,2026-06-15,Morning,0,0,0.30582567781274195
4436,4,2026-06-15,Afternoon,0,0,0.3311414085064149
4437,4,2026-06-15,Night,0,0,0.3133440234712536
4438,5,2026-06-15,Morning,1,0,0.36488557215980644
4439,5,2026-06-15,Afternoon,1,0,0.3166360810787111
4440,5,2026-06-15,Night,1,0,0.3535115710025909
4441,1,2026-06-16,Morning,0,0,0.38006660762440364
4442,1,2026-06-16,Afternoon,0,0,0.3399798188275271
4443,1,2026-06-16,Night,0,0,0.3945402894310227
4444,2,2026-06-16,Morning,0,0,0.33751636407763463
4445,2,2026-06-16,Afternoon,0,0,0.38460646944578947
4446,2,2026-06-16,Night,0,0,0.47634740925967006
4447,3,2026-06-16,Morning,1,1,0.6581361129952541
4448,3,2026-06-16,Afternoon,1,0,0.4643295841075987
4449,3,2026-06-16,Night,1,1,0.5960064322292348
4450,4,2026-06-16,Morning,0,0,0.35088059526230675
4451,4,2026-06-16,Afternoon,0,0,0.3297573909665612
4452,4,2026-06-16,Night,0,0,0.3135005514260905
4453,5,2026-06-16,Morning,0,0,0.33934628728344635
4454,5,2026-06-16,Afternoon,0,0,0.3154057992674652
4455,5,2026-06-16,Night,0,0,0.2699270963836968
4456,1,2026-06-17,Morning,0,1,0.5019441050873962
4457,1,2026-06-17,Afternoon,0,0,0.3356659236044121
4458,1,2026-06-17,Night,0,1,0.5092436176215744
4459,2,2026-06-17,Morning,0,0,0.4414443513314674
4460,2,2026-06-17,Afternoon,0,0,0.4218667889808823
4461,2,2026-06-17,Night,0,0,0.3285826038598883
4462,3,2026-06-17,Morning,0,0,0.4262670166349702
4463,3,2026-06-17,Afternoon,0,0,0.46587089144209
4464,3,2026-06-17,Night,0,1,0.6834894670420217
4465,4,2026-06-17,Morning,0,0,0.28813784898703204
4466,4,2026-06-17,Afternoon,0,0,0.3008112870636332
4467,4,2026-06-17,Night,0,0,0.3021967068299179
4468,5,2026-06-17,Morning,0,0,0.4316123693326319
4469,5,2026-06-17,Afternoon,0,0,0.43154909186111384
4470,5,2026-06-17,Night,0,0,0.37472404593596437
4471,1,2026-06-18,Morning,0,0,0.3122268992454561
4472,1,2026-06-18,Afternoon,0,1,0.5088991411749025
4473,1,2026-06-18,Night,0,0,0.31388523248685396
4474,2,2026-06-18,Morning,0,0,0.3987686075441357
4475,2,2026-06-18,Afternoon,0,0,0.38158380248989754
4476,2,2026-06-18,Night,0,0,0.3730904750753807
4477,3,2026-06-18,Morning,0,1,0.5690335171819646
4478,3,2026-06-18,Afternoon,0,1,0.757958837192312
4479,3,2026-06-18,Night,0,1,0.7013891926761278
4480,4,2026-06-18,Morning,0,0,0.23218730857813905
4481,4,2026-06-18,Afternoon,0,0,0.27476890523438746
4482,4,2026-06-18,Night,0,0,0.339519941668893
4483,5,2026-06-18,Morning,0,0,0.38562622259864326
4484,5,2026-06-18,Afternoon,0,0,0.34626478861084276
4485,5,2026-06-18,Night,0,0,0.33443302263434815
4486,1,2026-06-19,Morning,0,0,0.35436663377989347
4487,1,2026-06-19,Afternoon,0,0,0.3344074225145695
4488,1,2026-06-19,Night,0,0,0.30491744004691623
4489,2,2026-06-19,Morning,0,0,0.3737404484890493
4490,2,2026-06-19,Afternoon,0,0,0.4169291306259154
4491,2,2026-06-19,Night,0,0,0.3983613384198528
4492,3,2026-06-19,Morning,1,1,0.6823484573063421
4493,3,2026-06-19,Afternoon,1,1,0.5127449369370674
4494,3,2026-06-19,Night,1,1,0.6294063130712555
4495,4,2026-06-19,Morning,0,0,0.31979171690773145
4496,4,2026-06-19,Afternoon,0,0,0.3482379751027771
4497,4,2026-06-19,Night,0,0,0.3222040080026374
4498,5,2026-06-19,Morning,1,0,0.32049846895073597
4499,5,2026-06-19,Afternoon,1,0,0.31834082323473
4500,5,2026-06-19,Night,1,0,0.42376391634819216
4501,1,2026-06-20,Morning,0,0,0.4314961897486566
4502,1,2026-06-20,Afternoon,0,0,0.38527961111290676
4503,1,2026-06-20,Night,0,0,0.40275000879557776
4504,2,2026-06-20,Morning,0,0,0.34546539415220173
4505,2,2026-06-20,Afternoon,0,0,0.3220052841597194
4506,2,2026-06-20,Night,0,0,0.42911069538314717
4507,3,2026-06-20,Morning,0,1,0.6539850024314184
4508,3,2026-06-20,Afternoon,0,1,0.6982781193823596
4509,3,2026-06-20,Night,0,1,0.6833232409234038
4510,4,2026-06-20,Morning,0,0,0.43598042292633654
4511,4,2026-06-20,Afternoon,0,0,0.3074121603141364
4512,4,2026-06-20,Night,0,0,0.2960092182187407
4513,5,2026-06-20,Morning,0,0,0.2576430964014281
4514,5,2026-06-20,Afternoon,0,0,0.21344399001360292
4515,5,2026-06-20,Night,0,0,0.2661714899290278
4516,1,2026-06-21,Morning,0,0,0.42786114178558476
4517,1,2026-06-21,Afternoon,0,0,0.4394584263492893
4518,1,2026-06-21,Night,0,0,0.4938630095898775
4519,2,2026-06-21,Morning,0,0,0.44410801299726416
4520,2,2026-06-21,Afternoon,0,0,0.4512471572629724
4521,2,2026-06-21,Night,0,1,0.5037631110231683
4522,3,2026-06-21,Morning,0,1,0.5704642251825849
4523,3,2026-06-21,Afternoon,0,1,0.634210339297407
4524,3,2026-06-21,Night,0,1,0.517540155983616
4525,4,2026-06-21,Morning,0,0,0.19119537228073585
4526,4,2026-06-21,Afternoon,0,0,0.25210172792243235
4527,4,2026-06-21,Night,0,0,0.37713995926797794
4528,5,2026-06-21,Morning,1,0,0.3150192399548243
4529,5,2026-06-21,Afternoon,1,0,0.3195539320218651
4530,5,2026-06-21,Night,1,0,0.33377430668031666
4531,1,2026-06-22,Morning,0,0,0.30064660044192193
4532,1,2026-06-22,Afternoon,0,0,0.4148470757658282
4533,1,2026-06-22,Night,0,0,0.30380893066591197
4534,2,2026-06-22,Morning,1,0,0.4900322544182141
4535,2,2026-06-22,Afternoon,1,0,0.41789342536547536
4536,2,2026-06-22,Night,1,0,0.3420634035041738
4537,3,2026-06-22,Morning,1,1,0.5365671416225677
4538,3,2026-06-22,Afternoon,1,1,0.6634544213706968
4539,3,2026-06-22,Night,1,0,0.434335510443577
4540,4,2026-06-22,Morning,0,0,0.3059470600551572
4541,4,2026-06-22,Afternoon,0,0,0.27899929149980784
4542,4,2026-06-22,Night,0,0,0.33737641455385664
4543,5,2026-06-22,Morning,1,0,0.3323802729692074
4544,5,2026-06-22,Afternoon,1,0,0.3777122156143699
4545,5,2026-06-22,Night,1,0,0.3571630421560702
4546,1,2026-06-23,Morning,0,0,0.4914149853746707
4547,1,2026-06-23,Afternoon,0,0,0.3802983319672516
4548,1,2026-06-23,Night,0,0,0.4323517102373021
4549,2,2026-06-23,Morning,1,0,0.3947986528456027
4550,2,2026-06-23,Afternoon,1,0,0.32332933858409607
4551,2,2026-06-23,Night,1,0,0.3804764180700264
4552,3,2026-06-23,Morning,1,1,0.5159727656002276
4553,3,2026-06-23,Afternoon,1,1,0.5279151202512586
4554,3,2026-06-23,Night,1,1,0.609355765774223
4555,4,2026-06-23,Morning,0,0,0.35134561773367645
4556,4,2026-06-23,Afternoon,0,0,0.2990589460413091
4557,4,2026-06-23,Night,0,0,0.3746171074704631
4558,5,2026-06-23,Morning,0,0,0.3879798524889315
4559,5,2026-06-23,Afternoon,0,0,0.2938962972091473
4560,5,2026-06-23,Night,0,0,0.30819676445668087
4561,1,2026-06-24,Morning,0,0,0.38577146900363013
4562,1,2026-06-24,Afternoon,0,0,0.48381548694841836
4563,1,2026-06-24,Night,0,0,0.2589394862738569
4564,2,2026-06-24,Morning,1,1,0.5356099214657665
4565,2,2026-06-24,Afternoon,1,0,0.4482155042539481
4566,2,2026-06-24,Night,1,0,0.3863417280056429
4567,3,2026-06-24,Morning,1,1,0.528463196859811
4568,3,2026-06-24,Afternoon,1,1,0.6982098361252392
4569,3,2026-06-24,Night,1,1,0.5589934541016897
4570,4,2026-06-24,Morning,0,0,0.383889200227215
4571,4,2026-06-24,Afternoon,0,0,0.4062155371484573
4572,4,2026-06-24,Night,0,0,0.27210878515602804
4573,5,2026-06-24,Morning,0,0,0.4329002536161183
4574,5,2026-06-24,Afternoon,0,0,0.4068521939485226
4575,5,2026-06-24,Night,0,0,0.3907182971959856
4576,1,2026-06-25,Morning,0,0,0.3718721781896201
4577,1,2026-06-25,Afternoon,0,0,0.37987333109492233
4578,1,2026-06-25,Night,0,0,0.33026888238905333
4579,2,2026-06-25,Morning,0,0,0.3008530182600097
4580,2,2026-06-25,Afternoon,0,0,0.4453060879518824
4581,2,2026-06-25,Night,0,1,0.5265542004960221
4582,3,2026-06-25,Morning,0,1,0.5821075013614183
4583,3,2026-06-25,Afternoon,0,1,0.558975017316227
4584,3,2026-06-25,Night,0,1,0.6019919703689596
4585,4,2026-06-25,Morning,0,0,0.27725283333299977
4586,4,2026-06-25,Afternoon,0,0,0.2753831957726961
4587,4,2026-06-25,Night,0,0,0.2913833255323495
4588,5,2026-06-25,Morning,0,0,0.4177722153273075
4589,5,2026-06-25,Afternoon,0,0,0.4536900260193794
4590,5,2026-06-25,Night,0,0,0.36006179738086613
4591,1,2026-06-26,Morning,0,0,0.4078775956925448
4592,1,2026-06-26,Afternoon,0,0,0.49649152549461956
4593,1,2026-06-26,Night,0,0,0.36733764201250496
4594,2,2026-06-26,Morning,0,0,0.4089298227763794
4595,2,2026-06-26,Afternoon,0,0,0.44151670229814216
4596,2,2026-06-26,Night,0,0,0.4579353591201064
4597,3,2026-06-26,Morning,1,1,0.7110577905283048
4598,3,2026-06-26,Afternoon,1,1,0.5571618873350973
4599,3,2026-06-26,Night,1,1,0.6195135909876076
4600,4,2026-06-26,Morning,0,0,0.3143284172825366
4601,4,2026-06-26,Afternoon,0,0,0.3933854016268352
4602,4,2026-06-26,Night,0,0,0.2863641429232124
4603,5,2026-06-26,Morning,0,0,0.4382173187871063
4604,5,2026-06-26,Afternoon,0,0,0.3220810338074644
4605,5,2026-06-26,Night,0,0,0.37365605115967465
4606,1,2026-06-27,Morning,0,0,0.314503812591164
4607,1,2026-06-27,Afternoon,0,0,0.3690085436751494
4608,1,2026-06-27,Night,0,0,0.3785228628618897
4609,2,2026-06-27,Morning,1,0,0.48568674988986504
4610,2,2026-06-27,Afternoon,1,0,0.35001689002814196
4611,2,2026-06-27,Night,1,0,0.36467702827825654
4612,3,2026-06-27,Morning,0,1,0.7063631552488281
4613,3,2026-06-27,Afternoon,0,1,0.6670909539750985
4614,3,2026-06-27,Night,0,1,0.5713066177783076
4615,4,2026-06-27,Morning,0,0,0.2758406902216381
4616,4,2026-06-27,Afternoon,0,0,0.24301679991504269
4617,4,2026-06-27,Night,0,0,0.1918791003754384
4618,5,2026-06-27,Morning,0,0,0.3527983575804762
4619,5,2026-06-27,Afternoon,0,0,0.28630333197170105
4620,5,2026-06-27,Night,0,0,0.32803854456027104
4621,1,2026-06-28,Morning,0,0,0.37641955513248593
4622,1,2026-06-28,Afternoon,0,0,0.37552601615150993
4623,1,2026-06-28,Night,0,0,0.32837600267888045
4624,2,2026-06-28,Morning,0,0,0.3786369028051888
4625,2,2026-06-28,Afternoon,0,1,0.5166911471521871
4626,2,2026-06-28,Night,0,0,0.321234130928639
4627,3,2026-06-28,Morning,1,1,0.5516395963307987
4628,3,2026-06-28,Afternoon,1,0,0.46849560603378404
4629,3,2026-06-28,Night,1,1,0.6863428940945735
4630,4,2026-06-28,Morning,0,0,0.4129246487721503
4631,4,2026-06-28,Afternoon,0,0,0.38246936400123965
4632,4,2026-06-28,Night,0,0,0.26435397436430585
4633,5,2026-06-28,Morning,1,0,0.30909908073345044
4634,5,2026-06-28,Afternoon,1,0,0.36317914013947894
4635,5,2026-06-28,Night,1,0,0.3335540543827329
4636,1,2026-06-29,Morning,0,0,0.258467482748147
4637,1,2026-06-29,Afternoon,0,0,0.2828013704631766
4638,1,2026-06-29,Night,0,0,0.2434121065504443
4639,2,2026-06-29,Morning,0,0,0.41578955024997494
4640,2,2026-06-29,Afternoon,0,0,0.47289957727747634
4641,2,2026-06-29,Night,0,0,0.4659671357160077
4642,3,2026-06-29,Morning,0,1,0.6648117242574184
4643,3,2026-06-29,Afternoon,0,1,0.6498149365934089
4644,3,2026-06-29,Night,0,1,0.6700012041653843
4645,4,2026-06-29,Morning,0,0,0.22771745245924346
4646,4,2026-06-29,Afternoon,0,0,0.3378570490213998
4647,4,2026-06-29,Night,0,0,0.34559955870208825
4648,5,2026-06-29,Morning,1,0,0.3361060086786307
4649,5,2026-06-29,Afternoon,1,0,0.37451007081676946
4650,5,2026-06-29,Night,1,0,0.363196938603625
4651,1,2026-06-30,Morning,0,0,0.29299001871520164
4652,1,2026-06-30,Afternoon,0,0,0.29846039051301415
4653,1,2026-06-30,Night,0,0,0.22440549281659836
4654,2,2026-06-30,Morning,1,0,0.38187464177505925
4655,2,2026-06-30,Afternoon,1,0,0.37808943813474877
4656,2,2026-06-30,Night,1,0,0.4195313179938042
4657,3,2026-06-30,Morning,0,1,0.5701411572478854
4658,3,2026-06-30,Afternoon,0,1,0.6149412491943779
4659,3,2026-06-30,Night,0,1,0.6118167824119186
4660,4,2026-06-30,Morning,0,0,0.22466556060653692
4661,4,2026-06-30,Afternoon,0,0,0.29788339740279995
4662,4,2026-06-30,Night,0,0,0.3783982814563874
4663,5,2026-06-30,Morning,0,0,0.3106705865683748
4664,5,2026-06-30,Afternoon,0,0,0.2616698333070539
4665,5,2026-06-30,Night,0,0,0.26496768713161317
4666,1,2026-07-01,Morning,0,0,0.42518690500023065
4667,1,2026-07-01,Afternoon,0,0,0.44008489523962735
4668,1,2026-07-01,Night,0,0,0.487743575664835
4669,2,2026-07-01,Morning,0,1,0.5255567160498773
4670,2,2026-07-01,Afternoon,0,1,0.5461540319355134
4671,2,2026-07-01,Night,0,0,0.4512615852308465
4672,3,2026-07-01,Morning,1,0,0.47687602577148314
4673,3,2026-07-01,Afternoon,1,0,0.36493381275083275
4674,3,2026-07-01,Night,1,0,0.38070956165918185
4675,4,2026-07-01,Morning,0,0,0.2803536024310693
4676,4,2026-07-01,Afternoon,0,0,0.4035350952584366
4677,4,2026-07-01,Night,0,0,0.3694896739285201
4678,5,2026-07-01,Morning,1,0,0.311747180920343
4679,5,2026-07-01,Afternoon,1,0,0.35158046200454435
4680,5,2026-07-01,Night,1,0,0.2599378226371796
4681,1,2026-07-02,Morning,0,0,0.42633370763933626
4682,1,2026-07-02,Afternoon,0,0,0.3511801944248139
4683,1,2026-07-02,Night,0,0,0.3351468793139386
4684,2,2026-07-02,Morning,0,0,0.37673637552070316
4685,2,2026-07-02,Afternoon,0,0,0.46037964667874
4686,2,2026-07-02,Night,0,0,0.48773152882336795
4687,3,2026-07-02,Morning,0,0,0.48129285171332614
4688,3,2026-07-02,Afternoon,0,0,0.44826760338086474
4689,3,2026-07-02,Night,0,1,0.5879720811772393
4690,4,2026-07-02,Morning,0,0,0.29740344321798534
4691,4,2026-07-02,Afternoon,0,0,0.2949041787945165
4692,4,2026-07-02,Night,0,0,0.2897735016003481
4693,5,2026-07-02,Morning,0,0,0.31478674287480746
4694,5,2026-07-02,Afternoon,0,0,0.2917054126616652
4695,5,2026-07-02,Night,0,0,0.34781044856438637
4696,1,2026-07-03,Morning,0,1,0.531762009029483
4697,1,2026-07-03,Afternoon,0,0,0.4600911538090597
4698,1,2026-07-03,Night,0,0,0.47431094540935986
4699,2,2026-07-03,Morning,0,0,0.43339526577239873
4700,2,2026-07-03,Afternoon,0,0,0.4238654189097962
4701,2,2026-07-03,Night,0,1,0.5460790676120656
4702,3,2026-07-03,Morning,1,1,0.5545494448149139
4703,3,2026-07-03,Afternoon,1,1,0.5774825056041841
4704,3,2026-07-03,Night,1,1,0.5923314893913217
4705,4,2026-07-03,Morning,0,0,0.3247303094543386
4706,4,2026-07-03,Afternoon,0,0,0.29989715560793023
4707,4,2026-07-03,Night,0,0,0.3740865494543887
4708,5,2026-07-03,Morning,0,0,0.38508815789445505
4709,5,2026-07-03,Afternoon,0,0,0.2648488643616565
4710,5,2026-07-03,Night,0,0,0.2859680609945432
4711,1,2026-07-04,Morning,0,0,0.49077265167488227
4712,1,2026-07-04,Afternoon,0,0,0.47208578414436686
4713,1,2026-07-04,Night,0,0,0.48487460149755435
4714,2,2026-07-04,Morning,1,1,0.5213364323492351
4715,2,2026-07-04,Afternoon,1,1,0.5715080370437756
4716,2,2026-07-04,Night,1,0,0.48590815595012754
4717,3,2026-07-04,Morning,0,1,0.6981228954262368
4718,3,2026-07-04,Afternoon,0,1,0.5601887205252332
4719,3,2026-07-04,Night,0,0,0.3813740930983521
4720,4,2026-07-04,Morning,1,0,0.3074980196908007
4721,4,2026-07-04,Afternoon,1,0,0.2743014175874403
4722,4,2026-07-04,Night,1,0,0.3150495780408255
4723,5,2026-07-04,Morning,0,0,0.41449535863373793
4724,5,2026-07-04,Afternoon,0,0,0.3973092003021901
4725,5,2026-07-04,Night,0,0,0.38368261502002127
4726,1,2026-07-05,Morning,1,0,0.46476713431149025
4727,1,2026-07-05,Afternoon,1,0,0.4269953506842442
4728,1,2026-07-05,Night,1,0,0.4536718504130311
4729,2,2026-07-05,Morning,0,1,0.5796476081276621
4730,2,2026-07-05,Afternoon,0,0,0.49601402772098435
4731,2,2026-07-05,Night,0,1,0.5438434750060509
4732,3,2026-07-05,Morning,0,1,0.522098222491062
4733,3,2026-07-05,Afternoon,0,0,0.37237256607467195
4734,3,2026-07-05,Night,0,1,0.6737958756110053
4735,4,2026-07-05,Morning,1,0,0.30237909254612816
4736,4,2026-07-05,Afternoon,1,0,0.22259007369391082
4737,4,2026-07-05,Night,1,0,0.31980513595025567
4738,5,2026-07-05,Morning,0,0,0.3468886703789257
4739,5,2026-07-05,Afternoon,0,0,0.3083089363953195
4740,5,2026-07-05,Night,0,0,0.33702479323574225
4741,1,2026-07-06,Morning,0,0,0.2907420294949308
4742,1,2026-07-06,Afternoon,0,0,0.28756294158066054
4743,1,2026-07-06,Night,0,0,0.34146866575456564
4744,2,2026-07-06,Morning,0,0,0.4867130037835839
4745,2,2026-07-06,Afternoon,0,0,0.4576232577606592
4746,2,2026-07-06,Night,0,1,0.5255338269892186
4747,3,2026-07-06,Morning,0,0,0.4518158458535119
4748,3,2026-07-06,Afternoon,0,0,0.43854873448659853
4749,3,2026-07-06,Night,0,1,0.5483901391625593
4750,4,2026-07-06,Morning,0,0,0.38515168030977237
4751,4,2026-07-06,Afternoon,0,0,0.2633926536840474
4752,4,2026-07-06,Night,0,0,0.3305462449139413
4753,5,2026-07-06,Morning,0,0,0.35797455953373697
4754,5,2026-07-06,Afternoon,0,0,0.33368392844802214
4755,5,2026-07-06,Night,0,0,0.3618081012127727
4756,1,2026-07-07,Morning,1,0,0.37411767479330016
4757,1,2026-07-07,Afternoon,1,0,0.3984908606138939
4758,1,2026-07-07,Night,1,0,0.35264515464657925
4759,2,2026-07-07,Morning,0,1,0.5132648521991636
4760,2,2026-07-07,Afternoon,0,1,0.5042401112436214
4761,2,2026-07-07,Night,0,0,0.4621938633311368
4762,3,2026-07-07,Morning,0,0,0.4944441971768696
4763,3,2026-07-07,Afternoon,0,0,0.4921527378863315
4764,3,2026-07-07,Night,0,1,0.5849726350302551
4765,4,2026-07-07,Morning,0,0,0.31538486886731376
4766,4,2026-07-07,Afternoon,0,0,0.32582209808649715
4767,4,2026-07-07,Night,0,0,0.31685945356085016
4768,5,2026-07-07,Morning,1,0,0.3942113226262706
4769,5,2026-07-07,Afternoon,1,0,0.3319944782076841
4770,5,2026-07-07,Night,1,0,0.3612513211600183
4771,1,2026-07-08,Morning,1,0,0.3902833814624131
4772,1,2026-07-08,Afternoon,1,1,0.5211185641364684
4773,1,2026-07-08,Night,1,0,0.3836360067014354
4774,2,2026-07-08,Morning,0,0,0.45208706058839143
4775,2,2026-07-08,Afternoon,0,0,0.4470088583148875
4776,2,2026-07-08,Night,0,1,0.5012398630688462
4777,3,2026-07-08,Morning,1,1,0.5870941187375291
4778,3,2026-07-08,Afternoon,1,0,0.48169476838686176
4779,3,2026-07-08,Night,1,1,0.5331057580631172
4780,4,2026-07-08,Morning,0,0,0.35805719351538917
4781,4,2026-07-08,Afternoon,0,0,0.3610597311346609
4782,4,2026-07-08,Night,0,0,0.26792040597696
4783,5,2026-07-08,Morning,1,0,0.3900935873916323
4784,5,2026-07-08,Afternoon,1,0,0.3826225171982243
4785,5,2026-07-08,Night,1,0,0.3088680180679474
4786,1,2026-07-09,Morning,0,0,0.46771818434132795
4787,1,2026-07-09,Afternoon,0,0,0.4272314748349726
4788,1,2026-07-09,Night,0,0,0.4149848545262336
4789,2,2026-07-09,Morning,0,1,0.5492888383591576
4790,2,2026-07-09,Afternoon,0,0,0.30384692893650533
4791,2,2026-07-09,Night,0,0,0.42660735878585904
4792,3,2026-07-09,Morning,0,0,0.4265850720431833
4793,3,2026-07-09,Afternoon,0,1,0.5288346800655229
4794,3,2026-07-09,Night,0,1,0.5275573553667144
4795,4,2026-07-09,Morning,0,0,0.4338238000121147
4796,4,2026-07-09,Afternoon,0,0,0.39955914033664486
4797,4,2026-07-09,Night,0,0,0.41355697775850053
4798,5,2026-07-09,Morning,0,0,0.2991995067554569
4799,5,2026-07-09,Afternoon,0,0,0.37355956213639924
4800,5,2026-07-09,Night,0,0,0.32562658453844473
4801,1,2026-07-10,Morning,0,0,0.27122458106872444
4802,1,2026-07-10,Afternoon,0,0,0.3378948343742289
4803,1,2026-07-10,Night,0,0,0.31271164999337536
4804,2,2026-07-10,Morning,0,0,0.48683624166619077
4805,2,2026-07-10,Afternoon,0,1,0.5065632416155463
4806,2,2026-07-10,Night,0,1,0.5120438290522045
4807,3,2026-07-10,Morning,1,1,0.5640193710747177
4808,3,2026-07-10,Afternoon,1,0,0.39193991086020824
4809,3,2026-07-10,Night,1,1,0.5695131069671884
4810,4,2026-07-10,Morning,0,0,0.3555517339321032
4811,4,2026-07-10,Afternoon,0,0,0.2349005902098284
4812,4,2026-07-10,Night,0,0,0.2382683717807431
4813,5,2026-07-10,Morning,0,0,0.2984752795409518
4814,5,2026-07-10,Afternoon,0,0,0.290829846611159
4815,5,2026-07-10,Night,0,0,0.36092820015776633
4816,1,2026-07-11,Morning,0,0,0.32966816822785955
4817,1,2026-07-11,Afternoon,0,0,0.40379751703731054
4818,1,2026-07-11,Night,0,0,0.3584021462675566
4819,2,2026-07-11,Morning,1,0,0.4649560200323453
4820,2,2026-07-11,Afternoon,1,0,0.4634008437226018
4821,2,2026-07-11,Night,1,0,0.43805583225889433
4822,3,2026-07-11,Morning,0,1,0.680314864735146
4823,3,2026-07-11,Afternoon,0,1,0.5153814824888333
4824,3,2026-07-11,Night,0,0,0.48457749079036355
4825,4,2026-07-11,Morning,0,0,0.29716372302650335
4826,4,2026-07-11,Afternoon,0,0,0.26424705743124705
4827,4,2026-07-11,Night,0,0,0.38139106667597056
4828,5,2026-07-11,Morning,1,0,0.45460467890790124
4829,5,2026-07-11,Afternoon,1,0,0.2833945818098326
4830,5,2026-07-11,Night,1,0,0.3617640310680646
4831,1,2026-07-12,Morning,0,0,0.43476543989202204
4832,1,2026-07-12,Afternoon,0,0,0.4545786242618061
4833,1,2026-07-12,Night,0,0,0.4514314249072376
4834,2,2026-07-12,Morning,0,0,0.4118726144099493
4835,2,2026-07-12,Afternoon,0,0,0.4665970727548561
4836,2,2026-07-12,Night,0,0,0.41543637766939656
4837,3,2026-07-12,Morning,0,0,0.44726046960844057
4838,3,2026-07-12,Afternoon,0,0,0.4970759300843923
4839,3,2026-07-12,Night,0,1,0.5055874727237838
4840,4,2026-07-12,Morning,0,0,0.2486181788049798
4841,4,2026-07-12,Afternoon,0,0,0.3710411773094426
4842,4,2026-07-12,Night,0,0,0.26847333789344263
4843,5,2026-07-12,Morning,1,0,0.2637870627907388
4844,5,2026-07-12,Afternoon,1,0,0.4190008594779239
4845,5,2026-07-12,Night,1,0,0.2599233092710069
4846,1,2026-07-13,Morning,0,0,0.37757288145811096
4847,1,2026-07-13,Afternoon,0,0,0.34283308866772716
4848,1,2026-07-13,Night,0,0,0.4092418959668831
4849,2,2026-07-13,Morning,0,0,0.37867305556891895
4850,2,2026-07-13,Afternoon,0,0,0.40631666329671245
4851,2,2026-07-13,Night,0,0,0.39849292067579006
4852,3,2026-07-13,Morning,0,1,0.57492071153289
4853,3,2026-07-13,Afternoon,0,1,0.6294185274339753
4854,3,2026-07-13,Night,0,1,0.5715307313161313
4855,4,2026-07-13,Morning,0,0,0.30282173655974776
4856,4,2026-07-13,Afternoon,0,0,0.3849473237368178
4857,4,2026-07-13,Night,0,0,0.3296696774904311
4858,5,2026-07-13,Morning,0,0,0.2633984151621601
4859,5,2026-07-13,Afternoon,0,0,0.3545780531127903
4860,5,2026-07-13,Night,0,0,0.3617693136310194
4861,1,2026-07-14,Morning,0,0,0.3301358228690364
4862,1,2026-07-14,Afternoon,0,0,0.30981018977609237
4863,1,2026-07-14,Night,0,0,0.39064645645997437
4864,2,2026-07-14,Morning,0,0,0.2918221332211104
4865,2,2026-07-14,Afternoon,0,0,0.35830011706957526
4866,2,2026-07-14,Night,0,0,0.3809770346609746
4867,3,2026-07-14,Morning,0,0,0.3737776981113436
4868,3,2026-07-14,Afternoon,0,0,0.474898693199166
4869,3,2026-07-14,Night,0,0,0.4960232361740059
4870,4,2026-07-14,Morning,0,0,0.2553193099813753
4871,4,2026-07-14,Afternoon,0,0,0.27122416215363854
4872,4,2026-07-14,Night,0,0,0.33823112237559805
4873,5,2026-07-14,Morning,0,0,0.32185482228472173
4874,5,2026-07-14,Afternoon,0,0,0.3353249236000453
4875,5,2026-07-14,Night,0,0,0.33988510976867414
4876,1,2026-07-15,Morning,0,1,0.5069561432621877
4877,1,2026-07-15,Afternoon,0,0,0.4577216831079273
4878,1,2026-07-15,Night,0,0,0.4750329268651013
4879,2,2026-07-15,Morning,0,0,0.41759608831919465
4880,2,2026-07-15,Afternoon,0,1,0.5596488750772065
4881,2,2026-07-15,Night,0,0,0.4729799978636629
4882,3,2026-07-15,Morning,0,0,0.4491190844661043
4883,3,2026-07-15,Afternoon,0,1,0.6325057227361308
4884,3,2026-07-15,Night,0,1,0.7789464387009919
4885,4,2026-07-15,Morning,0,0,0.4050182425468758
4886,4,2026-07-15,Afternoon,0,0,0.36285000358644176
4887,4,2026-07-15,Night,0,0,0.31003685449440993
4888,5,2026-07-15,Morning,1,0,0.43937561321969704
4889,5,2026-07-15,Afternoon,1,0,0.4030070482654946
4890,5,2026-07-15,Night,1,0,0.38122966378480183
4891,1,2026-07-16,Morning,0,0,0.40905043066117014
4892,1,2026-07-16,Afternoon,0,1,0.5242737386246032
4893,1,2026-07-16,Night,0,1,0.5534144683128233
4894,2,2026-07-16,Morning,1,0,0.4456154976559104
4895,2,2026-07-16,Afternoon,1,0,0.468493760011662
4896,2,2026-07-16,Night,1,0,0.36068023054437004
4897,3,2026-07-16,Morning,0,0,0.46870333467302105
4898,3,2026-07-16,Afternoon,0,1,0.6350860955740688
4899,3,2026-07-16,Night,0,1,0.5218212232399989
4900,4,2026-07-16,Morning,0,0,0.3181131783364737
4901,4,2026-07-16,Afternoon,0,0,0.29199667676066937
4902,4,2026-07-16,Night,0,0,0.2733920820274697
4903,5,2026-07-16,Morning,0,0,0.4734894862843286
4904,5,2026-07-16,Afternoon,0,0,0.4599195844957485
4905,5,2026-07-16,Night,0,0,0.34954630569524975
4906,1,2026-07-17,Morning,1,0,0.4284300155330621
4907,1,2026-07-17,Afternoon,1,0,0.4268038071098974
4908,1,2026-07-17,Night,1,0,0.48721292367877433
4909,2,2026-07-17,Morning,0,0,0.3452345739367477
4910,2,2026-07-17,Afternoon,0,1,0.5063890050275694
4911,2,2026-07-17,Night,0,0,0.3845653490733951
4912,3,2026-07-17,Morning,0,0,0.4058644505014966
4913,3,2026-07-17,Afternoon,0,1,0.6072167581799047
4914,3,2026-07-17,Night,0,1,0.521223392646296
4915,4,2026-07-17,Morning,0,0,0.31655410956927565
4916,4,2026-07-17,Afternoon,0,0,0.44182820980995974
4917,4,2026-07-17,Night,0,0,0.38265429359586983
4918,5,2026-07-17,Morning,0,0,0.40591733985129363
4919,5,2026-07-17,Afternoon,0,0,0.42142450472546694
4920,5,2026-07-17,Night,0,0,0.4059683344475359
4921,1,2026-07-18,Morning,0,0,0.34181670122696933
4922,1,2026-07-18,Afternoon,0,0,0.3378515213324315
4923,1,2026-07-18,Night,0,0,0.38606512960382683
4924,2,2026-07-18,Morning,0,0,0.43068438088755345
4925,2,2026-07-18,Afternoon,0,0,0.4104986057310143
4926,2,2026-07-18,Night,0,0,0.46807241748586004
4927,3,2026-07-18,Morning,1,1,0.6338016655363652
4928,3,2026-07-18,Afternoon,1,1,0.6070690424555125
4929,3,2026-07-18,Night,1,1,0.598882213277313
4930,4,2026-07-18,Morning,0,0,0.243349914128446
4931,4,2026-07-18,Afternoon,0,0,0.34722338082318804
4932,4,2026-07-18,Night,0,0,0.2966305856334708
4933,5,2026-07-18,Morning,0,0,0.3329500395313456
4934,5,2026-07-18,Afternoon,0,0,0.36913974840250335
4935,5,2026-07-18,Night,0,0,0.30280866177818266
4936,1,2026-07-19,Morning,0,0,0.4647557438289626
4937,1,2026-07-19,Afternoon,0,0,0.40908352168609924
4938,1,2026-07-19,Night,0,0,0.3740890991263749
4939,2,2026-07-19,Morning,0,0,0.35742992521509215
4940,2,2026-07-19,Afternoon,0,0,0.3239876570077152
4941,2,2026-07-19,Night,0,0,0.3768628836479921
4942,3,2026-07-19,Morning,1,1,0.5588393410706248
4943,3,2026-07-19,Afternoon,1,1,0.6407637527733171
4944,3,2026-07-19,Night,1,1,0.7086388567428868
4945,4,2026-07-19,Morning,0,0,0.2621421302428738
4946,4,2026-07-19,Afternoon,0,0,0.46520042747432655
4947,4,2026-07-19,Night,0,0,0.3714745627398073
4948,5,2026-07-19,Morning,0,0,0.32873971413326
4949,5,2026-07-19,Afternoon,0,0,0.35047804266385146
4950,5,2026-07-19,Night,0,0,0.3681702121749663
4951,1,2026-07-20,Morning,0,0,0.3820502649296143
4952,1,2026-07-20,Afternoon,0,0,0.47139497189641505
4953,1,2026-07-20,Night,0,0,0.3712754939652349
4954,2,2026-07-20,Morning,0,0,0.47497884496869036
4955,2,2026-07-20,Afternoon,0,0,0.41123958040519176
4956,2,2026-07-20,Night,0,0,0.42099519431552385
4957,3,2026-07-20,Morning,1,1,0.6603329834657125
4958,3,2026-07-20,Afternoon,1,1,0.6566480993072201
4959,3,2026-07-20,Night,1,1,0.5900261456655623
4960,4,2026-07-20,Morning,0,0,0.38719402607657616
4961,4,2026-07-20,Afternoon,0,0,0.4347557818773568
4962,4,2026-07-20,Night,0,0,0.3500116614643899
4963,5,2026-07-20,Morning,0,0,0.40619378677174744
4964,5,2026-07-20,Afternoon,0,0,0.35650433801204434
4965,5,2026-07-20,Night,0,0,0.3369815434152448
4966,1,2026-07-21,Morning,1,0,0.4518333097313132
4967,1,2026-07-21,Afternoon,1,0,0.4431959220868659
4968,1,2026-07-21,Night,1,0,0.3733870772746372
4969,2,2026-07-21,Morning,0,0,0.3992155120408879
4970,2,2026-07-21,Afternoon,0,0,0.3455661019215546
4971,2,2026-07-21,Night,0,0,0.41415258068517113
4972,3,2026-07-21,Morning,0,1,0.7676703513799582
4973,3,2026-07-21,Afternoon,0,1,0.5812376883323188
4974,3,2026-07-21,Night,0,1,0.6606378386459247
4975,4,2026-07-21,Morning,0,0,0.3297932151838759
4976,4,2026-07-21,Afternoon,0,0,0.22075247411317558
4977,4,2026-07-21,Night,0,0,0.40172039940276977
4978,5,2026-07-21,Morning,0,0,0.31882759664798904
4979,5,2026-07-21,Afternoon,0,0,0.28663673408493195
4980,5,2026-07-21,Night,0,0,0.27382669683148514
4981,1,2026-07-22,Morning,1,0,0.38628693950809756
4982,1,2026-07-22,Afternoon,1,0,0.42590395029026795
4983,1,2026-07-22,Night,1,0,0.40542999811328095
4984,2,2026-07-22,Morning,0,0,0.42406106187381293
4985,2,2026-07-22,Afternoon,0,0,0.44364022706819756
4986,2,2026-07-22,Night,0,0,0.35819601058508105
4987,3,2026-07-22,Morning,0,0,0.46968969068825556
4988,3,2026-07-22,Afternoon,0,1,0.6363405876186917
4989,3,2026-07-22,Night,0,1,0.529279321558495
4990,4,2026-07-22,Morning,0,0,0.34217341242678095
4991,4,2026-07-22,Afternoon,0,0,0.2777335475720902
4992,4,2026-07-22,Night,0,0,0.3319857497796845
4993,5,2026-07-22,Morning,1,0,0.27646267861110935
4994,5,2026-07-22,Afternoon,1,0,0.2798444373739143
4995,5,2026-07-22,Night,1,0,0.25788320279510274
4996,1,2026-07-23,Morning,1,0,0.31715821768936775
4997,1,2026-07-23,Afternoon,1,0,0.4428610669685363
4998,1,2026-07-23,Night,1,1,0.5662180710563995
4999,2,2026-07-23,Morning,0,0,0.3637610485624388
5000,2,2026-07-23,Afternoon,0,0,0.4885587184303616
5001,2,2026-07-23,Night,0,0,0.4524548730827439
5002,3,2026-07-23,Morning,0,1,0.6105368381743633
5003,3,2026-07-23,Afternoon,0,1,0.5826641290311059
5004,3,2026-07-23,Night,0,1,0.5566037604797779
5005,4,2026-07-23,Morning,0,0,0.31061257938763615
5006,4,2026-07-23,Afternoon,0,0,0.32556024350797624
5007,4,2026-07-23,Night,0,0,0.37418278407190547
5008,5,2026-07-23,Morning,0,0,0.4065688849393239
5009,5,2026-07-23,Afternoon,0,0,0.34833019447351626
5010,5,2026-07-23,Night,0,0,0.3439021527360314
5011,1,2026-07-24,Morning,1,0,0.34403101179583084
5012,1,2026-07-24,Afternoon,1,0,0.4076951626010859
5013,1,2026-07-24,Night,1,0,0.35556774844269423
5014,2,2026-07-24,Morning,0,0,0.4007249310703214
5015,2,2026-07-24,Afternoon,0,0,0.4066618165913869
5016,2,2026-07-24,Night,0,0,0.418028698056841
5017,3,2026-07-24,Morning,0,1,0.5234117288910731
5018,3,2026-07-24,Afternoon,0,1,0.7449137685010531
5019,3,2026-07-24,Night,0,1,0.5536979002300995
5020,4,2026-07-24,Morning,0,0,0.4044245643375453
5021,4,2026-07-24,Afternoon,0,0,0.35310094668173037
5022,4,2026-07-24,Night,0,0,0.4329355139456005
5023,5,2026-07-24,Morning,0,0,0.1771376648963509
5024,5,2026-07-24,Afternoon,0,0,0.25346095445330097
5025,5,2026-07-24,Night,0,0,0.2064063321478756
5026,1,2026-07-25,Morning,0,0,0.37684308072454614
5027,1,2026-07-25,Afternoon,0,0,0.41043673721039303
5028,1,2026-07-25,Night,0,0,0.3951637235095293
5029,2,2026-07-25,Morning,0,0,0.3398549659175789
5030,2,2026-07-25,Afternoon,0,0,0.41359959473342955
5031,2,2026-07-25,Night,0,0,0.39712868669828416
5032,3,2026-07-25,Morning,0,1,0.7457445315025084
5033,3,2026-07-25,Afternoon,0,1,0.801280544902869
5034,3,2026-07-25,Night,0,1,0.5663633870197112
5035,4,2026-07-25,Morning,0,0,0.38909990801605226
5036,4,2026-07-25,Afternoon,0,0,0.29404388630301137
5037,4,2026-07-25,Night,0,0,0.31582844347598693
5038,5,2026-07-25,Morning,0,0,0.391050443514267
5039,5,2026-07-25,Afternoon,0,0,0.24167765766694455
5040,5,2026-07-25,Night,0,0,0.36637472563441725
5041,1,2026-07-26,Morning,0,0,0.37559004018582554
5042,1,2026-07-26,Afternoon,0,0,0.44162146856326945
5043,1,2026-07-26,Night,0,0,0.42373706887844936
5044,2,2026-07-26,Morning,1,0,0.41329943986583473
5045,2,2026-07-26,Afternoon,1,0,0.45403888935508463
5046,2,2026-07-26,Night,1,0,0.4502003397753889
5047,3,2026-07-26,Morning,1,1,0.6014519590660093
5048,3,2026-07-26,Afternoon,1,1,0.7218386025909257
5049,3,2026-07-26,Night,1,1,0.506506267940638
5050,4,2026-07-26,Morning,0,0,0.20622200946126137
5051,4,2026-07-26,Afternoon,0,0,0.31061179735701194
5052,4,2026-07-26,Night,0,0,0.3181466799216632
5053,5,2026-07-26,Morning,0,0,0.28296125225491836
5054,5,2026-07-26,Afternoon,0,0,0.32380501416543606
5055,5,2026-07-26,Night,0,0,0.27725791291582513
5056,1,2026-07-27,Morning,1,0,0.3684343729412426
5057,1,2026-07-27,Afternoon,1,0,0.3269967392933403
5058,1,2026-07-27,Night,1,0,0.32682023025143037
5059,2,2026-07-27,Morning,0,0,0.30856533237116957
5060,2,2026-07-27,Afternoon,0,0,0.29541204531210646
5061,2,2026-07-27,Night,0,0,0.46011105682694137
5062,3,2026-07-27,Morning,1,1,0.5694946051944797
5063,3,2026-07-27,Afternoon,1,1,0.6049296704429219
5064,3,2026-07-27,Night,1,1,0.7150782724309999
5065,4,2026-07-27,Morning,1,0,0.3147018563876952
5066,4,2026-07-27,Afternoon,1,0,0.34106951804490565
5067,4,2026-07-27,Night,1,0,0.4099189961034399
5068,5,2026-07-27,Morning,1,0,0.24550103394663025
5069,5,2026-07-27,Afternoon,1,0,0.2758635947859799
5070,5,2026-07-27,Night,1,0,0.26730288268604346
5071,1,2026-07-28,Morning,1,0,0.42074494878160146
5072,1,2026-07-28,Afternoon,1,0,0.43146281458016866
5073,1,2026-07-28,Night,1,0,0.3119030146898191
5074,2,2026-07-28,Morning,1,0,0.35839305522658144
5075,2,2026-07-28,Afternoon,1,0,0.4135653016204266
5076,2,2026-07-28,Night,1,0,0.4494345232971398
5077,3,2026-07-28,Morning,1,1,0.644372846029253
5078,3,2026-07-28,Afternoon,1,1,0.6064974523933132
5079,3,2026-07-28,Night,1,1,0.5556589217582462
5080,4,2026-07-28,Morning,0,0,0.33401755292596663
5081,4,2026-07-28,Afternoon,0,0,0.27167930596424356
5082,4,2026-07-28,Night,0,0,0.3360302913666905
5083,5,2026-07-28,Morning,0,0,0.35411562470574137
5084,5,2026-07-28,Afternoon,0,0,0.35310670857033133
5085,5,2026-07-28,Night,0,0,0.37577822162638713
5086,1,2026-07-29,Morning,0,0,0.4241672315579739
5087,1,2026-07-29,Afternoon,0,0,0.3255721786102953
5088,1,2026-07-29,Night,0,0,0.2782476039568455
5089,2,2026-07-29,Morning,0,0,0.44555957246406536
5090,2,2026-07-29,Afternoon,0,0,0.40977709871490037
5091,2,2026-07-29,Night,0,0,0.43524103831100225
5092,3,2026-07-29,Morning,1,1,0.6794372830468666
5093,3,2026-07-29,Afternoon,1,1,0.5842854781088724
5094,3,2026-07-29,Night,1,1,0.6956607388408195
5095,4,2026-07-29,Morning,0,0,0.3681489609206565
5096,4,2026-07-29,Afternoon,0,0,0.2446327017506959
5097,4,2026-07-29,Night,0,0,0.381795402893916
5098,5,2026-07-29,Morning,0,0,0.3783337862133799
5099,5,2026-07-29,Afternoon,0,0,0.4050994811021219
5100,5,2026-07-29,Night,0,0,0.36582725857331155
5101,1,2026-07-30,Morning,0,0,0.37504336659602544
5102,1,2026-07-30,Afternoon,0,0,0.3403480743618176
5103,1,2026-07-30,Night,0,0,0.40648464017022995
5104,2,2026-07-30,Morning,0,1,0.5452691190777146
5105,2,2026-07-30,Afternoon,0,1,0.5025366319120214
5106,2,2026-07-30,Night,0,0,0.4660857529191432
5107,3,2026-07-30,Morning,0,0,0.48599584684448294
5108,3,2026-07-30,Afternoon,0,1,0.5810260000545268
5109,3,2026-07-30,Night,0,1,0.5287467542714056
5110,4,2026-07-30,Morning,1,0,0.3876950824123402
5111,4,2026-07-30,Afternoon,1,0,0.29086697359658603
5112,4,2026-07-30,Night,1,0,0.29985319849206155
5113,5,2026-07-30,Morning,0,0,0.3605706180342667
5114,5,2026-07-30,Afternoon,0,0,0.3021737262599878
5115,5,2026-07-30,Night,0,0,0.34547075886864165
5116,1,2026-07-31,Morning,0,0,0.46392504423600484
5117,1,2026-07-31,Afternoon,0,0,0.3953796308246193
5118,1,2026-07-31,Night,0,0,0.4676227590360335
5119,2,2026-07-31,Morning,0,1,0.5502224339434676
5120,2,2026-07-31,Afternoon,0,0,0.47954244079536407
5121,2,2026-07-31,Night,0,1,0.5402314142859815
5122,3,2026-07-31,Morning,1,1,0.6116227152886277
5123,3,2026-07-31,Afternoon,1,1,0.6328159089918318
5124,3,2026-07-31,Night,1,0,0.4766386662843098
5125,4,2026-07-31,Morning,0,0,0.34419538268298155
5126,4,2026-07-31,Afternoon,0,0,0.23913967237213943
5127,4,2026-07-31,Night,0,0,0.2987775728135859
5128,5,2026-07-31,Morning,0,0,0.36301791478185313
5129,5,2026-07-31,Afternoon,0,0,0.3097022398281609
5130,5,2026-07-31,Night,0,0,0.3676166317964459
5131,1,2026-08-01,Morning,0,0,0.46549803511071586
5132,1,2026-08-01,Afternoon,0,0,0.33224834582576174
5133,1,2026-08-01,Night,0,0,0.41851827085072857
5134,2,2026-08-01,Morning,0,0,0.4539843925778671
5135,2,2026-08-01,Afternoon,0,1,0.5612725189994441
5136,2,2026-08-01,Night,0,1,0.5310901242161961
5137,3,2026-08-01,Morning,1,1,0.5916479610044285
5138,3,2026-08-01,Afternoon,1,1,0.5567868944164971
5139,3,2026-08-01,Night,1,1,0.656062217939127
5140,4,2026-08-01,Morning,0,0,0.36625182638145043
5141,4,2026-08-01,Afternoon,0,0,0.36216552974347477
5142,4,2026-08-01,Night,0,0,0.364011351104744
5143,5,2026-08-01,Morning,0,0,0.46014146310640663
5144,5,2026-08-01,Afternoon,0,0,0.4376771812661108
5145,5,2026-08-01,Night,0,0,0.3786660990716735
5146,1,2026-08-02,Morning,0,0,0.3031767698986451
5147,1,2026-08-02,Afternoon,0,0,0.4115424887226098
5148,1,2026-08-02,Night,0,0,0.30064245638440545
5149,2,2026-08-02,Morning,1,0,0.4538807515521854
5150,2,2026-08-02,Afternoon,1,1,0.5285446602616372
5151,2,2026-08-02,Night,1,0,0.4791017528639358
5152,3,2026-08-02,Morning,0,1,0.681214539174545
5153,3,2026-08-02,Afternoon,0,1,0.6929321097750999
5154,3,2026-08-02,Night,0,1,0.5944493518057795
5155,4,2026-08-02,Morning,0,0,0.46798612464409783
5156,4,2026-08-02,Afternoon,0,0,0.4077471583727039
5157,4,2026-08-02,Night,0,0,0.3136667544331988
5158,5,2026-08-02,Morning,0,0,0.427313971639806
5159,5,2026-08-02,Afternoon,0,0,0.3010189040438551
5160,5,2026-08-02,Night,0,0,0.2692590282001826
5161,1,2026-08-03,Morning,0,0,0.30839553050709706
5162,1,2026-08-03,Afternoon,0,0,0.3304960193311157
5163,1,2026-08-03,Night,0,0,0.37653013424892084
5164,2,2026-08-03,Morning,0,1,0.5335210766030049
5165,2,2026-08-03,Afternoon,0,0,0.38889017632857537
5166,2,2026-08-03,Night,0,0,0.4497904654398256
5167,3,2026-08-03,Morning,0,1,0.6060034307232929
5168,3,2026-08-03,Afternoon,0,1,0.5966776837397411
5169,3,2026-08-03,Night,0,1,0.5761794520996805
5170,4,2026-08-03,Morning,0,0,0.19359359018312172
5171,4,2026-08-03,Afternoon,0,0,0.291291662769219
5172,4,2026-08-03,Night,0,0,0.38008902549294393
5173,5,2026-08-03,Morning,0,0,0.23752262179920133
5174,5,2026-08-03,Afternoon,0,0,0.3697677080607855
5175,5,2026-08-03,Night,0,0,0.42282657761731857
5176,1,2026-08-04,Morning,0,0,0.40099093212789355
5177,1,2026-08-04,Afternoon,0,0,0.4298534204285669
5178,1,2026-08-04,Night,0,0,0.3597322996060259
5179,2,2026-08-04,Morning,0,0,0.3832175088144981
5180,2,2026-08-04,Afternoon,0,0,0.3559934231956602
5181,2,2026-08-04,Night,0,1,0.5062392822702446
5182,3,2026-08-04,Morning,1,1,0.5717124917521613
5183,3,2026-08-04,Afternoon,1,1,0.5051719404982843
5184,3,2026-08-04,Night,1,0,0.4743799832629742
5185,4,2026-08-04,Morning,0,0,0.33630563805067387
5186,4,2026-08-04,Afternoon,0,0,0.3573279618085117
5187,4,2026-08-04,Night,0,0,0.279920885649755
5188,5,2026-08-04,Morning,1,0,0.31902190644329814
5189,5,2026-08-04,Afternoon,1,0,0.3169520072504121
5190,5,2026-08-04,Night,1,0,0.3796466873645841
5191,1,2026-08-05,Morning,0,0,0.3636755220607632
5192,1,2026-08-05,Afternoon,0,0,0.2777031707544303
5193,1,2026-08-05,Night,0,0,0.34308830912174654
5194,2,2026-08-05,Morning,0,1,0.5009275184905052
5195,2,2026-08-05,Afternoon,0,1,0.5367020682845656
5196,2,2026-08-05,Night,0,0,0.4462269049930211
5197,3,2026-08-05,Morning,1,0,0.48177910718831185
5198,3,2026-08-05,Afternoon,1,1,0.5009193816106925
5199,3,2026-08-05,Night,1,0,0.48693680455050325
5200,4,2026-08-05,Morning,0,0,0.3184911428665792
5201,4,2026-08-05,Afternoon,0,0,0.4595626177912272
5202,4,2026-08-05,Night,0,0,0.35185323290692294
5203,5,2026-08-05,Morning,0,0,0.4050004057218727
5204,5,2026-08-05,Afternoon,0,0,0.39462818889276907
5205,5,2026-08-05,Night,0,0,0.38575404293570864
5206,1,2026-08-06,Morning,0,0,0.4217004935188293
5207,1,2026-08-06,Afternoon,0,0,0.3883419951241376
5208,1,2026-08-06,Night,0,0,0.46664734602401825
5209,2,2026-08-06,Morning,0,0,0.45909042897613783
5210,2,2026-08-06,Afternoon,0,1,0.5339961902148582
5211,2,2026-08-06,Night,0,1,0.5718399866746199
5212,3,2026-08-06,Morning,0,0,0.49390160564817015
5213,3,2026-08-06,Afternoon,0,1,0.5254266190887185
5214,3,2026-08-06,Night,0,0,0.3386591562380778
5215,4,2026-08-06,Morning,0,0,0.30713411948781755
5216,4,2026-08-06,Afternoon,0,0,0.2586546848383311
5217,4,2026-08-06,Night,0,0,0.3487684691468561
5218,5,2026-08-06,Morning,0,0,0.22557955282878694
5219,5,2026-08-06,Afternoon,0,0,0.34417176340333905
5220,5,2026-08-06,Night,0,0,0.35748728135228913
5221,1,2026-08-07,Morning,0,1,0.5042734924047926
5222,1,2026-08-07,Afternoon,0,0,0.38935296081388193
5223,1,2026-08-07,Night,0,0,0.40110417930457914
5224,2,2026-08-07,Morning,0,1,0.504949158289273
5225,2,2026-08-07,Afternoon,0,0,0.36147689448750514
5226,2,2026-08-07,Night,0,0,0.49409302438557784
5227,3,2026-08-07,Morning,0,1,0.5378741156207122
5228,3,2026-08-07,Afternoon,0,1,0.6097194876858851
5229,3,2026-08-07,Night,0,1,0.5516079183078643
5230,4,2026-08-07,Morning,0,0,0.3302585007372775
5231,4,2026-08-07,Afternoon,0,0,0.3199742033137438
5232,4,2026-08-07,Night,0,0,0.2905566530343564
5233,5,2026-08-07,Morning,0,0,0.304215545206358
5234,5,2026-08-07,Afternoon,0,0,0.33303739340692656
5235,5,2026-08-07,Night,0,0,0.2665273118966216
5236,1,2026-08-08,Morning,0,0,0.4816827281628903
5237,1,2026-08-08,Afternoon,0,0,0.4464554842939901
5238,1,2026-08-08,Night,0,0,0.4048521156660201
5239,2,2026-08-08,Morning,1,0,0.4076990573850674
5240,2,2026-08-08,Afternoon,1,0,0.4213879812028299
5241,2,2026-08-08,Night,1,1,0.5699809406468752
5242,3,2026-08-08,Morning,1,1,0.5051893293033215
5243,3,2026-08-08,Afternoon,1,1,0.6200061283024679
5244,3,2026-08-08,Night,1,1,0.6702197353066569
5245,4,2026-08-08,Morning,1,0,0.3679595778536734
5246,4,2026-08-08,Afternoon,1,0,0.33444175300115203
5247,4,2026-08-08,Night,1,0,0.2691746903832293
5248,5,2026-08-08,Morning,0,0,0.33387803073237105
5249,5,2026-08-08,Afternoon,0,0,0.4325791174137776
5250,5,2026-08-08,Night,0,0,0.4107790117993453
5251,1,2026-08-09,Morning,0,0,0.4160353260381215
5252,1,2026-08-09,Afternoon,0,0,0.41690772397223347
5253,1,2026-08-09,Night,0,0,0.47015286145067714
5254,2,2026-08-09,Morning,1,1,0.5599438226313109
5255,2,2026-08-09,Afternoon,1,0,0.4588294376418443
5256,2,2026-08-09,Night,1,1,0.5713610917874703
5257,3,2026-08-09,Morning,0,1,0.6462684923139606
5258,3,2026-08-09,Afternoon,0,0,0.36078290502717203
5259,3,2026-08-09,Night,0,0,0.4718036282458907
5260,4,2026-08-09,Morning,1,0,0.23765703872522626
5261,4,2026-08-09,Afternoon,1,0,0.2548057336660119
5262,4,2026-08-09,Night,1,0,0.24600978875548074
5263,5,2026-08-09,Morning,0,0,0.37512352231608204
5264,5,2026-08-09,Afternoon,0,0,0.32040501963630047
5265,5,2026-08-09,Night,0,0,0.41070245475763273
5266,1,2026-08-10,Morning,0,0,0.3510033233804827
5267,1,2026-08-10,Afternoon,0,0,0.29105254230917965
5268,1,2026-08-10,Night,0,0,0.29420269857030873
5269,2,2026-08-10,Morning,0,0,0.39079270300679175
5270,2,2026-08-10,Afternoon,0,0,0.3762291381597243
5271,2,2026-08-10,Night,0,0,0.3677393082732565
5272,3,2026-08-10,Morning,1,0,0.47194616648581944
5273,3,2026-08-10,Afternoon,1,0,0.4552316364822878
5274,3,2026-08-10,Night,1,0,0.4509099126362623
5275,4,2026-08-10,Morning,0,0,0.3726635064006817
5276,4,2026-08-10,Afternoon,0,0,0.3810048482959281
5277,4,2026-08-10,Night,0,0,0.4266508978174633
5278,5,2026-08-10,Morning,1,0,0.3719530431786347
5279,5,2026-08-10,Afternoon,1,0,0.3264284499944254
5280,5,2026-08-10,Night,1,0,0.2795655568263992
5281,1,2026-08-11,Morning,0,0,0.3316464242546419
5282,1,2026-08-11,Afternoon,0,0,0.3775217360671601
5283,1,2026-08-11,Night,0,0,0.3649655609500302
5284,2,2026-08-11,Morning,0,1,0.5360376746391191
5285,2,2026-08-11,Afternoon,0,0,0.3409958483614125
5286,2,2026-08-11,Night,0,0,0.29426831390401853
5287,3,2026-08-11,Morning,1,0,0.45007567427955725
5288,3,2026-08-11,Afternoon,1,1,0.5133400018426691
5289,3,2026-08-11,Night,1,0,0.49642502282536277
5290,4,2026-08-11,Morning,0,0,0.20569938447492228
5291,4,2026-08-11,Afternoon,0,0,0.29039462360452073
5292,4,2026-08-11,Night,0,0,0.28905498026030296
5293,5,2026-08-11,Morning,0,0,0.30865813654138596
5294,5,2026-08-11,Afternoon,0,0,0.3608809883414742
5295,5,2026-08-11,Night,0,0,0.34214484053160715
5296,1,2026-08-12,Morning,0,0,0.4031872922670886
5297,1,2026-08-12,Afternoon,0,0,0.39444890548585465
5298,1,2026-08-12,Night,0,0,0.43124833495385084
5299,2,2026-08-12,Morning,0,0,0.39962467630656584
5300,2,2026-08-12,Afternoon,0,0,0.439531834775498
5301,2,2026-08-12,Night,0,0,0.48550363705138283
5302,3,2026-08-12,Morning,0,0,0.48727013592126234
5303,3,2026-08-12,Afternoon,0,0,0.38671957943847396
5304,3,2026-08-12,Night,0,0,0.39389536332001274
5305,4,2026-08-12,Morning,0,0,0.3217015463152327
5306,4,2026-08-12,Afternoon,0,0,0.3041720119272523
5307,4,2026-08-12,Night,0,0,0.23438844745350176
5308,5,2026-08-12,Morning,0,0,0.39773201998029717
5309,5,2026-08-12,Afternoon,0,0,0.4142605648374492
5310,5,2026-08-12,Night,0,0,0.39095193994416766
5311,1,2026-08-13,Morning,0,0,0.47301030849322645
5312,1,2026-08-13,Afternoon,0,1,0.5515271503137659
5313,1,2026-08-13,Night,0,0,0.36032209656795583
5314,2,2026-08-13,Morning,0,0,0.3945220672020241
5315,2,2026-08-13,Afternoon,0,1,0.5021696254796116
5316,2,2026-08-13,Night,0,0,0.3810249268112435
5317,3,2026-08-13,Morning,0,0,0.4643436417506002
5318,3,2026-08-13,Afternoon,0,1,0.746096266936364
5319,3,2026-08-13,Night,0,1,0.6041901006414622
5320,4,2026-08-13,Morning,0,0,0.31171459504178883
5321,4,2026-08-13,Afternoon,0,0,0.3111277263264924
5322,4,2026-08-13,Night,0,0,0.31633902483291715
5323,5,2026-08-13,Morning,0,0,0.4358266985061179
5324,5,2026-08-13,Afternoon,0,0,0.4952235411265484
5325,5,2026-08-13,Night,0,0,0.3966529423534524
5326,1,2026-08-14,Morning,1,0,0.388900313009604
5327,1,2026-08-14,Afternoon,1,0,0.3992503946622067
5328,1,2026-08-14,Night,1,0,0.45352687946477355
5329,2,2026-08-14,Morning,0,0,0.4472916928931249
5330,2,2026-08-14,Afternoon,0,0,0.391592331967761
5331,2,2026-08-14,Night,0,0,0.39577450289772925
5332,3,2026-08-14,Morning,1,0,0.45807168150217487
5333,3,2026-08-14,Afternoon,1,0,0.40974029951213264
5334,3,2026-08-14,Night,1,0,0.3927036858254049
5335,4,2026-08-14,Morning,0,0,0.2747920236938329
5336,4,2026-08-14,Afternoon,0,0,0.29926562147494645
5337,4,2026-08-14,Night,0,0,0.2552994680521266
5338,5,2026-08-14,Morning,0,0,0.3873673712654372
5339,5,2026-08-14,Afternoon,0,0,0.4010611118947663
5340,5,2026-08-14,Night,0,0,0.32295225592003984
5341,1,2026-08-15,Morning,0,0,0.3716060629519699
5342,1,2026-08-15,Afternoon,0,0,0.3938469957419461
5343,1,2026-08-15,Night,0,0,0.3826549340205178
5344,2,2026-08-15,Morning,0,0,0.397379629212455
5345,2,2026-08-15,Afternoon,0,0,0.43553452455308256
5346,2,2026-08-15,Night,0,0,0.405996039224428
5347,3,2026-08-15,Morning,1,1,0.5232177141781794
5348,3,2026-08-15,Afternoon,1,1,0.5961054998545694
5349,3,2026-08-15,Night,1,1,0.5911737150068328
5350,4,2026-08-15,Morning,0,0,0.3401729838367901
5351,4,2026-08-15,Afternoon,0,0,0.37529645499246334
5352,4,2026-08-15,Night,0,0,0.33909251199241
5353,5,2026-08-15,Morning,0,0,0.22895567829152355
5354,5,2026-08-15,Afternoon,0,0,0.34079166684205775
5355,5,2026-08-15,Night,0,0,0.3361672536659934
5356,1,2026-08-16,Morning,0,0,0.3910657482274397
5357,1,2026-08-16,Afternoon,0,0,0.3069974650202637
5358,1,2026-08-16,Night,0,0,0.38376521455342566
5359,2,2026-08-16,Morning,1,0,0.44878366871104647
5360,2,2026-08-16,Afternoon,1,0,0.4704768699822968
5361,2,2026-08-16,Night,1,0,0.3857687391488965
5362,3,2026-08-16,Morning,1,1,0.5603524588533175
5363,3,2026-08-16,Afternoon,1,0,0.45743530068061955
5364,3,2026-08-16,Night,1,0,0.4575367545297431
5365,4,2026-08-16,Morning,0,0,0.3889411922445071
5366,4,2026-08-16,Afternoon,0,0,0.3591251322010035
5367,4,2026-08-16,Night,0,0,0.29865313146807915
5368,5,2026-08-16,Morning,0,0,0.3513964811528405
5369,5,2026-08-16,Afternoon,0,0,0.38402241973691353
5370,5,2026-08-16,Night,0,0,0.31533724834628185
5371,1,2026-08-17,Morning,1,0,0.32137079824311354
5372,1,2026-08-17,Afternoon,1,0,0.25168820532709907
5373,1,2026-08-17,Night,1,0,0.31308569897336064
5374,2,2026-08-17,Morning,0,0,0.42281117174050015
5375,2,2026-08-17,Afternoon,0,0,0.45638970379319443
5376,2,2026-08-17,Night,0,0,0.3540590459192179
5377,3,2026-08-17,Morning,1,1,0.5543750876231717
5378,3,2026-08-17,Afternoon,1,0,0.4644729980543549
5379,3,2026-08-17,Night,1,1,0.538168258350079
5380,4,2026-08-17,Morning,0,0,0.24131229089236295
5381,4,2026-08-17,Afternoon,0,0,0.27807392532513225
5382,4,2026-08-17,Night,0,0,0.32763966391144983
5383,5,2026-08-17,Morning,0,0,0.2317651306201002
5384,5,2026-08-17,Afternoon,0,0,0.32868196851874726
5385,5,2026-08-17,Night,0,0,0.3264900533698399
5386,1,2026-08-18,Morning,1,0,0.25864264424769345
5387,1,2026-08-18,Afternoon,1,0,0.40030259054123507
5388,1,2026-08-18,Night,1,0,0.4091338312668876
5389,2,2026-08-18,Morning,1,0,0.446136176329247
5390,2,2026-08-18,Afternoon,1,0,0.3283568629182612
5391,2,2026-08-18,Night,1,0,0.4398972341794952
5392,3,2026-08-18,Morning,1,1,0.6243770017299094
5393,3,2026-08-18,Afternoon,1,1,0.6712731941651139
5394,3,2026-08-18,Night,1,0,0.482372483721084
5395,4,2026-08-18,Morning,0,0,0.2805430294612888
5396,4,2026-08-18,Afternoon,0,0,0.40499120580451553
5397,4,2026-08-18,Night,0,0,0.34613770194592497
5398,5,2026-08-18,Morning,0,0,0.299409123844514
5399,5,2026-08-18,Afternoon,0,0,0.4064978547748396
5400,5,2026-08-18,Night,0,0,0.3863567780719801
5401,1,2026-08-19,Morning,0,0,0.43933536839803966
5402,1,2026-08-19,Afternoon,0,0,0.4819152726104436
5403,1,2026-08-19,Night,0,0,0.23271553438215004
5404,2,2026-08-19,Morning,0,0,0.4232668372855852
5405,2,2026-08-19,Afternoon,0,0,0.37291161819899715
5406,2,2026-08-19,Night,0,1,0.5149089634052922
5407,3,2026-08-19,Morning,1,1,0.6953942741763122
5408,3,2026-08-19,Afternoon,1,1,0.7089580772062024
5409,3,2026-08-19,Night,1,1,0.60353320433118
5410,4,2026-08-19,Morning,0,0,0.4622289714258801
5411,4,2026-08-19,Afternoon,0,0,0.3583566180918758
5412,4,2026-08-19,Night,0,0,0.3415920020835577
5413,5,2026-08-19,Morning,0,0,0.328468395936374
5414,5,2026-08-19,Afternoon,0,0,0.3491121151994931
5415,5,2026-08-19,Night,0,0,0.3258580841036885
5416,1,2026-08-20,Morning,0,0,0.32763128545108544
5417,1,2026-08-20,Afternoon,0,0,0.3412613572946272
5418,1,2026-08-20,Night,0,0,0.32599768804563606
5419,2,2026-08-20,Morning,1,0,0.48864676531438844
5420,2,2026-08-20,Afternoon,1,0,0.4197030238030155
5421,2,2026-08-20,Night,1,0,0.38875687633399814
5422,3,2026-08-20,Morning,0,1,0.6244361878269538
5423,3,2026-08-20,Afternoon,0,1,0.6925607558144808
5424,3,2026-08-20,Night,0,1,0.6507055875641831
5425,4,2026-08-20,Morning,0,0,0.30081578887626936
5426,4,2026-08-20,Afternoon,0,0,0.4384051750478824
5427,4,2026-08-20,Night,0,1,0.5371349768916044
5428,5,2026-08-20,Morning,1,0,0.36680126279871383
5429,5,2026-08-20,Afternoon,1,0,0.37407142507533264
5430,5,2026-08-20,Night,1,0,0.46108427885604814
5431,1,2026-08-21,Morning,0,0,0.4085793740703307
5432,1,2026-08-21,Afternoon,0,0,0.3835081828481645
5433,1,2026-08-21,Night,0,0,0.32945295110120565
5434,2,2026-08-21,Morning,0,0,0.41671805160517844
5435,2,2026-08-21,Afternoon,0,0,0.41736825356745993
5436,2,2026-08-21,Night,0,0,0.39865103306346883
5437,3,2026-08-21,Morning,1,1,0.6911354012037412
5438,3,2026-08-21,Afternoon,1,1,0.6762064682343437
5439,3,2026-08-21,Night,1,0,0.45923303144205607
5440,4,2026-08-21,Morning,0,0,0.2757823705784815
5441,4,2026-08-21,Afternoon,0,0,0.30282644186001345
5442,4,2026-08-21,Night,0,0,0.22917240364134522
5443,5,2026-08-21,Morning,0,0,0.3110169271380952
5444,5,2026-08-21,Afternoon,0,0,0.33894762004024465
5445,5,2026-08-21,Night,0,0,0.37634570497982217
5446,1,2026-08-22,Morning,0,1,0.5072104006361726
5447,1,2026-08-22,Afternoon,0,1,0.5189673374856497
5448,1,2026-08-22,Night,0,1,0.5052611761054493
5449,2,2026-08-22,Morning,1,0,0.44803020177078157
5450,2,2026-08-22,Afternoon,1,0,0.4859494468248979
5451,2,2026-08-22,Night,1,0,0.4101729861068453
5452,3,2026-08-22,Morning,0,1,0.5924585907867774
5453,3,2026-08-22,Afternoon,0,1,0.6234080628445964
5454,3,2026-08-22,Night,0,1,0.7201151233423418
5455,4,2026-08-22,Morning,0,0,0.39279936856421327
5456,4,2026-08-22,Afternoon,0,0,0.31938216460679064
5457,4,2026-08-22,Night,0,0,0.36022562538782815
5458,5,2026-08-22,Morning,0,0,0.3598872451962648
5459,5,2026-08-22,Afternoon,0,0,0.3354883807790395
5460,5,2026-08-22,Night,0,0,0.46499894489401394
5461,1,2026-08-23,Morning,0,0,0.37717079704847
5462,1,2026-08-23,Afternoon,0,0,0.34855442592845026
5463,1,2026-08-23,Night,0,0,0.40446916174633507
5464,2,2026-08-23,Morning,0,0,0.43610638036103383
5465,2,2026-08-23,Afternoon,0,0,0.45015833506973346
5466,2,2026-08-23,Night,0,0,0.43156155425224846
5467,3,2026-08-23,Morning,0,1,0.6084265163454567
5468,3,2026-08-23,Afternoon,0,1,0.5405692206120517
5469,3,2026-08-23,Night,0,1,0.5087505060820933
5470,4,2026-08-23,Morning,0,0,0.2621733766335734
5471,4,2026-08-23,Afternoon,0,0,0.21415613390958038
5472,4,2026-08-23,Night,0,0,0.2711261848143915
5473,5,2026-08-23,Morning,0,0,0.41656978493988733
5474,5,2026-08-23,Afternoon,0,0,0.46716881087252027
5475,5,2026-08-23,Night,0,0,0.3453407885725251
