production_id,machine_id,production_date,shift,units_produced,units_rejected,production_time_hours,target_id,target_date,target_quantity,target_achievement_percent,total_output,rejection_rate_percent,production_rate_per_hour,total_defects,defect_type_count,quality_defect_rate_percent,total_downtime_hours,downtime_event_count,average_downtime_hours,available_hours,operating_hours,utilization_percent,sensor_value_mean,sensor_value_min,sensor_value_max,sensor_value_std,sensor_reading_count,maintenance_event_count,total_maintenance_downtime,average_maintenance_downtime,total_maintenance_cost,completed_maintenance_count,production_day,production_month,production_day_of_week,is_weekend,shift_encoded,previous_units_produced,previous_rejection_rate,rolling_3_production_avg,rolling_3_rejection_avg
1,1,2026-07-20,Morning,969,59,8.0,1,2026-07-20,998,97.09,1028,5.74,121.12,17,1,1.65,7.0600000000000005,4,1.76,720.0,712.94,99.02,36.48,1.31,76.56,33.65,180,2,6.74,3.37,12156.97,1,20,7,0,0,0,,,,
2,1,2026-07-20,Afternoon,944,48,8.0,2,2026-07-20,1012,93.28,992,4.84,118.0,9,1,0.91,7.0600000000000005,4,1.76,720.0,712.94,99.02,36.48,1.31,76.56,33.65,180,2,6.74,3.37,12156.97,1,20,7,0,0,1,969.0,5.74,969.0,5.74
3,1,2026-07-20,Night,940,13,8.0,3,2026-07-20,1003,93.72,953,1.36,117.5,3,1,0.31,7.0600000000000005,4,1.76,720.0,712.94,99.02,36.48,1.31,76.56,33.65,180,2,6.74,3.37,12156.97,1,20,7,0,0,2,944.0,4.84,956.5,5.29
16,1,2026-07-21,Morning,954,20,8.0,16,2026-07-21,974,97.95,974,2.05,119.25,6,1,0.62,7.0600000000000005,4,1.76,720.0,712.94,99.02,36.48,1.31,76.56,33.65,180,2,6.74,3.37,12156.97,1,21,7,1,0,0,940.0,1.36,951.0,3.98
17,1,2026-07-21,Afternoon,925,53,8.0,17,2026-07-21,978,94.58,978,5.42,115.62,14,1,1.43,7.0600000000000005,4,1.76,720.0,712.94,99.02,36.48,1.31,76.56,33.65,180,2,6.74,3.37,12156.97,1,21,7,1,0,1,954.0,2.05,946.0,2.75
18,1,2026-07-21,Night,938,38,8.0,18,2026-07-21,1021,91.87,976,3.89,117.25,12,1,1.23,7.0600000000000005,4,1.76,720.0,712.94,99.02,36.48,1.31,76.56,33.65,180,2,6.74,3.37,12156.97,1,21,7,1,0,2,925.0,5.42,939.67,2.94
31,1,2026-07-22,Morning,962,14,8.0,31,2026-07-22,1025,93.85,976,1.43,120.25,2,1,0.2,7.0600000000000005,4,1.76,720.0,712.94,99.02,36.48,1.31,76.56,33.65,180,2,6.74,3.37,12156.97,1,22,7,2,0,0,938.0,3.89,939.0,3.79
32,1,2026-07-22,Afternoon,934,73,8.0,32,2026-07-22,982,95.11,1007,7.25,116.75,25,1,2.48,7.0600000000000005,4,1.76,720.0,712.94,99.02,36.48,1.31,76.56,33.65,180,2,6.74,3.37,12156.97,1,22,7,2,0,1,962.0,1.43,941.67,3.58
33,1,2026-07-22,Night,922,9,8.0,33,2026-07-22,996,92.57,931,0.97,115.25,2,1,0.21,7.0600000000000005,4,1.76,720.0,712.94,99.02,36.48,1.31,76.56,33.65,180,2,6.74,3.37,12156.97,1,22,7,2,0,2,934.0,7.25,944.67,4.19
46,1,2026-07-23,Morning,1012,40,8.0,46,2026-07-23,992,102.02,1052,3.8,126.5,9,1,0.86,7.0600000000000005,4,1.76,720.0,712.94,99.02,36.48,1.31,76.56,33.65,180,2,6.74,3.37,12156.97,1,23,7,3,0,0,922.0,0.97,939.33,3.22
47,1,2026-07-23,Afternoon,953,30,8.0,47,2026-07-23,991,96.17,983,3.05,119.12,5,1,0.51,7.0600000000000005,4,1.76,720.0,712.94,99.02,36.48,1.31,76.56,33.65,180,2,6.74,3.37,12156.97,1,23,7,3,0,1,1012.0,3.8,956.0,4.01
48,1,2026-07-23,Night,938,42,8.0,48,2026-07-23,1029,91.16,980,4.29,117.25,8,1,0.82,7.0600000000000005,4,1.76,720.0,712.94,99.02,36.48,1.31,76.56,33.65,180,2,6.74,3.37,12156.97,1,23,7,3,0,2,953.0,3.05,962.33,2.61
61,1,2026-07-24,Morning,893,16,8.0,61,2026-07-24,1019,87.63,909,1.76,111.62,5,1,0.55,7.0600000000000005,4,1.76,720.0,712.94,99.02,36.48,1.31,76.56,33.65,180,2,6.74,3.37,12156.97,1,24,7,4,0,0,938.0,4.29,967.67,3.71
62,1,2026-07-24,Afternoon,933,31,8.0,62,2026-07-24,995,93.77,964,3.22,116.62,12,1,1.24,7.0600000000000005,4,1.76,720.0,712.94,99.02,36.48,1.31,76.56,33.65,180,2,6.74,3.37,12156.97,1,24,7,4,0,1,893.0,1.76,928.0,3.03
63,1,2026-07-24,Night,943,43,8.0,63,2026-07-24,999,94.39,986,4.36,117.88,13,1,1.32,7.0600000000000005,4,1.76,720.0,712.94,99.02,36.48,1.31,76.56,33.65,180,2,6.74,3.37,12156.97,1,24,7,4,0,2,933.0,3.22,921.33,3.09
76,1,2026-07-25,Morning,893,42,8.0,76,2026-07-25,1023,87.29,935,4.49,111.62,10,1,1.07,7.0600000000000005,4,1.76,720.0,712.94,99.02,36.48,1.31,76.56,33.65,180,2,6.74,3.37,12156.97,1,25,7,5,1,0,943.0,4.36,923.0,3.11
77,1,2026-07-25,Afternoon,910,11,8.0,77,2026-07-25,1028,88.52,921,1.19,113.75,3,1,0.33,7.0600000000000005,4,1.76,720.0,712.94,99.02,36.48,1.31,76.56,33.65,180,2,6.74,3.37,12156.97,1,25,7,5,1,1,893.0,4.49,923.0,4.02
78,1,2026-07-25,Night,927,47,8.0,78,2026-07-25,988,93.83,974,4.83,115.88,7,1,0.72,7.0600000000000005,4,1.76,720.0,712.94,99.02,36.48,1.31,76.56,33.65,180,2,6.74,3.37,12156.97,1,25,7,5,1,2,910.0,1.19,915.33,3.35
91,1,2026-07-26,Morning,970,69,8.0,91,2026-07-26,1013,95.76,1039,6.64,121.25,15,1,1.44,7.0600000000000005,4,1.76,720.0,712.94,99.02,36.48,1.31,76.56,33.65,180,2,6.74,3.37,12156.97,1,26,7,6,1,0,927.0,4.83,910.0,3.5
92,1,2026-07-26,Afternoon,961,62,8.0,92,2026-07-26,1040,92.4,1023,6.06,120.12,19,1,1.86,7.0600000000000005,4,1.76,720.0,712.94,99.02,36.48,1.31,76.56,33.65,180,2,6.74,3.37,12156.97,1,26,7,6,1,1,970.0,6.64,935.67,4.22
93,1,2026-07-26,Night,922,19,8.0,93,2026-07-26,996,92.57,941,2.02,115.25,3,1,0.32,7.0600000000000005,4,1.76,720.0,712.94,99.02,36.48,1.31,76.56,33.65,180,2,6.74,3.37,12156.97,1,26,7,6,1,2,961.0,6.06,952.67,5.84
106,1,2026-07-27,Morning,963,52,8.0,106,2026-07-27,1020,94.41,1015,5.12,120.38,8,1,0.79,7.0600000000000005,4,1.76,720.0,712.94,99.02,36.48,1.31,76.56,33.65,180,2,6.74,3.37,12156.97,1,27,7,0,0,0,922.0,2.02,951.0,4.91
107,1,2026-07-27,Afternoon,950,47,8.0,107,2026-07-27,1013,93.78,997,4.71,118.75,11,1,1.1,7.0600000000000005,4,1.76,720.0,712.94,99.02,36.48,1.31,76.56,33.65,180,2,6.74,3.37,12156.97,1,27,7,0,0,1,963.0,5.12,948.67,4.4
108,1,2026-07-27,Night,1008,44,8.0,108,2026-07-27,1036,97.3,1052,4.18,126.0,12,1,1.14,7.0600000000000005,4,1.76,720.0,712.94,99.02,36.48,1.31,76.56,33.65,180,2,6.74,3.37,12156.97,1,27,7,0,0,2,950.0,4.71,945.0,3.95
121,1,2026-07-28,Morning,914,48,8.0,121,2026-07-28,1024,89.26,962,4.99,114.25,10,1,1.04,7.0600000000000005,4,1.76,720.0,712.94,99.02,36.48,1.31,76.56,33.65,180,2,6.74,3.37,12156.97,1,28,7,1,0,0,1008.0,4.18,973.67,4.67
122,1,2026-07-28,Afternoon,956,75,8.0,122,2026-07-28,983,97.25,1031,7.27,119.5,26,1,2.52,7.0600000000000005,4,1.76,720.0,712.94,99.02,36.48,1.31,76.56,33.65,180,2,6.74,3.37,12156.97,1,28,7,1,0,1,914.0,4.99,957.33,4.63
123,1,2026-07-28,Night,952,67,8.0,123,2026-07-28,1007,94.54,1019,6.58,119.0,16,1,1.57,7.0600000000000005,4,1.76,720.0,712.94,99.02,36.48,1.31,76.56,33.65,180,2,6.74,3.37,12156.97,1,28,7,1,0,2,956.0,7.27,959.33,5.48
136,1,2026-07-29,Morning,875,44,8.0,136,2026-07-29,1031,84.87,919,4.79,109.38,10,1,1.09,7.0600000000000005,4,1.76,720.0,712.94,99.02,36.48,1.31,76.56,33.65,180,2,6.74,3.37,12156.97,1,29,7,2,0,0,952.0,6.58,940.67,6.28
137,1,2026-07-29,Afternoon,931,17,8.0,137,2026-07-29,998,93.29,948,1.79,116.38,2,1,0.21,7.0600000000000005,4,1.76,720.0,712.94,99.02,36.48,1.31,76.56,33.65,180,2,6.74,3.37,12156.97,1,29,7,2,0,1,875.0,4.79,927.67,6.21
138,1,2026-07-29,Night,993,46,8.0,138,2026-07-29,1005,98.81,1039,4.43,124.12,7,1,0.67,7.0600000000000005,4,1.76,720.0,712.94,99.02,36.48,1.31,76.56,33.65,180,2,6.74,3.37,12156.97,1,29,7,2,0,2,931.0,1.79,919.33,4.39
151,1,2026-07-30,Morning,899,69,8.0,151,2026-07-30,1031,87.2,968,7.13,112.38,14,1,1.45,7.0600000000000005,4,1.76,720.0,712.94,99.02,36.48,1.31,76.56,33.65,180,2,6.74,3.37,12156.97,1,30,7,3,0,0,993.0,4.43,933.0,3.67
152,1,2026-07-30,Afternoon,986,60,8.0,152,2026-07-30,998,98.8,1046,5.74,123.25,14,1,1.34,7.0600000000000005,4,1.76,720.0,712.94,99.02,36.48,1.31,76.56,33.65,180,2,6.74,3.37,12156.97,1,30,7,3,0,1,899.0,7.13,941.0,4.45
153,1,2026-07-30,Night,1034,40,8.0,153,2026-07-30,988,104.66,1074,3.72,129.25,9,1,0.84,7.0600000000000005,4,1.76,720.0,712.94,99.02,36.48,1.31,76.56,33.65,180,2,6.74,3.37,12156.97,1,30,7,3,0,2,986.0,5.74,959.33,5.77
166,1,2026-07-31,Morning,968,53,8.0,166,2026-07-31,998,96.99,1021,5.19,121.0,20,1,1.96,7.0600000000000005,4,1.76,720.0,712.94,99.02,36.48,1.31,76.56,33.65,180,2,6.74,3.37,12156.97,1,31,7,4,0,0,1034.0,3.72,973.0,5.53
167,1,2026-07-31,Afternoon,952,72,8.0,167,2026-07-31,1036,91.89,1024,7.03,119.0,13,1,1.27,7.0600000000000005,4,1.76,720.0,712.94,99.02,36.48,1.31,76.56,33.65,180,2,6.74,3.37,12156.97,1,31,7,4,0,1,968.0,5.19,996.0,4.88
168,1,2026-07-31,Night,934,46,8.0,168,2026-07-31,978,95.5,980,4.69,116.75,15,1,1.53,7.0600000000000005,4,1.76,720.0,712.94,99.02,36.48,1.31,76.56,33.65,180,2,6.74,3.37,12156.97,1,31,7,4,0,2,952.0,7.03,984.67,5.31
181,1,2026-08-01,Morning,949,34,8.0,181,2026-08-01,1011,93.87,983,3.46,118.62,8,1,0.81,7.0600000000000005,4,1.76,720.0,712.94,99.02,36.48,1.31,76.56,33.65,180,2,6.74,3.37,12156.97,1,1,8,5,1,0,934.0,4.69,951.33,5.64
182,1,2026-08-01,Afternoon,954,61,8.0,182,2026-08-01,1008,94.64,1015,6.01,119.25,17,1,1.67,7.0600000000000005,4,1.76,720.0,712.94,99.02,36.48,1.31,76.56,33.65,180,2,6.74,3.37,12156.97,1,1,8,5,1,1,949.0,3.46,945.0,5.06
183,1,2026-08-01,Night,971,68,8.0,183,2026-08-01,1012,95.95,1039,6.54,121.38,23,1,2.21,7.0600000000000005,4,1.76,720.0,712.94,99.02,36.48,1.31,76.56,33.65,180,2,6.74,3.37,12156.97,1,1,8,5,1,2,954.0,6.01,945.67,4.72
196,1,2026-08-02,Morning,914,44,8.0,196,2026-08-02,986,92.7,958,4.59,114.25,12,1,1.25,7.0600000000000005,4,1.76,720.0,712.94,99.02,36.48,1.31,76.56,33.65,180,2,6.74,3.37,12156.97,1,2,8,6,1,0,971.0,6.54,958.0,5.34
197,1,2026-08-02,Afternoon,989,34,8.0,197,2026-08-02,991,99.8,1023,3.32,123.62,5,1,0.49,7.0600000000000005,4,1.76,720.0,712.94,99.02,36.48,1.31,76.56,33.65,180,2,6.74,3.37,12156.97,1,2,8,6,1,1,914.0,4.59,946.33,5.71
198,1,2026-08-02,Night,944,17,8.0,198,2026-08-02,962,98.13,961,1.77,118.0,4,1,0.42,7.0600000000000005,4,1.76,720.0,712.94,99.02,36.48,1.31,76.56,33.65,180,2,6.74,3.37,12156.97,1,2,8,6,1,2,989.0,3.32,958.0,4.82
211,1,2026-08-03,Morning,949,13,8.0,211,2026-08-03,995,95.38,962,1.35,118.62,4,1,0.42,7.0600000000000005,4,1.76,720.0,712.94,99.02,36.48,1.31,76.56,33.65,180,2,6.74,3.37,12156.97,1,3,8,0,0,0,944.0,1.77,949.0,3.23
212,1,2026-08-03,Afternoon,938,17,8.0,212,2026-08-03,1000,93.8,955,1.78,117.25,6,1,0.63,7.0600000000000005,4,1.76,720.0,712.94,99.02,36.48,1.31,76.56,33.65,180,2,6.74,3.37,12156.97,1,3,8,0,0,1,949.0,1.35,960.67,2.15
213,1,2026-08-03,Night,962,59,8.0,213,2026-08-03,1004,95.82,1021,5.78,120.25,11,1,1.08,7.0600000000000005,4,1.76,720.0,712.94,99.02,36.48,1.31,76.56,33.65,180,2,6.74,3.37,12156.97,1,3,8,0,0,2,938.0,1.78,943.67,1.63
226,1,2026-08-04,Morning,928,14,8.0,226,2026-08-04,987,94.02,942,1.49,116.0,3,1,0.32,7.0600000000000005,4,1.76,720.0,712.94,99.02,36.48,1.31,76.56,33.65,180,2,6.74,3.37,12156.97,1,4,8,1,0,0,962.0,5.78,949.67,2.97
227,1,2026-08-04,Afternoon,963,30,8.0,227,2026-08-04,1013,95.06,993,3.02,120.38,8,1,0.81,7.0600000000000005,4,1.76,720.0,712.94,99.02,36.48,1.31,76.56,33.65,180,2,6.74,3.37,12156.97,1,4,8,1,0,1,928.0,1.49,942.67,3.02
228,1,2026-08-04,Night,1025,68,8.0,228,2026-08-04,1007,101.79,1093,6.22,128.12,17,1,1.56,7.0600000000000005,4,1.76,720.0,712.94,99.02,36.48,1.31,76.56,33.65,180,2,6.74,3.37,12156.97,1,4,8,1,0,2,963.0,3.02,951.0,3.43
241,1,2026-08-05,Morning,931,38,8.0,241,2026-08-05,993,93.76,969,3.92,116.38,13,1,1.34,7.0600000000000005,4,1.76,720.0,712.94,99.02,36.48,1.31,76.56,33.65,180,2,6.74,3.37,12156.97,1,5,8,2,0,0,1025.0,6.22,972.0,3.58
242,1,2026-08-05,Afternoon,974,18,8.0,242,2026-08-05,1008,96.63,992,1.81,121.75,3,1,0.3,7.0600000000000005,4,1.76,720.0,712.94,99.02,36.48,1.31,76.56,33.65,180,2,6.74,3.37,12156.97,1,5,8,2,0,1,931.0,3.92,973.0,4.39
243,1,2026-08-05,Night,954,24,8.0,243,2026-08-05,1010,94.46,978,2.45,119.25,3,1,0.31,7.0600000000000005,4,1.76,720.0,712.94,99.02,36.48,1.31,76.56,33.65,180,2,6.74,3.37,12156.97,1,5,8,2,0,2,974.0,1.81,976.67,3.98
256,1,2026-08-06,Morning,978,63,8.0,256,2026-08-06,1012,96.64,1041,6.05,122.25,14,1,1.34,7.0600000000000005,4,1.76,720.0,712.94,99.02,36.48,1.31,76.56,33.65,180,2,6.74,3.37,12156.97,1,6,8,3,0,0,954.0,2.45,953.0,2.73
257,1,2026-08-06,Afternoon,1015,71,8.0,257,2026-08-06,990,102.53,1086,6.54,126.88,21,1,1.93,7.0600000000000005,4,1.76,720.0,712.94,99.02,36.48,1.31,76.56,33.65,180,2,6.74,3.37,12156.97,1,6,8,3,0,1,978.0,6.05,968.67,3.44
258,1,2026-08-06,Night,894,68,8.0,258,2026-08-06,1031,86.71,962,7.07,111.75,13,1,1.35,7.0600000000000005,4,1.76,720.0,712.94,99.02,36.48,1.31,76.56,33.65,180,2,6.74,3.37,12156.97,1,6,8,3,0,2,1015.0,6.54,982.33,5.01
271,1,2026-08-07,Morning,1028,13,8.0,271,2026-08-07,1029,99.9,1041,1.25,128.5,4,1,0.38,7.0600000000000005,4,1.76,720.0,712.94,99.02,36.48,1.31,76.56,33.65,180,2,6.74,3.37,12156.97,1,7,8,4,0,0,894.0,7.07,962.33,6.55
272,1,2026-08-07,Afternoon,951,62,8.0,272,2026-08-07,1027,92.6,1013,6.12,118.88,10,1,0.99,7.0600000000000005,4,1.76,720.0,712.94,99.02,36.48,1.31,76.56,33.65,180,2,6.74,3.37,12156.97,1,7,8,4,0,1,1028.0,1.25,979.0,4.95
273,1,2026-08-07,Night,922,65,8.0,273,2026-08-07,987,93.41,987,6.59,115.25,15,1,1.52,7.0600000000000005,4,1.76,720.0,712.94,99.02,36.48,1.31,76.56,33.65,180,2,6.74,3.37,12156.97,1,7,8,4,0,2,951.0,6.12,957.67,4.81
286,1,2026-08-08,Morning,893,29,8.0,286,2026-08-08,965,92.54,922,3.15,111.62,5,1,0.54,7.0600000000000005,4,1.76,720.0,712.94,99.02,36.48,1.31,76.56,33.65,180,2,6.74,3.37,12156.97,1,8,8,5,1,0,922.0,6.59,967.0,4.65
287,1,2026-08-08,Afternoon,924,16,8.0,287,2026-08-08,992,93.15,940,1.7,115.5,4,1,0.43,7.0600000000000005,4,1.76,720.0,712.94,99.02,36.48,1.31,76.56,33.65,180,2,6.74,3.37,12156.97,1,8,8,5,1,1,893.0,3.15,922.0,5.29
288,1,2026-08-08,Night,906,65,8.0,288,2026-08-08,977,92.73,971,6.69,113.25,15,1,1.54,7.0600000000000005,4,1.76,720.0,712.94,99.02,36.48,1.31,76.56,33.65,180,2,6.74,3.37,12156.97,1,8,8,5,1,2,924.0,1.7,913.0,3.81
301,1,2026-08-09,Morning,951,36,8.0,301,2026-08-09,1030,92.33,987,3.65,118.88,11,1,1.11,7.0600000000000005,4,1.76,720.0,712.94,99.02,36.48,1.31,76.56,33.65,180,2,6.74,3.37,12156.97,1,9,8,6,1,0,906.0,6.69,907.67,3.85
302,1,2026-08-09,Afternoon,916,72,8.0,302,2026-08-09,1017,90.07,988,7.29,114.5,16,1,1.62,7.0600000000000005,4,1.76,720.0,712.94,99.02,36.48,1.31,76.56,33.65,180,2,6.74,3.37,12156.97,1,9,8,6,1,1,951.0,3.65,927.0,4.01
303,1,2026-08-09,Night,940,73,8.0,303,2026-08-09,993,94.66,1013,7.21,117.5,27,1,2.67,7.0600000000000005,4,1.76,720.0,712.94,99.02,36.48,1.31,76.56,33.65,180,2,6.74,3.37,12156.97,1,9,8,6,1,2,916.0,7.29,924.33,5.88
316,1,2026-08-10,Morning,951,18,8.0,316,2026-08-10,1001,95.0,969,1.86,118.88,6,1,0.62,7.0600000000000005,4,1.76,720.0,712.94,99.02,36.48,1.31,76.56,33.65,180,2,6.74,3.37,12156.97,1,10,8,0,0,0,940.0,7.21,935.67,6.05
317,1,2026-08-10,Afternoon,990,27,8.0,317,2026-08-10,1014,97.63,1017,2.65,123.75,9,1,0.88,7.0600000000000005,4,1.76,720.0,712.94,99.02,36.48,1.31,76.56,33.65,180,2,6.74,3.37,12156.97,1,10,8,0,0,1,951.0,1.86,935.67,5.45
318,1,2026-08-10,Night,926,53,8.0,318,2026-08-10,998,92.79,979,5.41,115.75,14,1,1.43,7.0600000000000005,4,1.76,720.0,712.94,99.02,36.48,1.31,76.56,33.65,180,2,6.74,3.37,12156.97,1,10,8,0,0,2,990.0,2.65,960.33,3.91
331,1,2026-08-11,Morning,984,36,8.0,331,2026-08-11,987,99.7,1020,3.53,123.0,12,1,1.18,7.0600000000000005,4,1.76,720.0,712.94,99.02,36.48,1.31,76.56,33.65,180,2,6.74,3.37,12156.97,1,11,8,1,0,0,926.0,5.41,955.67,3.31
332,1,2026-08-11,Afternoon,936,62,8.0,332,2026-08-11,1038,90.17,998,6.21,117.0,14,1,1.4,7.0600000000000005,4,1.76,720.0,712.94,99.02,36.48,1.31,76.56,33.65,180,2,6.74,3.37,12156.97,1,11,8,1,0,1,984.0,3.53,966.67,3.86
333,1,2026-08-11,Night,868,36,8.0,333,2026-08-11,996,87.15,904,3.98,108.5,11,1,1.22,7.0600000000000005,4,1.76,720.0,712.94,99.02,36.48,1.31,76.56,33.65,180,2,6.74,3.37,12156.97,1,11,8,1,0,2,936.0,6.21,948.67,5.05
346,1,2026-08-12,Morning,930,66,8.0,346,2026-08-12,977,95.19,996,6.63,116.25,11,1,1.1,7.0600000000000005,4,1.76,720.0,712.94,99.02,36.48,1.31,76.56,33.65,180,2,6.74,3.37,12156.97,1,12,8,2,0,0,868.0,3.98,929.33,4.57
347,1,2026-08-12,Afternoon,991,17,8.0,347,2026-08-12,1032,96.03,1008,1.69,123.88,4,1,0.4,7.0600000000000005,4,1.76,720.0,712.94,99.02,36.48,1.31,76.56,33.65,180,2,6.74,3.37,12156.97,1,12,8,2,0,1,930.0,6.63,911.33,5.61
348,1,2026-08-12,Night,929,64,8.0,348,2026-08-12,977,95.09,993,6.45,116.12,16,1,1.61,7.0600000000000005,4,1.76,720.0,712.94,99.02,36.48,1.31,76.56,33.65,180,2,6.74,3.37,12156.97,1,12,8,2,0,2,991.0,1.69,929.67,4.1
361,1,2026-08-13,Morning,918,46,8.0,361,2026-08-13,1011,90.8,964,4.77,114.75,12,1,1.24,7.0600000000000005,4,1.76,720.0,712.94,99.02,36.48,1.31,76.56,33.65,180,2,6.74,3.37,12156.97,1,13,8,3,0,0,929.0,6.45,950.0,4.92
362,1,2026-08-13,Afternoon,968,50,8.0,362,2026-08-13,1014,95.46,1018,4.91,121.0,17,1,1.67,7.0600000000000005,4,1.76,720.0,712.94,99.02,36.48,1.31,76.56,33.65,180,2,6.74,3.37,12156.97,1,13,8,3,0,1,918.0,4.77,946.0,4.3
363,1,2026-08-13,Night,1013,76,8.0,363,2026-08-13,994,101.91,1089,6.98,126.62,17,1,1.56,7.0600000000000005,4,1.76,720.0,712.94,99.02,36.48,1.31,76.56,33.65,180,2,6.74,3.37,12156.97,1,13,8,3,0,2,968.0,4.91,938.33,5.38
376,1,2026-08-14,Morning,889,19,8.0,376,2026-08-14,973,91.37,908,2.09,111.12,6,1,0.66,7.0600000000000005,4,1.76,720.0,712.94,99.02,36.48,1.31,76.56,33.65,180,2,6.74,3.37,12156.97,1,14,8,4,0,0,1013.0,6.98,966.33,5.55
377,1,2026-08-14,Afternoon,842,62,8.0,377,2026-08-14,1032,81.59,904,6.86,105.25,10,1,1.11,7.0600000000000005,4,1.76,720.0,712.94,99.02,36.48,1.31,76.56,33.65,180,2,6.74,3.37,12156.97,1,14,8,4,0,1,889.0,2.09,956.67,4.66
378,1,2026-08-14,Night,947,33,8.0,378,2026-08-14,1020,92.84,980,3.37,118.38,5,1,0.51,7.0600000000000005,4,1.76,720.0,712.94,99.02,36.48,1.31,76.56,33.65,180,2,6.74,3.37,12156.97,1,14,8,4,0,2,842.0,6.86,914.67,5.31
391,1,2026-08-15,Morning,999,20,8.0,391,2026-08-15,1011,98.81,1019,1.96,124.88,5,1,0.49,7.0600000000000005,4,1.76,720.0,712.94,99.02,36.48,1.31,76.56,33.65,180,2,6.74,3.37,12156.97,1,15,8,5,1,0,947.0,3.37,892.67,4.11
392,1,2026-08-15,Afternoon,867,19,8.0,392,2026-08-15,1017,85.25,886,2.14,108.38,7,1,0.79,7.0600000000000005,4,1.76,720.0,712.94,99.02,36.48,1.31,76.56,33.65,180,2,6.74,3.37,12156.97,1,15,8,5,1,1,999.0,1.96,929.33,4.06
393,1,2026-08-15,Night,893,49,8.0,393,2026-08-15,1015,87.98,942,5.2,111.62,10,1,1.06,7.0600000000000005,4,1.76,720.0,712.94,99.02,36.48,1.31,76.56,33.65,180,2,6.74,3.37,12156.97,1,15,8,5,1,2,867.0,2.14,937.67,2.49
406,1,2026-08-16,Morning,937,14,8.0,406,2026-08-16,968,96.8,951,1.47,117.12,2,1,0.21,7.0600000000000005,4,1.76,720.0,712.94,99.02,36.48,1.31,76.56,33.65,180,2,6.74,3.37,12156.97,1,16,8,6,1,0,893.0,5.2,919.67,3.1
407,1,2026-08-16,Afternoon,963,38,8.0,407,2026-08-16,980,98.27,1001,3.8,120.38,14,1,1.4,7.0600000000000005,4,1.76,720.0,712.94,99.02,36.48,1.31,76.56,33.65,180,2,6.74,3.37,12156.97,1,16,8,6,1,1,937.0,1.47,899.0,2.94
408,1,2026-08-16,Night,899,65,8.0,408,2026-08-16,1018,88.31,964,6.74,112.38,10,1,1.04,7.0600000000000005,4,1.76,720.0,712.94,99.02,36.48,1.31,76.56,33.65,180,2,6.74,3.37,12156.97,1,16,8,6,1,2,963.0,3.8,931.0,3.49
421,1,2026-08-17,Morning,956,75,8.0,421,2026-08-17,1004,95.22,1031,7.27,119.5,18,1,1.75,7.0600000000000005,4,1.76,720.0,712.94,99.02,36.48,1.31,76.56,33.65,180,2,6.74,3.37,12156.97,1,17,8,0,0,0,899.0,6.74,933.0,4.0
422,1,2026-08-17,Afternoon,942,44,8.0,422,2026-08-17,1027,91.72,986,4.46,117.75,10,1,1.01,7.0600000000000005,4,1.76,720.0,712.94,99.02,36.48,1.31,76.56,33.65,180,2,6.74,3.37,12156.97,1,17,8,0,0,1,956.0,7.27,939.33,5.94
423,1,2026-08-17,Night,928,10,8.0,423,2026-08-17,1002,92.61,938,1.07,116.0,2,1,0.21,7.0600000000000005,4,1.76,720.0,712.94,99.02,36.48,1.31,76.56,33.65,180,2,6.74,3.37,12156.97,1,17,8,0,0,2,942.0,4.46,932.33,6.16
436,1,2026-08-18,Morning,893,31,8.0,436,2026-08-18,1017,87.81,924,3.35,111.62,6,1,0.65,7.0600000000000005,4,1.76,720.0,712.94,99.02,36.48,1.31,76.56,33.65,180,2,6.74,3.37,12156.97,1,18,8,1,0,0,928.0,1.07,942.0,4.27
437,1,2026-08-18,Afternoon,910,45,8.0,437,2026-08-18,994,91.55,955,4.71,113.75,7,1,0.73,7.0600000000000005,4,1.76,720.0,712.94,99.02,36.48,1.31,76.56,33.65,180,2,6.74,3.37,12156.97,1,18,8,1,0,1,893.0,3.35,921.0,2.96
438,1,2026-08-18,Night,992,42,8.0,438,2026-08-18,1024,96.88,1034,4.06,124.0,15,1,1.45,7.0600000000000005,4,1.76,720.0,712.94,99.02,36.48,1.31,76.56,33.65,180,2,6.74,3.37,12156.97,1,18,8,1,0,2,910.0,4.71,910.33,3.04
4,2,2026-07-20,Morning,890,62,8.0,4,2026-07-20,873,101.95,952,6.51,111.25,24,1,2.52,15.49,6,2.58,720.0,704.51,97.85,35.47,1.6,75.4,32.86,180,2,6.7,3.35,10489.34,2,20,7,0,0,0,,,,
5,2,2026-07-20,Afternoon,963,11,8.0,5,2026-07-20,907,106.17,974,1.13,120.38,3,1,0.31,15.49,6,2.58,720.0,704.51,97.85,35.47,1.6,75.4,32.86,180,2,6.7,3.35,10489.34,2,20,7,0,0,1,890.0,6.51,890.0,6.51
6,2,2026-07-20,Night,930,72,8.0,6,2026-07-20,912,101.97,1002,7.19,116.25,18,1,1.8,15.49,6,2.58,720.0,704.51,97.85,35.47,1.6,75.4,32.86,180,2,6.7,3.35,10489.34,2,20,7,0,0,2,963.0,1.13,926.5,3.82
19,2,2026-07-21,Morning,899,11,8.0,19,2026-07-21,899,100.0,910,1.21,112.38,2,1,0.22,15.49,6,2.58,720.0,704.51,97.85,35.47,1.6,75.4,32.86,180,2,6.7,3.35,10489.34,2,21,7,1,0,0,930.0,7.19,927.67,4.94
20,2,2026-07-21,Afternoon,857,63,8.0,20,2026-07-21,913,93.87,920,6.85,107.12,13,1,1.41,15.49,6,2.58,720.0,704.51,97.85,35.47,1.6,75.4,32.86,180,2,6.7,3.35,10489.34,2,21,7,1,0,1,899.0,1.21,930.67,3.18
21,2,2026-07-21,Night,932,29,8.0,21,2026-07-21,900,103.56,961,3.02,116.5,9,1,0.94,15.49,6,2.58,720.0,704.51,97.85,35.47,1.6,75.4,32.86,180,2,6.7,3.35,10489.34,2,21,7,1,0,2,857.0,6.85,895.33,5.08
34,2,2026-07-22,Morning,924,61,8.0,34,2026-07-22,891,103.7,985,6.19,115.5,24,1,2.44,15.49,6,2.58,720.0,704.51,97.85,35.47,1.6,75.4,32.86,180,2,6.7,3.35,10489.34,2,22,7,2,0,0,932.0,3.02,896.0,3.69
35,2,2026-07-22,Afternoon,941,60,8.0,35,2026-07-22,928,101.4,1001,5.99,117.62,22,1,2.2,15.49,6,2.58,720.0,704.51,97.85,35.47,1.6,75.4,32.86,180,2,6.7,3.35,10489.34,2,22,7,2,0,1,924.0,6.19,904.33,5.35
36,2,2026-07-22,Night,937,14,8.0,36,2026-07-22,903,103.77,951,1.47,117.12,2,1,0.21,15.49,6,2.58,720.0,704.51,97.85,35.47,1.6,75.4,32.86,180,2,6.7,3.35,10489.34,2,22,7,2,0,2,941.0,5.99,932.33,5.07
49,2,2026-07-23,Morning,891,34,8.0,49,2026-07-23,931,95.7,925,3.68,111.38,7,1,0.76,15.49,6,2.58,720.0,704.51,97.85,35.47,1.6,75.4,32.86,180,2,6.7,3.35,10489.34,2,23,7,3,0,0,937.0,1.47,934.0,4.55
50,2,2026-07-23,Afternoon,914,57,8.0,50,2026-07-23,889,102.81,971,5.87,114.25,12,1,1.24,15.49,6,2.58,720.0,704.51,97.85,35.47,1.6,75.4,32.86,180,2,6.7,3.35,10489.34,2,23,7,3,0,1,891.0,3.68,923.0,3.71
51,2,2026-07-23,Night,867,65,8.0,51,2026-07-23,891,97.31,932,6.97,108.38,19,1,2.04,15.49,6,2.58,720.0,704.51,97.85,35.47,1.6,75.4,32.86,180,2,6.7,3.35,10489.34,2,23,7,3,0,2,914.0,5.87,914.0,3.67
64,2,2026-07-24,Morning,916,54,8.0,64,2026-07-24,913,100.33,970,5.57,114.5,15,1,1.55,15.49,6,2.58,720.0,704.51,97.85,35.47,1.6,75.4,32.86,180,2,6.7,3.35,10489.34,2,24,7,4,0,0,867.0,6.97,890.67,5.51
65,2,2026-07-24,Afternoon,910,70,8.0,65,2026-07-24,877,103.76,980,7.14,113.75,25,1,2.55,15.49,6,2.58,720.0,704.51,97.85,35.47,1.6,75.4,32.86,180,2,6.7,3.35,10489.34,2,24,7,4,0,1,916.0,5.57,899.0,6.14
66,2,2026-07-24,Night,897,24,8.0,66,2026-07-24,907,98.9,921,2.61,112.12,7,1,0.76,15.49,6,2.58,720.0,704.51,97.85,35.47,1.6,75.4,32.86,180,2,6.7,3.35,10489.34,2,24,7,4,0,2,910.0,7.14,897.67,6.56
79,2,2026-07-25,Morning,837,46,8.0,79,2026-07-25,883,94.79,883,5.21,104.62,14,1,1.59,15.49,6,2.58,720.0,704.51,97.85,35.47,1.6,75.4,32.86,180,2,6.7,3.35,10489.34,2,25,7,5,1,0,897.0,2.61,907.67,5.11
80,2,2026-07-25,Afternoon,902,20,8.0,80,2026-07-25,909,99.23,922,2.17,112.75,4,1,0.43,15.49,6,2.58,720.0,704.51,97.85,35.47,1.6,75.4,32.86,180,2,6.7,3.35,10489.34,2,25,7,5,1,1,837.0,5.21,881.33,4.99
81,2,2026-07-25,Night,863,65,8.0,81,2026-07-25,888,97.18,928,7.0,107.88,22,1,2.37,15.49,6,2.58,720.0,704.51,97.85,35.47,1.6,75.4,32.86,180,2,6.7,3.35,10489.34,2,25,7,5,1,2,902.0,2.17,878.67,3.33
94,2,2026-07-26,Morning,909,66,8.0,94,2026-07-26,884,102.83,975,6.77,113.62,16,1,1.64,15.49,6,2.58,720.0,704.51,97.85,35.47,1.6,75.4,32.86,180,2,6.7,3.35,10489.34,2,26,7,6,1,0,863.0,7.0,867.33,4.79
95,2,2026-07-26,Afternoon,911,9,8.0,95,2026-07-26,872,104.47,920,0.98,113.88,2,1,0.22,15.49,6,2.58,720.0,704.51,97.85,35.47,1.6,75.4,32.86,180,2,6.7,3.35,10489.34,2,26,7,6,1,1,909.0,6.77,891.33,5.31
96,2,2026-07-26,Night,871,18,8.0,96,2026-07-26,885,98.42,889,2.02,108.88,4,1,0.45,15.49,6,2.58,720.0,704.51,97.85,35.47,1.6,75.4,32.86,180,2,6.7,3.35,10489.34,2,26,7,6,1,2,911.0,0.98,894.33,4.92
109,2,2026-07-27,Morning,925,27,8.0,109,2026-07-27,911,101.54,952,2.84,115.62,9,1,0.95,15.49,6,2.58,720.0,704.51,97.85,35.47,1.6,75.4,32.86,180,2,6.7,3.35,10489.34,2,27,7,0,0,0,871.0,2.02,897.0,3.26
110,2,2026-07-27,Afternoon,865,10,8.0,110,2026-07-27,892,96.97,875,1.14,108.12,2,1,0.23,15.49,6,2.58,720.0,704.51,97.85,35.47,1.6,75.4,32.86,180,2,6.7,3.35,10489.34,2,27,7,0,0,1,925.0,2.84,902.33,1.95
111,2,2026-07-27,Night,857,64,8.0,111,2026-07-27,911,94.07,921,6.95,107.12,23,1,2.5,15.49,6,2.58,720.0,704.51,97.85,35.47,1.6,75.4,32.86,180,2,6.7,3.35,10489.34,2,27,7,0,0,2,865.0,1.14,887.0,2.0
124,2,2026-07-28,Morning,854,52,8.0,124,2026-07-28,892,95.74,906,5.74,106.75,15,1,1.66,15.49,6,2.58,720.0,704.51,97.85,35.47,1.6,75.4,32.86,180,2,6.7,3.35,10489.34,2,28,7,1,0,0,857.0,6.95,882.33,3.64
125,2,2026-07-28,Afternoon,943,33,8.0,125,2026-07-28,900,104.78,976,3.38,117.88,8,1,0.82,15.49,6,2.58,720.0,704.51,97.85,35.47,1.6,75.4,32.86,180,2,6.7,3.35,10489.34,2,28,7,1,0,1,854.0,5.74,858.67,4.61
126,2,2026-07-28,Night,942,28,8.0,126,2026-07-28,925,101.84,970,2.89,117.75,5,1,0.52,15.49,6,2.58,720.0,704.51,97.85,35.47,1.6,75.4,32.86,180,2,6.7,3.35,10489.34,2,28,7,1,0,2,943.0,3.38,884.67,5.36
139,2,2026-07-29,Morning,871,46,8.0,139,2026-07-29,912,95.5,917,5.02,108.88,17,1,1.85,15.49,6,2.58,720.0,704.51,97.85,35.47,1.6,75.4,32.86,180,2,6.7,3.35,10489.34,2,29,7,2,0,0,942.0,2.89,913.0,4.0
140,2,2026-07-29,Afternoon,927,14,8.0,140,2026-07-29,903,102.66,941,1.49,115.88,5,1,0.53,15.49,6,2.58,720.0,704.51,97.85,35.47,1.6,75.4,32.86,180,2,6.7,3.35,10489.34,2,29,7,2,0,1,871.0,5.02,918.67,3.76
141,2,2026-07-29,Night,901,43,8.0,141,2026-07-29,891,101.12,944,4.56,112.62,6,1,0.64,15.49,6,2.58,720.0,704.51,97.85,35.47,1.6,75.4,32.86,180,2,6.7,3.35,10489.34,2,29,7,2,0,2,927.0,1.49,913.33,3.13
154,2,2026-07-30,Morning,941,25,8.0,154,2026-07-30,937,100.43,966,2.59,117.62,9,1,0.93,15.49,6,2.58,720.0,704.51,97.85,35.47,1.6,75.4,32.86,180,2,6.7,3.35,10489.34,2,30,7,3,0,0,901.0,4.56,899.67,3.69
155,2,2026-07-30,Afternoon,950,10,8.0,155,2026-07-30,871,109.07,960,1.04,118.75,1,1,0.1,15.49,6,2.58,720.0,704.51,97.85,35.47,1.6,75.4,32.86,180,2,6.7,3.35,10489.34,2,30,7,3,0,1,941.0,2.59,923.0,2.88
156,2,2026-07-30,Night,871,15,8.0,156,2026-07-30,856,101.75,886,1.69,108.88,5,1,0.56,15.49,6,2.58,720.0,704.51,97.85,35.47,1.6,75.4,32.86,180,2,6.7,3.35,10489.34,2,30,7,3,0,2,950.0,1.04,930.67,2.73
169,2,2026-07-31,Morning,963,40,8.0,169,2026-07-31,869,110.82,1003,3.99,120.38,13,1,1.3,15.49,6,2.58,720.0,704.51,97.85,35.47,1.6,75.4,32.86,180,2,6.7,3.35,10489.34,2,31,7,4,0,0,871.0,1.69,920.67,1.77
170,2,2026-07-31,Afternoon,850,40,8.0,170,2026-07-31,886,95.94,890,4.49,106.25,11,1,1.24,15.49,6,2.58,720.0,704.51,97.85,35.47,1.6,75.4,32.86,180,2,6.7,3.35,10489.34,2,31,7,4,0,1,963.0,3.99,928.0,2.24
171,2,2026-07-31,Night,893,69,8.0,171,2026-07-31,899,99.33,962,7.17,111.62,12,1,1.25,15.49,6,2.58,720.0,704.51,97.85,35.47,1.6,75.4,32.86,180,2,6.7,3.35,10489.34,2,31,7,4,0,2,850.0,4.49,894.67,3.39
184,2,2026-08-01,Morning,891,35,8.0,184,2026-08-01,926,96.22,926,3.78,111.38,11,1,1.19,15.49,6,2.58,720.0,704.51,97.85,35.47,1.6,75.4,32.86,180,2,6.7,3.35,10489.34,2,1,8,5,1,0,893.0,7.17,902.0,5.22
185,2,2026-08-01,Afternoon,933,16,8.0,185,2026-08-01,903,103.32,949,1.69,116.62,6,1,0.63,15.49,6,2.58,720.0,704.51,97.85,35.47,1.6,75.4,32.86,180,2,6.7,3.35,10489.34,2,1,8,5,1,1,891.0,3.78,878.0,5.15
186,2,2026-08-01,Night,932,68,8.0,186,2026-08-01,914,101.97,1000,6.8,116.5,21,1,2.1,15.49,6,2.58,720.0,704.51,97.85,35.47,1.6,75.4,32.86,180,2,6.7,3.35,10489.34,2,1,8,5,1,2,933.0,1.69,905.67,4.21
199,2,2026-08-02,Morning,916,48,8.0,199,2026-08-02,890,102.92,964,4.98,114.5,7,1,0.73,15.49,6,2.58,720.0,704.51,97.85,35.47,1.6,75.4,32.86,180,2,6.7,3.35,10489.34,2,2,8,6,1,0,932.0,6.8,918.67,4.09
200,2,2026-08-02,Afternoon,877,14,8.0,200,2026-08-02,851,103.06,891,1.57,109.62,4,1,0.45,15.49,6,2.58,720.0,704.51,97.85,35.47,1.6,75.4,32.86,180,2,6.7,3.35,10489.34,2,2,8,6,1,1,916.0,4.98,927.0,4.49
201,2,2026-08-02,Night,909,13,8.0,201,2026-08-02,868,104.72,922,1.41,113.62,2,1,0.22,15.49,6,2.58,720.0,704.51,97.85,35.47,1.6,75.4,32.86,180,2,6.7,3.35,10489.34,2,2,8,6,1,2,877.0,1.57,908.33,4.45
214,2,2026-08-03,Morning,866,44,8.0,214,2026-08-03,859,100.81,910,4.84,108.25,12,1,1.32,15.49,6,2.58,720.0,704.51,97.85,35.47,1.6,75.4,32.86,180,2,6.7,3.35,10489.34,2,3,8,0,0,0,909.0,1.41,900.67,2.65
215,2,2026-08-03,Afternoon,895,26,8.0,215,2026-08-03,895,100.0,921,2.82,111.88,8,1,0.87,15.49,6,2.58,720.0,704.51,97.85,35.47,1.6,75.4,32.86,180,2,6.7,3.35,10489.34,2,3,8,0,0,1,866.0,4.84,884.0,2.61
216,2,2026-08-03,Night,916,64,8.0,216,2026-08-03,886,103.39,980,6.53,114.5,15,1,1.53,15.49,6,2.58,720.0,704.51,97.85,35.47,1.6,75.4,32.86,180,2,6.7,3.35,10489.34,2,3,8,0,0,2,895.0,2.82,890.0,3.02
229,2,2026-08-04,Morning,864,63,8.0,229,2026-08-04,917,94.22,927,6.8,108.0,20,1,2.16,15.49,6,2.58,720.0,704.51,97.85,35.47,1.6,75.4,32.86,180,2,6.7,3.35,10489.34,2,4,8,1,0,0,916.0,6.53,892.33,4.73
230,2,2026-08-04,Afternoon,919,62,8.0,230,2026-08-04,912,100.77,981,6.32,114.88,10,1,1.02,15.49,6,2.58,720.0,704.51,97.85,35.47,1.6,75.4,32.86,180,2,6.7,3.35,10489.34,2,4,8,1,0,1,864.0,6.8,891.67,5.38
231,2,2026-08-04,Night,847,63,8.0,231,2026-08-04,920,92.07,910,6.92,105.88,23,1,2.53,15.49,6,2.58,720.0,704.51,97.85,35.47,1.6,75.4,32.86,180,2,6.7,3.35,10489.34,2,4,8,1,0,2,919.0,6.32,899.67,6.55
244,2,2026-08-05,Morning,920,52,8.0,244,2026-08-05,888,103.6,972,5.35,115.0,15,1,1.54,15.49,6,2.58,720.0,704.51,97.85,35.47,1.6,75.4,32.86,180,2,6.7,3.35,10489.34,2,5,8,2,0,0,847.0,6.92,876.67,6.68
245,2,2026-08-05,Afternoon,838,15,8.0,245,2026-08-05,899,93.21,853,1.76,104.75,2,1,0.23,15.49,6,2.58,720.0,704.51,97.85,35.47,1.6,75.4,32.86,180,2,6.7,3.35,10489.34,2,5,8,2,0,1,920.0,5.35,895.33,6.2
246,2,2026-08-05,Night,951,54,8.0,246,2026-08-05,942,100.96,1005,5.37,118.88,12,1,1.19,15.49,6,2.58,720.0,704.51,97.85,35.47,1.6,75.4,32.86,180,2,6.7,3.35,10489.34,2,5,8,2,0,2,838.0,1.76,868.33,4.68
259,2,2026-08-06,Morning,831,35,8.0,259,2026-08-06,875,94.97,866,4.04,103.88,6,1,0.69,15.49,6,2.58,720.0,704.51,97.85,35.47,1.6,75.4,32.86,180,2,6.7,3.35,10489.34,2,6,8,3,0,0,951.0,5.37,903.0,4.16
260,2,2026-08-06,Afternoon,897,70,8.0,260,2026-08-06,870,103.1,967,7.24,112.12,17,1,1.76,15.49,6,2.58,720.0,704.51,97.85,35.47,1.6,75.4,32.86,180,2,6.7,3.35,10489.34,2,6,8,3,0,1,831.0,4.04,873.33,3.72
261,2,2026-08-06,Night,817,44,8.0,261,2026-08-06,904,90.38,861,5.11,102.12,15,1,1.74,15.49,6,2.58,720.0,704.51,97.85,35.47,1.6,75.4,32.86,180,2,6.7,3.35,10489.34,2,6,8,3,0,2,897.0,7.24,893.0,5.55
274,2,2026-08-07,Morning,908,67,8.0,274,2026-08-07,907,100.11,975,6.87,113.5,10,1,1.03,15.49,6,2.58,720.0,704.51,97.85,35.47,1.6,75.4,32.86,180,2,6.7,3.35,10489.34,2,7,8,4,0,0,817.0,5.11,848.33,5.46
275,2,2026-08-07,Afternoon,895,59,8.0,275,2026-08-07,909,98.46,954,6.18,111.88,11,1,1.15,15.49,6,2.58,720.0,704.51,97.85,35.47,1.6,75.4,32.86,180,2,6.7,3.35,10489.34,2,7,8,4,0,1,908.0,6.87,874.0,6.41
276,2,2026-08-07,Night,891,55,8.0,276,2026-08-07,905,98.45,946,5.81,111.38,10,1,1.06,15.49,6,2.58,720.0,704.51,97.85,35.47,1.6,75.4,32.86,180,2,6.7,3.35,10489.34,2,7,8,4,0,2,895.0,6.18,873.33,6.05
289,2,2026-08-08,Morning,967,63,8.0,289,2026-08-08,874,110.64,1030,6.12,120.88,16,1,1.55,15.49,6,2.58,720.0,704.51,97.85,35.47,1.6,75.4,32.86,180,2,6.7,3.35,10489.34,2,8,8,5,1,0,891.0,5.81,898.0,6.29
290,2,2026-08-08,Afternoon,935,41,8.0,290,2026-08-08,923,101.3,976,4.2,116.88,8,1,0.82,15.49,6,2.58,720.0,704.51,97.85,35.47,1.6,75.4,32.86,180,2,6.7,3.35,10489.34,2,8,8,5,1,1,967.0,6.12,917.67,6.04
291,2,2026-08-08,Night,903,46,8.0,291,2026-08-08,890,101.46,949,4.85,112.88,7,1,0.74,15.49,6,2.58,720.0,704.51,97.85,35.47,1.6,75.4,32.86,180,2,6.7,3.35,10489.34,2,8,8,5,1,2,935.0,4.2,931.0,5.38
304,2,2026-08-09,Morning,863,60,8.0,304,2026-08-09,893,96.64,923,6.5,107.88,20,1,2.17,15.49,6,2.58,720.0,704.51,97.85,35.47,1.6,75.4,32.86,180,2,6.7,3.35,10489.34,2,9,8,6,1,0,903.0,4.85,935.0,5.06
305,2,2026-08-09,Afternoon,876,19,8.0,305,2026-08-09,893,98.1,895,2.12,109.5,4,1,0.45,15.49,6,2.58,720.0,704.51,97.85,35.47,1.6,75.4,32.86,180,2,6.7,3.35,10489.34,2,9,8,6,1,1,863.0,6.5,900.33,5.18
306,2,2026-08-09,Night,930,52,8.0,306,2026-08-09,941,98.83,982,5.3,116.25,16,1,1.63,15.49,6,2.58,720.0,704.51,97.85,35.47,1.6,75.4,32.86,180,2,6.7,3.35,10489.34,2,9,8,6,1,2,876.0,2.12,880.67,4.49
319,2,2026-08-10,Morning,921,39,8.0,319,2026-08-10,901,102.22,960,4.06,115.12,10,1,1.04,15.49,6,2.58,720.0,704.51,97.85,35.47,1.6,75.4,32.86,180,2,6.7,3.35,10489.34,2,10,8,0,0,0,930.0,5.3,889.67,4.64
320,2,2026-08-10,Afternoon,957,37,8.0,320,2026-08-10,860,111.28,994,3.72,119.62,7,1,0.7,15.49,6,2.58,720.0,704.51,97.85,35.47,1.6,75.4,32.86,180,2,6.7,3.35,10489.34,2,10,8,0,0,1,921.0,4.06,909.0,3.83
321,2,2026-08-10,Night,923,62,8.0,321,2026-08-10,918,100.54,985,6.29,115.38,22,1,2.23,15.49,6,2.58,720.0,704.51,97.85,35.47,1.6,75.4,32.86,180,2,6.7,3.35,10489.34,2,10,8,0,0,2,957.0,3.72,936.0,4.36
334,2,2026-08-11,Morning,859,26,8.0,334,2026-08-11,904,95.02,885,2.94,107.38,8,1,0.9,15.49,6,2.58,720.0,704.51,97.85,35.47,1.6,75.4,32.86,180,2,6.7,3.35,10489.34,2,11,8,1,0,0,923.0,6.29,933.67,4.69
335,2,2026-08-11,Afternoon,900,23,8.0,335,2026-08-11,917,98.15,923,2.49,112.5,8,1,0.87,15.49,6,2.58,720.0,704.51,97.85,35.47,1.6,75.4,32.86,180,2,6.7,3.35,10489.34,2,11,8,1,0,1,859.0,2.94,913.0,4.32
336,2,2026-08-11,Night,967,70,8.0,336,2026-08-11,909,106.38,1037,6.75,120.88,22,1,2.12,15.49,6,2.58,720.0,704.51,97.85,35.47,1.6,75.4,32.86,180,2,6.7,3.35,10489.34,2,11,8,1,0,2,900.0,2.49,894.0,3.91
349,2,2026-08-12,Morning,889,58,8.0,349,2026-08-12,906,98.12,947,6.12,111.12,14,1,1.48,15.49,6,2.58,720.0,704.51,97.85,35.47,1.6,75.4,32.86,180,2,6.7,3.35,10489.34,2,12,8,2,0,0,967.0,6.75,908.67,4.06
350,2,2026-08-12,Afternoon,860,17,8.0,350,2026-08-12,884,97.29,877,1.94,107.5,4,1,0.46,15.49,6,2.58,720.0,704.51,97.85,35.47,1.6,75.4,32.86,180,2,6.7,3.35,10489.34,2,12,8,2,0,1,889.0,6.12,918.67,5.12
351,2,2026-08-12,Night,930,56,8.0,351,2026-08-12,898,103.56,986,5.68,116.25,21,1,2.13,15.49,6,2.58,720.0,704.51,97.85,35.47,1.6,75.4,32.86,180,2,6.7,3.35,10489.34,2,12,8,2,0,2,860.0,1.94,905.33,4.94
364,2,2026-08-13,Morning,879,65,8.0,364,2026-08-13,927,94.82,944,6.89,109.88,21,1,2.22,15.49,6,2.58,720.0,704.51,97.85,35.47,1.6,75.4,32.86,180,2,6.7,3.35,10489.34,2,13,8,3,0,0,930.0,5.68,893.0,4.58
365,2,2026-08-13,Afternoon,860,67,8.0,365,2026-08-13,896,95.98,927,7.23,107.5,10,1,1.08,15.49,6,2.58,720.0,704.51,97.85,35.47,1.6,75.4,32.86,180,2,6.7,3.35,10489.34,2,13,8,3,0,1,879.0,6.89,889.67,4.84
366,2,2026-08-13,Night,894,61,8.0,366,2026-08-13,902,99.11,955,6.39,111.75,22,1,2.3,15.49,6,2.58,720.0,704.51,97.85,35.47,1.6,75.4,32.86,180,2,6.7,3.35,10489.34,2,13,8,3,0,2,860.0,7.23,889.67,6.6
379,2,2026-08-14,Morning,973,10,8.0,379,2026-08-14,886,109.82,983,1.02,121.62,3,1,0.31,15.49,6,2.58,720.0,704.51,97.85,35.47,1.6,75.4,32.86,180,2,6.7,3.35,10489.34,2,14,8,4,0,0,894.0,6.39,877.67,6.84
380,2,2026-08-14,Afternoon,945,53,8.0,380,2026-08-14,945,100.0,998,5.31,118.12,12,1,1.2,15.49,6,2.58,720.0,704.51,97.85,35.47,1.6,75.4,32.86,180,2,6.7,3.35,10489.34,2,14,8,4,0,1,973.0,1.02,909.0,4.88
381,2,2026-08-14,Night,889,14,8.0,381,2026-08-14,919,96.74,903,1.55,111.12,3,1,0.33,15.49,6,2.58,720.0,704.51,97.85,35.47,1.6,75.4,32.86,180,2,6.7,3.35,10489.34,2,14,8,4,0,2,945.0,5.31,937.33,4.24
394,2,2026-08-15,Morning,868,33,8.0,394,2026-08-15,905,95.91,901,3.66,108.5,8,1,0.89,15.49,6,2.58,720.0,704.51,97.85,35.47,1.6,75.4,32.86,180,2,6.7,3.35,10489.34,2,15,8,5,1,0,889.0,1.55,935.67,2.63
395,2,2026-08-15,Afternoon,937,11,8.0,395,2026-08-15,902,103.88,948,1.16,117.12,2,1,0.21,15.49,6,2.58,720.0,704.51,97.85,35.47,1.6,75.4,32.86,180,2,6.7,3.35,10489.34,2,15,8,5,1,1,868.0,3.66,900.67,3.51
396,2,2026-08-15,Night,950,24,8.0,396,2026-08-15,898,105.79,974,2.46,118.75,6,1,0.62,15.49,6,2.58,720.0,704.51,97.85,35.47,1.6,75.4,32.86,180,2,6.7,3.35,10489.34,2,15,8,5,1,2,937.0,1.16,898.0,2.12
409,2,2026-08-16,Morning,879,24,8.0,409,2026-08-16,880,99.89,903,2.66,109.88,3,1,0.33,15.49,6,2.58,720.0,704.51,97.85,35.47,1.6,75.4,32.86,180,2,6.7,3.35,10489.34,2,16,8,6,1,0,950.0,2.46,918.33,2.43
410,2,2026-08-16,Afternoon,941,34,8.0,410,2026-08-16,895,105.14,975,3.49,117.62,6,1,0.62,15.49,6,2.58,720.0,704.51,97.85,35.47,1.6,75.4,32.86,180,2,6.7,3.35,10489.34,2,16,8,6,1,1,879.0,2.66,922.0,2.09
411,2,2026-08-16,Night,837,44,8.0,411,2026-08-16,911,91.88,881,4.99,104.62,10,1,1.14,15.49,6,2.58,720.0,704.51,97.85,35.47,1.6,75.4,32.86,180,2,6.7,3.35,10489.34,2,16,8,6,1,2,941.0,3.49,923.33,2.87
424,2,2026-08-17,Morning,868,64,8.0,424,2026-08-17,891,97.42,932,6.87,108.5,24,1,2.58,15.49,6,2.58,720.0,704.51,97.85,35.47,1.6,75.4,32.86,180,2,6.7,3.35,10489.34,2,17,8,0,0,0,837.0,4.99,885.67,3.71
425,2,2026-08-17,Afternoon,907,26,8.0,425,2026-08-17,902,100.55,933,2.79,113.38,4,1,0.43,15.49,6,2.58,720.0,704.51,97.85,35.47,1.6,75.4,32.86,180,2,6.7,3.35,10489.34,2,17,8,0,0,1,868.0,6.87,882.0,5.12
426,2,2026-08-17,Night,860,41,8.0,426,2026-08-17,910,94.51,901,4.55,107.5,15,1,1.66,15.49,6,2.58,720.0,704.51,97.85,35.47,1.6,75.4,32.86,180,2,6.7,3.35,10489.34,2,17,8,0,0,2,907.0,2.79,870.67,4.88
439,2,2026-08-18,Morning,919,56,8.0,439,2026-08-18,886,103.72,975,5.74,114.88,11,1,1.13,15.49,6,2.58,720.0,704.51,97.85,35.47,1.6,75.4,32.86,180,2,6.7,3.35,10489.34,2,18,8,1,0,0,860.0,4.55,878.33,4.74
440,2,2026-08-18,Afternoon,907,22,8.0,440,2026-08-18,905,100.22,929,2.37,113.38,7,1,0.75,15.49,6,2.58,720.0,704.51,97.85,35.47,1.6,75.4,32.86,180,2,6.7,3.35,10489.34,2,18,8,1,0,1,919.0,5.74,895.33,4.36
441,2,2026-08-18,Night,876,39,8.0,441,2026-08-18,883,99.21,915,4.26,109.5,6,1,0.66,15.49,6,2.58,720.0,704.51,97.85,35.47,1.6,75.4,32.86,180,2,6.7,3.35,10489.34,2,18,8,1,0,2,907.0,2.37,895.33,4.22
7,3,2026-07-20,Morning,781,17,8.0,7,2026-07-20,811,96.3,798,2.13,97.62,5,1,0.63,26.39,13,2.03,720.0,693.61,96.33,43.64,3.76,88.87,38.73,180,3,7.48,2.49,21011.44,3,20,7,0,0,0,,,,
8,3,2026-07-20,Afternoon,821,18,8.0,8,2026-07-20,821,100.0,839,2.15,102.62,2,1,0.24,26.39,13,2.03,720.0,693.61,96.33,43.64,3.76,88.87,38.73,180,3,7.48,2.49,21011.44,3,20,7,0,0,1,781.0,2.13,781.0,2.13
9,3,2026-07-20,Night,809,32,8.0,9,2026-07-20,816,99.14,841,3.8,101.12,11,1,1.31,26.39,13,2.03,720.0,693.61,96.33,43.64,3.76,88.87,38.73,180,3,7.48,2.49,21011.44,3,20,7,0,0,2,821.0,2.15,801.0,2.14
22,3,2026-07-21,Morning,751,34,8.0,22,2026-07-21,800,93.88,785,4.33,93.88,7,1,0.89,26.39,13,2.03,720.0,693.61,96.33,43.64,3.76,88.87,38.73,180,3,7.48,2.49,21011.44,3,21,7,1,0,0,809.0,3.8,803.67,2.69
23,3,2026-07-21,Afternoon,746,58,8.0,23,2026-07-21,818,91.2,804,7.21,93.25,11,1,1.37,26.39,13,2.03,720.0,693.61,96.33,43.64,3.76,88.87,38.73,180,3,7.48,2.49,21011.44,3,21,7,1,0,1,751.0,4.33,793.67,3.43
24,3,2026-07-21,Night,807,51,8.0,24,2026-07-21,789,102.28,858,5.94,100.88,20,1,2.33,26.39,13,2.03,720.0,693.61,96.33,43.64,3.76,88.87,38.73,180,3,7.48,2.49,21011.44,3,21,7,1,0,2,746.0,7.21,768.67,5.11
37,3,2026-07-22,Morning,766,53,8.0,37,2026-07-22,820,93.41,819,6.47,95.75,9,1,1.1,26.39,13,2.03,720.0,693.61,96.33,43.64,3.76,88.87,38.73,180,3,7.48,2.49,21011.44,3,22,7,2,0,0,807.0,5.94,768.0,5.83
38,3,2026-07-22,Afternoon,787,42,8.0,38,2026-07-22,770,102.21,829,5.07,98.38,14,1,1.69,26.39,13,2.03,720.0,693.61,96.33,43.64,3.76,88.87,38.73,180,3,7.48,2.49,21011.44,3,22,7,2,0,1,766.0,6.47,773.0,6.54
39,3,2026-07-22,Night,780,24,8.0,39,2026-07-22,805,96.89,804,2.99,97.5,5,1,0.62,26.39,13,2.03,720.0,693.61,96.33,43.64,3.76,88.87,38.73,180,3,7.48,2.49,21011.44,3,22,7,2,0,2,787.0,5.07,786.67,5.83
52,3,2026-07-23,Morning,779,51,8.0,52,2026-07-23,794,98.11,830,6.14,97.38,17,1,2.05,26.39,13,2.03,720.0,693.61,96.33,43.64,3.76,88.87,38.73,180,3,7.48,2.49,21011.44,3,23,7,3,0,0,780.0,2.99,777.67,4.84
53,3,2026-07-23,Afternoon,836,55,8.0,53,2026-07-23,773,108.15,891,6.17,104.5,19,1,2.13,26.39,13,2.03,720.0,693.61,96.33,43.64,3.76,88.87,38.73,180,3,7.48,2.49,21011.44,3,23,7,3,0,1,779.0,6.14,782.0,4.73
54,3,2026-07-23,Night,813,18,8.0,54,2026-07-23,781,104.1,831,2.17,101.62,4,1,0.48,26.39,13,2.03,720.0,693.61,96.33,43.64,3.76,88.87,38.73,180,3,7.48,2.49,21011.44,3,23,7,3,0,2,836.0,6.17,798.33,5.1
67,3,2026-07-24,Morning,723,21,8.0,67,2026-07-24,803,90.04,744,2.82,90.38,6,1,0.81,26.39,13,2.03,720.0,693.61,96.33,43.64,3.76,88.87,38.73,180,3,7.48,2.49,21011.44,3,24,7,4,0,0,813.0,2.17,809.33,4.83
68,3,2026-07-24,Afternoon,798,10,8.0,68,2026-07-24,809,98.64,808,1.24,99.75,2,1,0.25,26.39,13,2.03,720.0,693.61,96.33,43.64,3.76,88.87,38.73,180,3,7.48,2.49,21011.44,3,24,7,4,0,1,723.0,2.82,790.67,3.72
69,3,2026-07-24,Night,802,10,8.0,69,2026-07-24,805,99.63,812,1.23,100.25,2,1,0.25,26.39,13,2.03,720.0,693.61,96.33,43.64,3.76,88.87,38.73,180,3,7.48,2.49,21011.44,3,24,7,4,0,2,798.0,1.24,778.0,2.08
82,3,2026-07-25,Morning,861,16,8.0,82,2026-07-25,812,106.03,877,1.82,107.62,3,1,0.34,26.39,13,2.03,720.0,693.61,96.33,43.64,3.76,88.87,38.73,180,3,7.48,2.49,21011.44,3,25,7,5,1,0,802.0,1.23,774.33,1.76
83,3,2026-07-25,Afternoon,768,57,8.0,83,2026-07-25,804,95.52,825,6.91,96.0,19,1,2.3,26.39,13,2.03,720.0,693.61,96.33,43.64,3.76,88.87,38.73,180,3,7.48,2.49,21011.44,3,25,7,5,1,1,861.0,1.82,820.33,1.43
84,3,2026-07-25,Night,787,56,8.0,84,2026-07-25,769,102.34,843,6.64,98.38,14,1,1.66,26.39,13,2.03,720.0,693.61,96.33,43.64,3.76,88.87,38.73,180,3,7.48,2.49,21011.44,3,25,7,5,1,2,768.0,6.91,810.33,3.32
97,3,2026-07-26,Morning,874,48,8.0,97,2026-07-26,799,109.39,922,5.21,109.25,11,1,1.19,26.39,13,2.03,720.0,693.61,96.33,43.64,3.76,88.87,38.73,180,3,7.48,2.49,21011.44,3,26,7,6,1,0,787.0,6.64,805.33,5.12
98,3,2026-07-26,Afternoon,818,21,8.0,98,2026-07-26,835,97.96,839,2.5,102.25,3,1,0.36,26.39,13,2.03,720.0,693.61,96.33,43.64,3.76,88.87,38.73,180,3,7.48,2.49,21011.44,3,26,7,6,1,1,874.0,5.21,809.67,6.25
99,3,2026-07-26,Night,761,24,8.0,99,2026-07-26,789,96.45,785,3.06,95.12,4,1,0.51,26.39,13,2.03,720.0,693.61,96.33,43.64,3.76,88.87,38.73,180,3,7.48,2.49,21011.44,3,26,7,6,1,2,818.0,2.5,826.33,4.78
112,3,2026-07-27,Morning,819,62,8.0,112,2026-07-27,822,99.64,881,7.04,102.38,19,1,2.16,26.39,13,2.03,720.0,693.61,96.33,43.64,3.76,88.87,38.73,180,3,7.48,2.49,21011.44,3,27,7,0,0,0,761.0,3.06,817.67,3.59
113,3,2026-07-27,Afternoon,791,8,8.0,113,2026-07-27,816,96.94,799,1.0,98.88,1,1,0.13,26.39,13,2.03,720.0,693.61,96.33,43.64,3.76,88.87,38.73,180,3,7.48,2.49,21011.44,3,27,7,0,0,1,819.0,7.04,799.33,4.2
114,3,2026-07-27,Night,828,62,8.0,114,2026-07-27,810,102.22,890,6.97,103.5,22,1,2.47,26.39,13,2.03,720.0,693.61,96.33,43.64,3.76,88.87,38.73,180,3,7.48,2.49,21011.44,3,27,7,0,0,2,791.0,1.0,790.33,3.7
127,3,2026-07-28,Morning,820,57,8.0,127,2026-07-28,803,102.12,877,6.5,102.5,15,1,1.71,26.39,13,2.03,720.0,693.61,96.33,43.64,3.76,88.87,38.73,180,3,7.48,2.49,21011.44,3,28,7,1,0,0,828.0,6.97,812.67,5.0
128,3,2026-07-28,Afternoon,820,60,8.0,128,2026-07-28,800,102.5,880,6.82,102.5,9,1,1.02,26.39,13,2.03,720.0,693.61,96.33,43.64,3.76,88.87,38.73,180,3,7.48,2.49,21011.44,3,28,7,1,0,1,820.0,6.5,813.0,4.82
129,3,2026-07-28,Night,820,54,8.0,129,2026-07-28,772,106.22,874,6.18,102.5,18,1,2.06,26.39,13,2.03,720.0,693.61,96.33,43.64,3.76,88.87,38.73,180,3,7.48,2.49,21011.44,3,28,7,1,0,2,820.0,6.82,822.67,6.76
142,3,2026-07-29,Morning,773,42,8.0,142,2026-07-29,803,96.26,815,5.15,96.62,12,1,1.47,26.39,13,2.03,720.0,693.61,96.33,43.64,3.76,88.87,38.73,180,3,7.48,2.49,21011.44,3,29,7,2,0,0,820.0,6.18,820.0,6.5
143,3,2026-07-29,Afternoon,718,47,8.0,143,2026-07-29,821,87.45,765,6.14,89.75,14,1,1.83,26.39,13,2.03,720.0,693.61,96.33,43.64,3.76,88.87,38.73,180,3,7.48,2.49,21011.44,3,29,7,2,0,1,773.0,5.15,804.33,6.05
144,3,2026-07-29,Night,807,23,8.0,144,2026-07-29,779,103.59,830,2.77,100.88,6,1,0.72,26.39,13,2.03,720.0,693.61,96.33,43.64,3.76,88.87,38.73,180,3,7.48,2.49,21011.44,3,29,7,2,0,2,718.0,6.14,770.33,5.82
157,3,2026-07-30,Morning,817,35,8.0,157,2026-07-30,808,101.11,852,4.11,102.12,7,1,0.82,26.39,13,2.03,720.0,693.61,96.33,43.64,3.76,88.87,38.73,180,3,7.48,2.49,21011.44,3,30,7,3,0,0,807.0,2.77,766.0,4.69
158,3,2026-07-30,Afternoon,830,13,8.0,158,2026-07-30,789,105.2,843,1.54,103.75,2,1,0.24,26.39,13,2.03,720.0,693.61,96.33,43.64,3.76,88.87,38.73,180,3,7.48,2.49,21011.44,3,30,7,3,0,1,817.0,4.11,780.67,4.34
159,3,2026-07-30,Night,670,14,8.0,159,2026-07-30,779,86.01,684,2.05,83.75,4,1,0.58,26.39,13,2.03,720.0,693.61,96.33,43.64,3.76,88.87,38.73,180,3,7.48,2.49,21011.44,3,30,7,3,0,2,830.0,1.54,818.0,2.81
172,3,2026-07-31,Morning,823,60,8.0,172,2026-07-31,804,102.36,883,6.8,102.88,18,1,2.04,26.39,13,2.03,720.0,693.61,96.33,43.64,3.76,88.87,38.73,180,3,7.48,2.49,21011.44,3,31,7,4,0,0,670.0,2.05,772.33,2.57
173,3,2026-07-31,Afternoon,811,12,8.0,173,2026-07-31,795,102.01,823,1.46,101.38,2,1,0.24,26.39,13,2.03,720.0,693.61,96.33,43.64,3.76,88.87,38.73,180,3,7.48,2.49,21011.44,3,31,7,4,0,1,823.0,6.8,774.33,3.46
174,3,2026-07-31,Night,775,25,8.0,174,2026-07-31,807,96.03,800,3.12,96.88,7,1,0.88,26.39,13,2.03,720.0,693.61,96.33,43.64,3.76,88.87,38.73,180,3,7.48,2.49,21011.44,3,31,7,4,0,2,811.0,1.46,768.0,3.44
187,3,2026-08-01,Morning,852,27,8.0,187,2026-08-01,798,106.77,879,3.07,106.5,9,1,1.02,26.39,13,2.03,720.0,693.61,96.33,43.64,3.76,88.87,38.73,180,3,7.48,2.49,21011.44,3,1,8,5,1,0,775.0,3.12,803.0,3.79
188,3,2026-08-01,Afternoon,800,58,8.0,188,2026-08-01,828,96.62,858,6.76,100.0,23,1,2.68,26.39,13,2.03,720.0,693.61,96.33,43.64,3.76,88.87,38.73,180,3,7.48,2.49,21011.44,3,1,8,5,1,1,852.0,3.07,812.67,2.55
189,3,2026-08-01,Night,812,62,8.0,189,2026-08-01,786,103.31,874,7.09,101.5,15,1,1.72,26.39,13,2.03,720.0,693.61,96.33,43.64,3.76,88.87,38.73,180,3,7.48,2.49,21011.44,3,1,8,5,1,2,800.0,6.76,809.0,4.32
202,3,2026-08-02,Morning,779,52,8.0,202,2026-08-02,815,95.58,831,6.26,97.38,11,1,1.32,26.39,13,2.03,720.0,693.61,96.33,43.64,3.76,88.87,38.73,180,3,7.48,2.49,21011.44,3,2,8,6,1,0,812.0,7.09,821.33,5.64
203,3,2026-08-02,Afternoon,781,12,8.0,203,2026-08-02,815,95.83,793,1.51,97.62,1,1,0.13,26.39,13,2.03,720.0,693.61,96.33,43.64,3.76,88.87,38.73,180,3,7.48,2.49,21011.44,3,2,8,6,1,1,779.0,6.26,797.0,6.7
204,3,2026-08-02,Night,809,63,8.0,204,2026-08-02,808,100.12,872,7.22,101.12,21,1,2.41,26.39,13,2.03,720.0,693.61,96.33,43.64,3.76,88.87,38.73,180,3,7.48,2.49,21011.44,3,2,8,6,1,2,781.0,1.51,790.67,4.95
217,3,2026-08-03,Morning,808,12,8.0,217,2026-08-03,779,103.72,820,1.46,101.0,4,1,0.49,26.39,13,2.03,720.0,693.61,96.33,43.64,3.76,88.87,38.73,180,3,7.48,2.49,21011.44,3,3,8,0,0,0,809.0,7.22,789.67,5.0
218,3,2026-08-03,Afternoon,800,39,8.0,218,2026-08-03,794,100.76,839,4.65,100.0,7,1,0.83,26.39,13,2.03,720.0,693.61,96.33,43.64,3.76,88.87,38.73,180,3,7.48,2.49,21011.44,3,3,8,0,0,1,808.0,1.46,799.33,3.4
219,3,2026-08-03,Night,800,43,8.0,219,2026-08-03,835,95.81,843,5.1,100.0,16,1,1.9,26.39,13,2.03,720.0,693.61,96.33,43.64,3.76,88.87,38.73,180,3,7.48,2.49,21011.44,3,3,8,0,0,2,800.0,4.65,805.67,4.44
232,3,2026-08-04,Morning,873,61,8.0,232,2026-08-04,789,110.65,934,6.53,109.12,9,1,0.96,26.39,13,2.03,720.0,693.61,96.33,43.64,3.76,88.87,38.73,180,3,7.48,2.49,21011.44,3,4,8,1,0,0,800.0,5.1,802.67,3.74
233,3,2026-08-04,Afternoon,847,67,8.0,233,2026-08-04,826,102.54,914,7.33,105.88,12,1,1.31,26.39,13,2.03,720.0,693.61,96.33,43.64,3.76,88.87,38.73,180,3,7.48,2.49,21011.44,3,4,8,1,0,1,873.0,6.53,824.33,5.43
234,3,2026-08-04,Night,781,16,8.0,234,2026-08-04,803,97.26,797,2.01,97.62,2,1,0.25,26.39,13,2.03,720.0,693.61,96.33,43.64,3.76,88.87,38.73,180,3,7.48,2.49,21011.44,3,4,8,1,0,2,847.0,7.33,840.0,6.32
247,3,2026-08-05,Morning,862,40,8.0,247,2026-08-05,834,103.36,902,4.43,107.75,9,1,1.0,26.39,13,2.03,720.0,693.61,96.33,43.64,3.76,88.87,38.73,180,3,7.48,2.49,21011.44,3,5,8,2,0,0,781.0,2.01,833.67,5.29
248,3,2026-08-05,Afternoon,804,56,8.0,248,2026-08-05,808,99.5,860,6.51,100.5,18,1,2.09,26.39,13,2.03,720.0,693.61,96.33,43.64,3.76,88.87,38.73,180,3,7.48,2.49,21011.44,3,5,8,2,0,1,862.0,4.43,830.0,4.59
249,3,2026-08-05,Night,882,62,8.0,249,2026-08-05,800,110.25,944,6.57,110.25,24,1,2.54,26.39,13,2.03,720.0,693.61,96.33,43.64,3.76,88.87,38.73,180,3,7.48,2.49,21011.44,3,5,8,2,0,2,804.0,6.51,815.67,4.32
262,3,2026-08-06,Morning,796,21,8.0,262,2026-08-06,820,97.07,817,2.57,99.5,5,1,0.61,26.39,13,2.03,720.0,693.61,96.33,43.64,3.76,88.87,38.73,180,3,7.48,2.49,21011.44,3,6,8,3,0,0,882.0,6.57,849.33,5.84
263,3,2026-08-06,Afternoon,814,18,8.0,263,2026-08-06,833,97.72,832,2.16,101.75,3,1,0.36,26.39,13,2.03,720.0,693.61,96.33,43.64,3.76,88.87,38.73,180,3,7.48,2.49,21011.44,3,6,8,3,0,1,796.0,2.57,827.33,5.22
264,3,2026-08-06,Night,762,26,8.0,264,2026-08-06,790,96.46,788,3.3,95.25,8,1,1.02,26.39,13,2.03,720.0,693.61,96.33,43.64,3.76,88.87,38.73,180,3,7.48,2.49,21011.44,3,6,8,3,0,2,814.0,2.16,830.67,3.77
277,3,2026-08-07,Morning,778,27,8.0,277,2026-08-07,788,98.73,805,3.35,97.25,9,1,1.12,26.39,13,2.03,720.0,693.61,96.33,43.64,3.76,88.87,38.73,180,3,7.48,2.49,21011.44,3,7,8,4,0,0,762.0,3.3,790.67,2.68
278,3,2026-08-07,Afternoon,776,34,8.0,278,2026-08-07,786,98.73,810,4.2,97.0,10,1,1.23,26.39,13,2.03,720.0,693.61,96.33,43.64,3.76,88.87,38.73,180,3,7.48,2.49,21011.44,3,7,8,4,0,1,778.0,3.35,784.67,2.94
279,3,2026-08-07,Night,739,31,8.0,279,2026-08-07,799,92.49,770,4.03,92.38,11,1,1.43,26.39,13,2.03,720.0,693.61,96.33,43.64,3.76,88.87,38.73,180,3,7.48,2.49,21011.44,3,7,8,4,0,2,776.0,4.2,772.0,3.62
292,3,2026-08-08,Morning,765,47,8.0,292,2026-08-08,806,94.91,812,5.79,95.62,16,1,1.97,26.39,13,2.03,720.0,693.61,96.33,43.64,3.76,88.87,38.73,180,3,7.48,2.49,21011.44,3,8,8,5,1,0,739.0,4.03,764.33,3.86
293,3,2026-08-08,Afternoon,758,22,8.0,293,2026-08-08,799,94.87,780,2.82,94.75,4,1,0.51,26.39,13,2.03,720.0,693.61,96.33,43.64,3.76,88.87,38.73,180,3,7.48,2.49,21011.44,3,8,8,5,1,1,765.0,5.79,760.0,4.67
294,3,2026-08-08,Night,792,28,8.0,294,2026-08-08,809,97.9,820,3.41,99.0,6,1,0.73,26.39,13,2.03,720.0,693.61,96.33,43.64,3.76,88.87,38.73,180,3,7.48,2.49,21011.44,3,8,8,5,1,2,758.0,2.82,754.0,4.21
307,3,2026-08-09,Morning,803,40,8.0,307,2026-08-09,807,99.5,843,4.74,100.38,9,1,1.07,26.39,13,2.03,720.0,693.61,96.33,43.64,3.76,88.87,38.73,180,3,7.48,2.49,21011.44,3,9,8,6,1,0,792.0,3.41,771.67,4.01
308,3,2026-08-09,Afternoon,830,24,8.0,308,2026-08-09,808,102.72,854,2.81,103.75,8,1,0.94,26.39,13,2.03,720.0,693.61,96.33,43.64,3.76,88.87,38.73,180,3,7.48,2.49,21011.44,3,9,8,6,1,1,803.0,4.74,784.33,3.66
309,3,2026-08-09,Night,773,25,8.0,309,2026-08-09,820,94.27,798,3.13,96.62,4,1,0.5,26.39,13,2.03,720.0,693.61,96.33,43.64,3.76,88.87,38.73,180,3,7.48,2.49,21011.44,3,9,8,6,1,2,830.0,2.81,808.33,3.65
322,3,2026-08-10,Morning,791,61,8.0,322,2026-08-10,806,98.14,852,7.16,98.88,12,1,1.41,26.39,13,2.03,720.0,693.61,96.33,43.64,3.76,88.87,38.73,180,3,7.48,2.49,21011.44,3,10,8,0,0,0,773.0,3.13,802.0,3.56
323,3,2026-08-10,Afternoon,814,61,8.0,323,2026-08-10,819,99.39,875,6.97,101.75,21,1,2.4,26.39,13,2.03,720.0,693.61,96.33,43.64,3.76,88.87,38.73,180,3,7.48,2.49,21011.44,3,10,8,0,0,1,791.0,7.16,798.0,4.37
324,3,2026-08-10,Night,775,17,8.0,324,2026-08-10,742,104.45,792,2.15,96.88,3,1,0.38,26.39,13,2.03,720.0,693.61,96.33,43.64,3.76,88.87,38.73,180,3,7.48,2.49,21011.44,3,10,8,0,0,2,814.0,6.97,792.67,5.75
337,3,2026-08-11,Morning,833,61,8.0,337,2026-08-11,803,103.74,894,6.82,104.12,12,1,1.34,26.39,13,2.03,720.0,693.61,96.33,43.64,3.76,88.87,38.73,180,3,7.48,2.49,21011.44,3,11,8,1,0,0,775.0,2.15,793.33,5.43
338,3,2026-08-11,Afternoon,711,38,8.0,338,2026-08-11,807,88.1,749,5.07,88.88,6,1,0.8,26.39,13,2.03,720.0,693.61,96.33,43.64,3.76,88.87,38.73,180,3,7.48,2.49,21011.44,3,11,8,1,0,1,833.0,6.82,807.33,5.31
339,3,2026-08-11,Night,740,14,8.0,339,2026-08-11,848,87.26,754,1.86,92.5,3,1,0.4,26.39,13,2.03,720.0,693.61,96.33,43.64,3.76,88.87,38.73,180,3,7.48,2.49,21011.44,3,11,8,1,0,2,711.0,5.07,773.0,4.68
352,3,2026-08-12,Morning,763,41,8.0,352,2026-08-12,806,94.67,804,5.1,95.38,9,1,1.12,26.39,13,2.03,720.0,693.61,96.33,43.64,3.76,88.87,38.73,180,3,7.48,2.49,21011.44,3,12,8,2,0,0,740.0,1.86,761.33,4.58
353,3,2026-08-12,Afternoon,816,22,8.0,353,2026-08-12,806,101.24,838,2.63,102.0,7,1,0.84,26.39,13,2.03,720.0,693.61,96.33,43.64,3.76,88.87,38.73,180,3,7.48,2.49,21011.44,3,12,8,2,0,1,763.0,5.1,738.0,4.01
354,3,2026-08-12,Night,875,29,8.0,354,2026-08-12,808,108.29,904,3.21,109.38,10,1,1.11,26.39,13,2.03,720.0,693.61,96.33,43.64,3.76,88.87,38.73,180,3,7.48,2.49,21011.44,3,12,8,2,0,2,816.0,2.63,773.0,3.2
367,3,2026-08-13,Morning,802,41,8.0,367,2026-08-13,796,100.75,843,4.86,100.25,12,1,1.42,26.39,13,2.03,720.0,693.61,96.33,43.64,3.76,88.87,38.73,180,3,7.48,2.49,21011.44,3,13,8,3,0,0,875.0,3.21,818.0,3.65
368,3,2026-08-13,Afternoon,843,31,8.0,368,2026-08-13,800,105.38,874,3.55,105.38,12,1,1.37,26.39,13,2.03,720.0,693.61,96.33,43.64,3.76,88.87,38.73,180,3,7.48,2.49,21011.44,3,13,8,3,0,1,802.0,4.86,831.0,3.57
369,3,2026-08-13,Night,793,52,8.0,369,2026-08-13,778,101.93,845,6.15,99.12,18,1,2.13,26.39,13,2.03,720.0,693.61,96.33,43.64,3.76,88.87,38.73,180,3,7.48,2.49,21011.44,3,13,8,3,0,2,843.0,3.55,840.0,3.87
382,3,2026-08-14,Morning,755,60,8.0,382,2026-08-14,793,95.21,815,7.36,94.38,18,1,2.21,26.39,13,2.03,720.0,693.61,96.33,43.64,3.76,88.87,38.73,180,3,7.48,2.49,21011.44,3,14,8,4,0,0,793.0,6.15,812.67,4.85
383,3,2026-08-14,Afternoon,902,13,8.0,383,2026-08-14,750,120.27,915,1.42,112.75,4,1,0.44,26.39,13,2.03,720.0,693.61,96.33,43.64,3.76,88.87,38.73,180,3,7.48,2.49,21011.44,3,14,8,4,0,1,755.0,7.36,797.0,5.69
384,3,2026-08-14,Night,802,50,8.0,384,2026-08-14,845,94.91,852,5.87,100.25,10,1,1.17,26.39,13,2.03,720.0,693.61,96.33,43.64,3.76,88.87,38.73,180,3,7.48,2.49,21011.44,3,14,8,4,0,2,902.0,1.42,816.67,4.98
397,3,2026-08-15,Morning,828,9,8.0,397,2026-08-15,784,105.61,837,1.08,103.5,1,1,0.12,26.39,13,2.03,720.0,693.61,96.33,43.64,3.76,88.87,38.73,180,3,7.48,2.49,21011.44,3,15,8,5,1,0,802.0,5.87,819.67,4.88
398,3,2026-08-15,Afternoon,754,13,8.0,398,2026-08-15,794,94.96,767,1.69,94.25,3,1,0.39,26.39,13,2.03,720.0,693.61,96.33,43.64,3.76,88.87,38.73,180,3,7.48,2.49,21011.44,3,15,8,5,1,1,828.0,1.08,844.0,2.79
399,3,2026-08-15,Night,779,43,8.0,399,2026-08-15,766,101.7,822,5.23,97.38,6,1,0.73,26.39,13,2.03,720.0,693.61,96.33,43.64,3.76,88.87,38.73,180,3,7.48,2.49,21011.44,3,15,8,5,1,2,754.0,1.69,794.67,2.88
412,3,2026-08-16,Morning,824,31,8.0,412,2026-08-16,780,105.64,855,3.63,103.0,10,1,1.17,26.39,13,2.03,720.0,693.61,96.33,43.64,3.76,88.87,38.73,180,3,7.48,2.49,21011.44,3,16,8,6,1,0,779.0,5.23,787.0,2.67
413,3,2026-08-16,Afternoon,716,21,8.0,413,2026-08-16,802,89.28,737,2.85,89.5,6,1,0.81,26.39,13,2.03,720.0,693.61,96.33,43.64,3.76,88.87,38.73,180,3,7.48,2.49,21011.44,3,16,8,6,1,1,824.0,3.63,785.67,3.52
414,3,2026-08-16,Night,867,66,8.0,414,2026-08-16,773,112.16,933,7.07,108.38,21,1,2.25,26.39,13,2.03,720.0,693.61,96.33,43.64,3.76,88.87,38.73,180,3,7.48,2.49,21011.44,3,16,8,6,1,2,716.0,2.85,773.0,3.9
427,3,2026-08-17,Morning,841,20,8.0,427,2026-08-17,800,105.12,861,2.32,105.12,6,1,0.7,26.39,13,2.03,720.0,693.61,96.33,43.64,3.76,88.87,38.73,180,3,7.48,2.49,21011.44,3,17,8,0,0,0,867.0,7.07,802.33,4.52
428,3,2026-08-17,Afternoon,818,8,8.0,428,2026-08-17,800,102.25,826,0.97,102.25,2,1,0.24,26.39,13,2.03,720.0,693.61,96.33,43.64,3.76,88.87,38.73,180,3,7.48,2.49,21011.44,3,17,8,0,0,1,841.0,2.32,808.0,4.08
429,3,2026-08-17,Night,810,42,8.0,429,2026-08-17,785,103.18,852,4.93,101.25,6,1,0.7,26.39,13,2.03,720.0,693.61,96.33,43.64,3.76,88.87,38.73,180,3,7.48,2.49,21011.44,3,17,8,0,0,2,818.0,0.97,842.0,3.45
442,3,2026-08-18,Morning,804,41,8.0,442,2026-08-18,842,95.49,845,4.85,100.5,13,1,1.54,26.39,13,2.03,720.0,693.61,96.33,43.64,3.76,88.87,38.73,180,3,7.48,2.49,21011.44,3,18,8,1,0,0,810.0,4.93,823.0,2.74
443,3,2026-08-18,Afternoon,845,14,8.0,443,2026-08-18,776,108.89,859,1.63,105.62,3,1,0.35,26.39,13,2.03,720.0,693.61,96.33,43.64,3.76,88.87,38.73,180,3,7.48,2.49,21011.44,3,18,8,1,0,1,804.0,4.85,810.67,3.58
444,3,2026-08-18,Night,771,11,8.0,444,2026-08-18,806,95.66,782,1.41,96.38,2,1,0.26,26.39,13,2.03,720.0,693.61,96.33,43.64,3.76,88.87,38.73,180,3,7.48,2.49,21011.44,3,18,8,1,0,2,845.0,1.63,819.67,3.8
10,4,2026-07-20,Morning,903,27,8.0,10,2026-07-20,1009,89.49,930,2.9,112.88,8,1,0.86,16.3,6,2.72,720.0,703.7,97.74,33.98,1.24,75.49,31.59,180,2,2.33,1.16,3939.47,2,20,7,0,0,0,,,,
11,4,2026-07-20,Afternoon,939,28,8.0,11,2026-07-20,998,94.09,967,2.9,117.38,10,1,1.03,16.3,6,2.72,720.0,703.7,97.74,33.98,1.24,75.49,31.59,180,2,2.33,1.16,3939.47,2,20,7,0,0,1,903.0,2.9,903.0,2.9
12,4,2026-07-20,Night,992,35,8.0,12,2026-07-20,966,102.69,1027,3.41,124.0,5,1,0.49,16.3,6,2.72,720.0,703.7,97.74,33.98,1.24,75.49,31.59,180,2,2.33,1.16,3939.47,2,20,7,0,0,2,939.0,2.9,921.0,2.9
25,4,2026-07-21,Morning,1009,16,8.0,25,2026-07-21,1001,100.8,1025,1.56,126.12,3,1,0.29,16.3,6,2.72,720.0,703.7,97.74,33.98,1.24,75.49,31.59,180,2,2.33,1.16,3939.47,2,21,7,1,0,0,992.0,3.41,944.67,3.07
26,4,2026-07-21,Afternoon,986,23,8.0,26,2026-07-21,990,99.6,1009,2.28,123.25,7,1,0.69,16.3,6,2.72,720.0,703.7,97.74,33.98,1.24,75.49,31.59,180,2,2.33,1.16,3939.47,2,21,7,1,0,1,1009.0,1.56,980.0,2.62
27,4,2026-07-21,Night,975,36,8.0,27,2026-07-21,991,98.39,1011,3.56,121.88,5,1,0.49,16.3,6,2.72,720.0,703.7,97.74,33.98,1.24,75.49,31.59,180,2,2.33,1.16,3939.47,2,21,7,1,0,2,986.0,2.28,995.67,2.42
40,4,2026-07-22,Morning,972,31,8.0,40,2026-07-22,1017,95.58,1003,3.09,121.5,5,1,0.5,16.3,6,2.72,720.0,703.7,97.74,33.98,1.24,75.49,31.59,180,2,2.33,1.16,3939.47,2,22,7,2,0,0,975.0,3.56,990.0,2.47
41,4,2026-07-22,Afternoon,1012,72,8.0,41,2026-07-22,1001,101.1,1084,6.64,126.5,24,1,2.21,16.3,6,2.72,720.0,703.7,97.74,33.98,1.24,75.49,31.59,180,2,2.33,1.16,3939.47,2,22,7,2,0,1,972.0,3.09,977.67,2.98
42,4,2026-07-22,Night,1034,44,8.0,42,2026-07-22,1021,101.27,1078,4.08,129.25,13,1,1.21,16.3,6,2.72,720.0,703.7,97.74,33.98,1.24,75.49,31.59,180,2,2.33,1.16,3939.47,2,22,7,2,0,2,1012.0,6.64,986.33,4.43
55,4,2026-07-23,Morning,983,65,8.0,55,2026-07-23,979,100.41,1048,6.2,122.88,11,1,1.05,16.3,6,2.72,720.0,703.7,97.74,33.98,1.24,75.49,31.59,180,2,2.33,1.16,3939.47,2,23,7,3,0,0,1034.0,4.08,1006.0,4.6
56,4,2026-07-23,Afternoon,1018,74,8.0,56,2026-07-23,984,103.46,1092,6.78,127.25,22,1,2.01,16.3,6,2.72,720.0,703.7,97.74,33.98,1.24,75.49,31.59,180,2,2.33,1.16,3939.47,2,23,7,3,0,1,983.0,6.2,1009.67,5.64
57,4,2026-07-23,Night,951,24,8.0,57,2026-07-23,999,95.2,975,2.46,118.88,8,1,0.82,16.3,6,2.72,720.0,703.7,97.74,33.98,1.24,75.49,31.59,180,2,2.33,1.16,3939.47,2,23,7,3,0,2,1018.0,6.78,1011.67,5.69
70,4,2026-07-24,Morning,1078,31,8.0,70,2026-07-24,1049,102.76,1109,2.8,134.75,9,1,0.81,16.3,6,2.72,720.0,703.7,97.74,33.98,1.24,75.49,31.59,180,2,2.33,1.16,3939.47,2,24,7,4,0,0,951.0,2.46,984.0,5.15
71,4,2026-07-24,Afternoon,972,19,8.0,71,2026-07-24,987,98.48,991,1.92,121.5,3,1,0.3,16.3,6,2.72,720.0,703.7,97.74,33.98,1.24,75.49,31.59,180,2,2.33,1.16,3939.47,2,24,7,4,0,1,1078.0,2.8,1015.67,4.01
72,4,2026-07-24,Night,992,43,8.0,72,2026-07-24,989,100.3,1035,4.15,124.0,11,1,1.06,16.3,6,2.72,720.0,703.7,97.74,33.98,1.24,75.49,31.59,180,2,2.33,1.16,3939.47,2,24,7,4,0,2,972.0,1.92,1000.33,2.39
85,4,2026-07-25,Morning,1012,68,8.0,85,2026-07-25,1030,98.25,1080,6.3,126.5,12,1,1.11,16.3,6,2.72,720.0,703.7,97.74,33.98,1.24,75.49,31.59,180,2,2.33,1.16,3939.47,2,25,7,5,1,0,992.0,4.15,1014.0,2.96
86,4,2026-07-25,Afternoon,930,45,8.0,86,2026-07-25,1035,89.86,975,4.62,116.25,15,1,1.54,16.3,6,2.72,720.0,703.7,97.74,33.98,1.24,75.49,31.59,180,2,2.33,1.16,3939.47,2,25,7,5,1,1,1012.0,6.3,992.0,4.12
87,4,2026-07-25,Night,915,15,8.0,87,2026-07-25,987,92.71,930,1.61,114.38,2,1,0.22,16.3,6,2.72,720.0,703.7,97.74,33.98,1.24,75.49,31.59,180,2,2.33,1.16,3939.47,2,25,7,5,1,2,930.0,4.62,978.0,5.02
100,4,2026-07-26,Morning,1011,62,8.0,100,2026-07-26,1004,100.7,1073,5.78,126.38,9,1,0.84,16.3,6,2.72,720.0,703.7,97.74,33.98,1.24,75.49,31.59,180,2,2.33,1.16,3939.47,2,26,7,6,1,0,915.0,1.61,952.33,4.18
101,4,2026-07-26,Afternoon,1018,57,8.0,101,2026-07-26,999,101.9,1075,5.3,127.25,19,1,1.77,16.3,6,2.72,720.0,703.7,97.74,33.98,1.24,75.49,31.59,180,2,2.33,1.16,3939.47,2,26,7,6,1,1,1011.0,5.78,952.0,4.0
102,4,2026-07-26,Night,996,49,8.0,102,2026-07-26,1023,97.36,1045,4.69,124.5,9,1,0.86,16.3,6,2.72,720.0,703.7,97.74,33.98,1.24,75.49,31.59,180,2,2.33,1.16,3939.47,2,26,7,6,1,2,1018.0,5.3,981.33,4.23
115,4,2026-07-27,Morning,998,77,8.0,115,2026-07-27,1021,97.75,1075,7.16,124.75,26,1,2.42,16.3,6,2.72,720.0,703.7,97.74,33.98,1.24,75.49,31.59,180,2,2.33,1.16,3939.47,2,27,7,0,0,0,996.0,4.69,1008.33,5.26
116,4,2026-07-27,Afternoon,977,68,8.0,116,2026-07-27,1023,95.5,1045,6.51,122.12,12,1,1.15,16.3,6,2.72,720.0,703.7,97.74,33.98,1.24,75.49,31.59,180,2,2.33,1.16,3939.47,2,27,7,0,0,1,998.0,7.16,1004.0,5.72
117,4,2026-07-27,Night,946,65,8.0,117,2026-07-27,1027,92.11,1011,6.43,118.25,20,1,1.98,16.3,6,2.72,720.0,703.7,97.74,33.98,1.24,75.49,31.59,180,2,2.33,1.16,3939.47,2,27,7,0,0,2,977.0,6.51,990.33,6.12
130,4,2026-07-28,Morning,1134,62,8.0,130,2026-07-28,1014,111.83,1196,5.18,141.75,10,1,0.84,16.3,6,2.72,720.0,703.7,97.74,33.98,1.24,75.49,31.59,180,2,2.33,1.16,3939.47,2,28,7,1,0,0,946.0,6.43,973.67,6.7
131,4,2026-07-28,Afternoon,1018,73,8.0,131,2026-07-28,1012,100.59,1091,6.69,127.25,11,1,1.01,16.3,6,2.72,720.0,703.7,97.74,33.98,1.24,75.49,31.59,180,2,2.33,1.16,3939.47,2,28,7,1,0,1,1134.0,5.18,1019.0,6.04
132,4,2026-07-28,Night,1006,33,8.0,132,2026-07-28,1043,96.45,1039,3.18,125.75,9,1,0.87,16.3,6,2.72,720.0,703.7,97.74,33.98,1.24,75.49,31.59,180,2,2.33,1.16,3939.47,2,28,7,1,0,2,1018.0,6.69,1032.67,6.1
145,4,2026-07-29,Morning,948,11,8.0,145,2026-07-29,1002,94.61,959,1.15,118.5,2,1,0.21,16.3,6,2.72,720.0,703.7,97.74,33.98,1.24,75.49,31.59,180,2,2.33,1.16,3939.47,2,29,7,2,0,0,1006.0,3.18,1052.67,5.02
146,4,2026-07-29,Afternoon,975,75,8.0,146,2026-07-29,985,98.98,1050,7.14,121.88,16,1,1.52,16.3,6,2.72,720.0,703.7,97.74,33.98,1.24,75.49,31.59,180,2,2.33,1.16,3939.47,2,29,7,2,0,1,948.0,1.15,990.67,3.67
147,4,2026-07-29,Night,1000,38,8.0,147,2026-07-29,1023,97.75,1038,3.66,125.0,11,1,1.06,16.3,6,2.72,720.0,703.7,97.74,33.98,1.24,75.49,31.59,180,2,2.33,1.16,3939.47,2,29,7,2,0,2,975.0,7.14,976.33,3.82
160,4,2026-07-30,Morning,939,37,8.0,160,2026-07-30,1014,92.6,976,3.79,117.38,14,1,1.43,16.3,6,2.72,720.0,703.7,97.74,33.98,1.24,75.49,31.59,180,2,2.33,1.16,3939.47,2,30,7,3,0,0,1000.0,3.66,974.33,3.98
161,4,2026-07-30,Afternoon,1045,56,8.0,161,2026-07-30,1004,104.08,1101,5.09,130.62,9,1,0.82,16.3,6,2.72,720.0,703.7,97.74,33.98,1.24,75.49,31.59,180,2,2.33,1.16,3939.47,2,30,7,3,0,1,939.0,3.79,971.33,4.86
162,4,2026-07-30,Night,922,12,8.0,162,2026-07-30,988,93.32,934,1.28,115.25,2,1,0.21,16.3,6,2.72,720.0,703.7,97.74,33.98,1.24,75.49,31.59,180,2,2.33,1.16,3939.47,2,30,7,3,0,2,1045.0,5.09,994.67,4.18
175,4,2026-07-31,Morning,956,17,8.0,175,2026-07-31,974,98.15,973,1.75,119.5,5,1,0.51,16.3,6,2.72,720.0,703.7,97.74,33.98,1.24,75.49,31.59,180,2,2.33,1.16,3939.47,2,31,7,4,0,0,922.0,1.28,968.67,3.39
176,4,2026-07-31,Afternoon,1013,59,8.0,176,2026-07-31,1028,98.54,1072,5.5,126.62,23,1,2.15,16.3,6,2.72,720.0,703.7,97.74,33.98,1.24,75.49,31.59,180,2,2.33,1.16,3939.47,2,31,7,4,0,1,956.0,1.75,974.33,2.71
177,4,2026-07-31,Night,1015,62,8.0,177,2026-07-31,998,101.7,1077,5.76,126.88,15,1,1.39,16.3,6,2.72,720.0,703.7,97.74,33.98,1.24,75.49,31.59,180,2,2.33,1.16,3939.47,2,31,7,4,0,2,1013.0,5.5,963.67,2.84
190,4,2026-08-01,Morning,974,48,8.0,190,2026-08-01,1036,94.02,1022,4.7,121.75,15,1,1.47,16.3,6,2.72,720.0,703.7,97.74,33.98,1.24,75.49,31.59,180,2,2.33,1.16,3939.47,2,1,8,5,1,0,1015.0,5.76,994.67,4.34
191,4,2026-08-01,Afternoon,947,28,8.0,191,2026-08-01,999,94.79,975,2.87,118.38,5,1,0.51,16.3,6,2.72,720.0,703.7,97.74,33.98,1.24,75.49,31.59,180,2,2.33,1.16,3939.47,2,1,8,5,1,1,974.0,4.7,1000.67,5.32
192,4,2026-08-01,Night,1063,35,8.0,192,2026-08-01,971,109.47,1098,3.19,132.88,5,1,0.46,16.3,6,2.72,720.0,703.7,97.74,33.98,1.24,75.49,31.59,180,2,2.33,1.16,3939.47,2,1,8,5,1,2,947.0,2.87,978.67,4.44
205,4,2026-08-02,Morning,922,61,8.0,205,2026-08-02,980,94.08,983,6.21,115.25,19,1,1.93,16.3,6,2.72,720.0,703.7,97.74,33.98,1.24,75.49,31.59,180,2,2.33,1.16,3939.47,2,2,8,6,1,0,1063.0,3.19,994.67,3.59
206,4,2026-08-02,Afternoon,923,70,8.0,206,2026-08-02,999,92.39,993,7.05,115.38,19,1,1.91,16.3,6,2.72,720.0,703.7,97.74,33.98,1.24,75.49,31.59,180,2,2.33,1.16,3939.47,2,2,8,6,1,1,922.0,6.21,977.33,4.09
207,4,2026-08-02,Night,951,61,8.0,207,2026-08-02,999,95.2,1012,6.03,118.88,11,1,1.09,16.3,6,2.72,720.0,703.7,97.74,33.98,1.24,75.49,31.59,180,2,2.33,1.16,3939.47,2,2,8,6,1,2,923.0,7.05,969.33,5.48
220,4,2026-08-03,Morning,999,58,8.0,220,2026-08-03,1012,98.72,1057,5.49,124.88,9,1,0.85,16.3,6,2.72,720.0,703.7,97.74,33.98,1.24,75.49,31.59,180,2,2.33,1.16,3939.47,2,3,8,0,0,0,951.0,6.03,932.0,6.43
221,4,2026-08-03,Afternoon,1066,54,8.0,221,2026-08-03,988,107.89,1120,4.82,133.25,16,1,1.43,16.3,6,2.72,720.0,703.7,97.74,33.98,1.24,75.49,31.59,180,2,2.33,1.16,3939.47,2,3,8,0,0,1,999.0,5.49,957.67,6.19
222,4,2026-08-03,Night,949,69,8.0,222,2026-08-03,1011,93.87,1018,6.78,118.62,22,1,2.16,16.3,6,2.72,720.0,703.7,97.74,33.98,1.24,75.49,31.59,180,2,2.33,1.16,3939.47,2,3,8,0,0,2,1066.0,4.82,1005.33,5.45
235,4,2026-08-04,Morning,911,70,8.0,235,2026-08-04,1041,87.51,981,7.14,113.88,23,1,2.34,16.3,6,2.72,720.0,703.7,97.74,33.98,1.24,75.49,31.59,180,2,2.33,1.16,3939.47,2,4,8,1,0,0,949.0,6.78,1004.67,5.7
236,4,2026-08-04,Afternoon,1034,71,8.0,236,2026-08-04,986,104.87,1105,6.43,129.25,27,1,2.44,16.3,6,2.72,720.0,703.7,97.74,33.98,1.24,75.49,31.59,180,2,2.33,1.16,3939.47,2,4,8,1,0,1,911.0,7.14,975.33,6.25
237,4,2026-08-04,Night,975,38,8.0,237,2026-08-04,1034,94.29,1013,3.75,121.88,6,1,0.59,16.3,6,2.72,720.0,703.7,97.74,33.98,1.24,75.49,31.59,180,2,2.33,1.16,3939.47,2,4,8,1,0,2,1034.0,6.43,964.67,6.78
250,4,2026-08-05,Morning,1050,40,8.0,250,2026-08-05,1002,104.79,1090,3.67,131.25,6,1,0.55,16.3,6,2.72,720.0,703.7,97.74,33.98,1.24,75.49,31.59,180,2,2.33,1.16,3939.47,2,5,8,2,0,0,975.0,3.75,973.33,5.77
251,4,2026-08-05,Afternoon,1005,59,8.0,251,2026-08-05,1012,99.31,1064,5.55,125.62,20,1,1.88,16.3,6,2.72,720.0,703.7,97.74,33.98,1.24,75.49,31.59,180,2,2.33,1.16,3939.47,2,5,8,2,0,1,1050.0,3.67,1019.67,4.62
252,4,2026-08-05,Night,1034,25,8.0,252,2026-08-05,979,105.62,1059,2.36,129.25,6,1,0.57,16.3,6,2.72,720.0,703.7,97.74,33.98,1.24,75.49,31.59,180,2,2.33,1.16,3939.47,2,5,8,2,0,2,1005.0,5.55,1010.0,4.32
265,4,2026-08-06,Morning,977,55,8.0,265,2026-08-06,1021,95.69,1032,5.33,122.12,19,1,1.84,16.3,6,2.72,720.0,703.7,97.74,33.98,1.24,75.49,31.59,180,2,2.33,1.16,3939.47,2,6,8,3,0,0,1034.0,2.36,1029.67,3.86
266,4,2026-08-06,Afternoon,1018,22,8.0,266,2026-08-06,999,101.9,1040,2.12,127.25,6,1,0.58,16.3,6,2.72,720.0,703.7,97.74,33.98,1.24,75.49,31.59,180,2,2.33,1.16,3939.47,2,6,8,3,0,1,977.0,5.33,1005.33,4.41
267,4,2026-08-06,Night,958,21,8.0,267,2026-08-06,996,96.18,979,2.15,119.75,5,1,0.51,16.3,6,2.72,720.0,703.7,97.74,33.98,1.24,75.49,31.59,180,2,2.33,1.16,3939.47,2,6,8,3,0,2,1018.0,2.12,1009.67,3.27
280,4,2026-08-07,Morning,1034,64,8.0,280,2026-08-07,1023,101.08,1098,5.83,129.25,24,1,2.19,16.3,6,2.72,720.0,703.7,97.74,33.98,1.24,75.49,31.59,180,2,2.33,1.16,3939.47,2,7,8,4,0,0,958.0,2.15,984.33,3.2
281,4,2026-08-07,Afternoon,1003,45,8.0,281,2026-08-07,1010,99.31,1048,4.29,125.38,15,1,1.43,16.3,6,2.72,720.0,703.7,97.74,33.98,1.24,75.49,31.59,180,2,2.33,1.16,3939.47,2,7,8,4,0,1,1034.0,5.83,1003.33,3.37
282,4,2026-08-07,Night,992,46,8.0,282,2026-08-07,992,100.0,1038,4.43,124.0,7,1,0.67,16.3,6,2.72,720.0,703.7,97.74,33.98,1.24,75.49,31.59,180,2,2.33,1.16,3939.47,2,7,8,4,0,2,1003.0,4.29,998.33,4.09
295,4,2026-08-08,Morning,1017,35,8.0,295,2026-08-08,1001,101.6,1052,3.33,127.12,6,1,0.57,16.3,6,2.72,720.0,703.7,97.74,33.98,1.24,75.49,31.59,180,2,2.33,1.16,3939.47,2,8,8,5,1,0,992.0,4.43,1009.67,4.85
296,4,2026-08-08,Afternoon,1056,83,8.0,296,2026-08-08,974,108.42,1139,7.29,132.0,24,1,2.11,16.3,6,2.72,720.0,703.7,97.74,33.98,1.24,75.49,31.59,180,2,2.33,1.16,3939.47,2,8,8,5,1,1,1017.0,3.33,1004.0,4.02
297,4,2026-08-08,Night,924,15,8.0,297,2026-08-08,1019,90.68,939,1.6,115.5,3,1,0.32,16.3,6,2.72,720.0,703.7,97.74,33.98,1.24,75.49,31.59,180,2,2.33,1.16,3939.47,2,8,8,5,1,2,1056.0,7.29,1021.67,5.02
310,4,2026-08-09,Morning,1002,39,8.0,310,2026-08-09,1004,99.8,1041,3.75,125.25,12,1,1.15,16.3,6,2.72,720.0,703.7,97.74,33.98,1.24,75.49,31.59,180,2,2.33,1.16,3939.47,2,9,8,6,1,0,924.0,1.6,999.0,4.07
311,4,2026-08-09,Afternoon,914,16,8.0,311,2026-08-09,994,91.95,930,1.72,114.25,4,1,0.43,16.3,6,2.72,720.0,703.7,97.74,33.98,1.24,75.49,31.59,180,2,2.33,1.16,3939.47,2,9,8,6,1,1,1002.0,3.75,994.0,4.21
312,4,2026-08-09,Night,981,51,8.0,312,2026-08-09,996,98.49,1032,4.94,122.62,18,1,1.74,16.3,6,2.72,720.0,703.7,97.74,33.98,1.24,75.49,31.59,180,2,2.33,1.16,3939.47,2,9,8,6,1,2,914.0,1.72,946.67,2.36
325,4,2026-08-10,Morning,983,49,8.0,325,2026-08-10,1041,94.43,1032,4.75,122.88,18,1,1.74,16.3,6,2.72,720.0,703.7,97.74,33.98,1.24,75.49,31.59,180,2,2.33,1.16,3939.47,2,10,8,0,0,0,981.0,4.94,965.67,3.47
326,4,2026-08-10,Afternoon,973,67,8.0,326,2026-08-10,997,97.59,1040,6.44,121.62,17,1,1.63,16.3,6,2.72,720.0,703.7,97.74,33.98,1.24,75.49,31.59,180,2,2.33,1.16,3939.47,2,10,8,0,0,1,983.0,4.75,959.33,3.8
327,4,2026-08-10,Night,993,23,8.0,327,2026-08-10,1022,97.16,1016,2.26,124.12,6,1,0.59,16.3,6,2.72,720.0,703.7,97.74,33.98,1.24,75.49,31.59,180,2,2.33,1.16,3939.47,2,10,8,0,0,2,973.0,6.44,979.0,5.38
340,4,2026-08-11,Morning,1025,67,8.0,340,2026-08-11,998,102.71,1092,6.14,128.12,25,1,2.29,16.3,6,2.72,720.0,703.7,97.74,33.98,1.24,75.49,31.59,180,2,2.33,1.16,3939.47,2,11,8,1,0,0,993.0,2.26,983.0,4.48
341,4,2026-08-11,Afternoon,1005,72,8.0,341,2026-08-11,1004,100.1,1077,6.69,125.62,14,1,1.3,16.3,6,2.72,720.0,703.7,97.74,33.98,1.24,75.49,31.59,180,2,2.33,1.16,3939.47,2,11,8,1,0,1,1025.0,6.14,997.0,4.95
342,4,2026-08-11,Night,1070,69,8.0,342,2026-08-11,1021,104.8,1139,6.06,133.75,23,1,2.02,16.3,6,2.72,720.0,703.7,97.74,33.98,1.24,75.49,31.59,180,2,2.33,1.16,3939.47,2,11,8,1,0,2,1005.0,6.69,1007.67,5.03
355,4,2026-08-12,Morning,908,38,8.0,355,2026-08-12,1032,87.98,946,4.02,113.5,15,1,1.59,16.3,6,2.72,720.0,703.7,97.74,33.98,1.24,75.49,31.59,180,2,2.33,1.16,3939.47,2,12,8,2,0,0,1070.0,6.06,1033.33,6.3
356,4,2026-08-12,Afternoon,1039,79,8.0,356,2026-08-12,1009,102.97,1118,7.07,129.88,17,1,1.52,16.3,6,2.72,720.0,703.7,97.74,33.98,1.24,75.49,31.59,180,2,2.33,1.16,3939.47,2,12,8,2,0,1,908.0,4.02,994.33,5.59
357,4,2026-08-12,Night,991,45,8.0,357,2026-08-12,995,99.6,1036,4.34,123.88,9,1,0.87,16.3,6,2.72,720.0,703.7,97.74,33.98,1.24,75.49,31.59,180,2,2.33,1.16,3939.47,2,12,8,2,0,2,1039.0,7.07,1005.67,5.72
370,4,2026-08-13,Morning,962,9,8.0,370,2026-08-13,971,99.07,971,0.93,120.25,2,1,0.21,16.3,6,2.72,720.0,703.7,97.74,33.98,1.24,75.49,31.59,180,2,2.33,1.16,3939.47,2,13,8,3,0,0,991.0,4.34,979.33,5.14
371,4,2026-08-13,Afternoon,939,44,8.0,371,2026-08-13,1031,91.08,983,4.48,117.38,12,1,1.22,16.3,6,2.72,720.0,703.7,97.74,33.98,1.24,75.49,31.59,180,2,2.33,1.16,3939.47,2,13,8,3,0,1,962.0,0.93,997.33,4.11
372,4,2026-08-13,Night,913,67,8.0,372,2026-08-13,983,92.88,980,6.84,114.12,11,1,1.12,16.3,6,2.72,720.0,703.7,97.74,33.98,1.24,75.49,31.59,180,2,2.33,1.16,3939.47,2,13,8,3,0,2,939.0,4.48,964.0,3.25
385,4,2026-08-14,Morning,987,24,8.0,385,2026-08-14,972,101.54,1011,2.37,123.38,4,1,0.4,16.3,6,2.72,720.0,703.7,97.74,33.98,1.24,75.49,31.59,180,2,2.33,1.16,3939.47,2,14,8,4,0,0,913.0,6.84,938.0,4.08
386,4,2026-08-14,Afternoon,974,22,8.0,386,2026-08-14,967,100.72,996,2.21,121.75,5,1,0.5,16.3,6,2.72,720.0,703.7,97.74,33.98,1.24,75.49,31.59,180,2,2.33,1.16,3939.47,2,14,8,4,0,1,987.0,2.37,946.33,4.56
387,4,2026-08-14,Night,978,48,8.0,387,2026-08-14,1020,95.88,1026,4.68,122.25,18,1,1.75,16.3,6,2.72,720.0,703.7,97.74,33.98,1.24,75.49,31.59,180,2,2.33,1.16,3939.47,2,14,8,4,0,2,974.0,2.21,958.0,3.81
400,4,2026-08-15,Morning,999,26,8.0,400,2026-08-15,998,100.1,1025,2.54,124.88,9,1,0.88,16.3,6,2.72,720.0,703.7,97.74,33.98,1.24,75.49,31.59,180,2,2.33,1.16,3939.47,2,15,8,5,1,0,978.0,4.68,979.67,3.09
401,4,2026-08-15,Afternoon,970,58,8.0,401,2026-08-15,980,98.98,1028,5.64,121.25,13,1,1.26,16.3,6,2.72,720.0,703.7,97.74,33.98,1.24,75.49,31.59,180,2,2.33,1.16,3939.47,2,15,8,5,1,1,999.0,2.54,983.67,3.14
402,4,2026-08-15,Night,965,67,8.0,402,2026-08-15,977,98.77,1032,6.49,120.62,17,1,1.65,16.3,6,2.72,720.0,703.7,97.74,33.98,1.24,75.49,31.59,180,2,2.33,1.16,3939.47,2,15,8,5,1,2,970.0,5.64,982.33,4.29
415,4,2026-08-16,Morning,958,67,8.0,415,2026-08-16,987,97.06,1025,6.54,119.75,23,1,2.24,16.3,6,2.72,720.0,703.7,97.74,33.98,1.24,75.49,31.59,180,2,2.33,1.16,3939.47,2,16,8,6,1,0,965.0,6.49,978.0,4.89
416,4,2026-08-16,Afternoon,995,43,8.0,416,2026-08-16,1006,98.91,1038,4.14,124.38,15,1,1.45,16.3,6,2.72,720.0,703.7,97.74,33.98,1.24,75.49,31.59,180,2,2.33,1.16,3939.47,2,16,8,6,1,1,958.0,6.54,964.33,6.22
417,4,2026-08-16,Night,984,39,8.0,417,2026-08-16,968,101.65,1023,3.81,123.0,12,1,1.17,16.3,6,2.72,720.0,703.7,97.74,33.98,1.24,75.49,31.59,180,2,2.33,1.16,3939.47,2,16,8,6,1,2,995.0,4.14,972.67,5.72
430,4,2026-08-17,Morning,1019,57,8.0,430,2026-08-17,986,103.35,1076,5.3,127.38,10,1,0.93,16.3,6,2.72,720.0,703.7,97.74,33.98,1.24,75.49,31.59,180,2,2.33,1.16,3939.47,2,17,8,0,0,0,984.0,3.81,979.0,4.83
431,4,2026-08-17,Afternoon,906,41,8.0,431,2026-08-17,971,93.31,947,4.33,113.25,12,1,1.27,16.3,6,2.72,720.0,703.7,97.74,33.98,1.24,75.49,31.59,180,2,2.33,1.16,3939.47,2,17,8,0,0,1,1019.0,5.3,999.33,4.42
432,4,2026-08-17,Night,928,12,8.0,432,2026-08-17,1034,89.75,940,1.28,116.0,2,1,0.21,16.3,6,2.72,720.0,703.7,97.74,33.98,1.24,75.49,31.59,180,2,2.33,1.16,3939.47,2,17,8,0,0,2,906.0,4.33,969.67,4.48
445,4,2026-08-18,Morning,978,56,8.0,445,2026-08-18,1012,96.64,1034,5.42,122.25,20,1,1.93,16.3,6,2.72,720.0,703.7,97.74,33.98,1.24,75.49,31.59,180,2,2.33,1.16,3939.47,2,18,8,1,0,0,928.0,1.28,951.0,3.64
446,4,2026-08-18,Afternoon,1050,42,8.0,446,2026-08-18,1008,104.17,1092,3.85,131.25,8,1,0.73,16.3,6,2.72,720.0,703.7,97.74,33.98,1.24,75.49,31.59,180,2,2.33,1.16,3939.47,2,18,8,1,0,1,978.0,5.42,937.33,3.68
447,4,2026-08-18,Night,1008,66,8.0,447,2026-08-18,996,101.2,1074,6.15,126.0,17,1,1.58,16.3,6,2.72,720.0,703.7,97.74,33.98,1.24,75.49,31.59,180,2,2.33,1.16,3939.47,2,18,8,1,0,2,1050.0,3.85,985.33,3.52
13,5,2026-07-20,Morning,988,23,8.0,13,2026-07-20,958,103.13,1011,2.27,123.5,8,1,0.79,5.62,3,1.87,720.0,714.38,99.22,34.9,1.6,75.02,32.34,180,4,4.34,1.08,14428.55,2,20,7,0,0,0,,,,
14,5,2026-07-20,Afternoon,920,42,8.0,14,2026-07-20,954,96.44,962,4.37,115.0,10,1,1.04,5.62,3,1.87,720.0,714.38,99.22,34.9,1.6,75.02,32.34,180,4,4.34,1.08,14428.55,2,20,7,0,0,1,988.0,2.27,988.0,2.27
15,5,2026-07-20,Night,908,47,8.0,15,2026-07-20,955,95.08,955,4.92,113.5,9,1,0.94,5.62,3,1.87,720.0,714.38,99.22,34.9,1.6,75.02,32.34,180,4,4.34,1.08,14428.55,2,20,7,0,0,2,920.0,4.37,954.0,3.32
28,5,2026-07-21,Morning,917,26,8.0,28,2026-07-21,943,97.24,943,2.76,114.62,4,1,0.42,5.62,3,1.87,720.0,714.38,99.22,34.9,1.6,75.02,32.34,180,4,4.34,1.08,14428.55,2,21,7,1,0,0,908.0,4.92,938.67,3.85
29,5,2026-07-21,Afternoon,911,27,8.0,29,2026-07-21,954,95.49,938,2.88,113.88,5,1,0.53,5.62,3,1.87,720.0,714.38,99.22,34.9,1.6,75.02,32.34,180,4,4.34,1.08,14428.55,2,21,7,1,0,1,917.0,2.76,915.0,4.02
30,5,2026-07-21,Night,972,46,8.0,30,2026-07-21,940,103.4,1018,4.52,121.5,8,1,0.79,5.62,3,1.87,720.0,714.38,99.22,34.9,1.6,75.02,32.34,180,4,4.34,1.08,14428.55,2,21,7,1,0,2,911.0,2.88,912.0,3.52
43,5,2026-07-22,Morning,944,59,8.0,43,2026-07-22,939,100.53,1003,5.88,118.0,20,1,1.99,5.62,3,1.87,720.0,714.38,99.22,34.9,1.6,75.02,32.34,180,4,4.34,1.08,14428.55,2,22,7,2,0,0,972.0,4.52,933.33,3.39
44,5,2026-07-22,Afternoon,904,44,8.0,44,2026-07-22,978,92.43,948,4.64,113.0,7,1,0.74,5.62,3,1.87,720.0,714.38,99.22,34.9,1.6,75.02,32.34,180,4,4.34,1.08,14428.55,2,22,7,2,0,1,944.0,5.88,942.33,4.43
45,5,2026-07-22,Night,928,43,8.0,45,2026-07-22,995,93.27,971,4.43,116.0,9,1,0.93,5.62,3,1.87,720.0,714.38,99.22,34.9,1.6,75.02,32.34,180,4,4.34,1.08,14428.55,2,22,7,2,0,2,904.0,4.64,940.0,5.01
58,5,2026-07-23,Morning,916,36,8.0,58,2026-07-23,954,96.02,952,3.78,114.5,12,1,1.26,5.62,3,1.87,720.0,714.38,99.22,34.9,1.6,75.02,32.34,180,4,4.34,1.08,14428.55,2,23,7,3,0,0,928.0,4.43,925.33,4.98
59,5,2026-07-23,Afternoon,941,9,8.0,59,2026-07-23,981,95.92,950,0.95,117.62,3,1,0.32,5.62,3,1.87,720.0,714.38,99.22,34.9,1.6,75.02,32.34,180,4,4.34,1.08,14428.55,2,23,7,3,0,1,916.0,3.78,916.0,4.28
60,5,2026-07-23,Night,940,43,8.0,60,2026-07-23,930,101.08,983,4.37,117.5,6,1,0.61,5.62,3,1.87,720.0,714.38,99.22,34.9,1.6,75.02,32.34,180,4,4.34,1.08,14428.55,2,23,7,3,0,2,941.0,0.95,928.33,3.05
73,5,2026-07-24,Morning,975,25,8.0,73,2026-07-24,937,104.06,1000,2.5,121.88,4,1,0.4,5.62,3,1.87,720.0,714.38,99.22,34.9,1.6,75.02,32.34,180,4,4.34,1.08,14428.55,2,24,7,4,0,0,940.0,4.37,932.33,3.03
74,5,2026-07-24,Afternoon,960,58,8.0,74,2026-07-24,938,102.35,1018,5.7,120.0,22,1,2.16,5.62,3,1.87,720.0,714.38,99.22,34.9,1.6,75.02,32.34,180,4,4.34,1.08,14428.55,2,24,7,4,0,1,975.0,2.5,952.0,2.61
75,5,2026-07-24,Night,986,53,8.0,75,2026-07-24,937,105.23,1039,5.1,123.25,12,1,1.15,5.62,3,1.87,720.0,714.38,99.22,34.9,1.6,75.02,32.34,180,4,4.34,1.08,14428.55,2,24,7,4,0,2,960.0,5.7,958.33,4.19
88,5,2026-07-25,Morning,937,68,8.0,88,2026-07-25,942,99.47,1005,6.77,117.12,20,1,1.99,5.62,3,1.87,720.0,714.38,99.22,34.9,1.6,75.02,32.34,180,4,4.34,1.08,14428.55,2,25,7,5,1,0,986.0,5.1,973.67,4.43
89,5,2026-07-25,Afternoon,940,31,8.0,89,2026-07-25,955,98.43,971,3.19,117.5,12,1,1.24,5.62,3,1.87,720.0,714.38,99.22,34.9,1.6,75.02,32.34,180,4,4.34,1.08,14428.55,2,25,7,5,1,1,937.0,6.77,961.0,5.86
90,5,2026-07-25,Night,961,33,8.0,90,2026-07-25,956,100.52,994,3.32,120.12,6,1,0.6,5.62,3,1.87,720.0,714.38,99.22,34.9,1.6,75.02,32.34,180,4,4.34,1.08,14428.55,2,25,7,5,1,2,940.0,3.19,954.33,5.02
103,5,2026-07-26,Morning,920,26,8.0,103,2026-07-26,1000,92.0,946,2.75,115.0,5,1,0.53,5.62,3,1.87,720.0,714.38,99.22,34.9,1.6,75.02,32.34,180,4,4.34,1.08,14428.55,2,26,7,6,1,0,961.0,3.32,946.0,4.43
104,5,2026-07-26,Afternoon,899,24,8.0,104,2026-07-26,939,95.74,923,2.6,112.38,8,1,0.87,5.62,3,1.87,720.0,714.38,99.22,34.9,1.6,75.02,32.34,180,4,4.34,1.08,14428.55,2,26,7,6,1,1,920.0,2.75,940.33,3.09
105,5,2026-07-26,Night,926,67,8.0,105,2026-07-26,940,98.51,993,6.75,115.75,26,1,2.62,5.62,3,1.87,720.0,714.38,99.22,34.9,1.6,75.02,32.34,180,4,4.34,1.08,14428.55,2,26,7,6,1,2,899.0,2.6,926.67,2.89
118,5,2026-07-27,Morning,869,27,8.0,118,2026-07-27,962,90.33,896,3.01,108.62,8,1,0.89,5.62,3,1.87,720.0,714.38,99.22,34.9,1.6,75.02,32.34,180,4,4.34,1.08,14428.55,2,27,7,0,0,0,926.0,6.75,915.0,4.03
119,5,2026-07-27,Afternoon,938,70,8.0,119,2026-07-27,946,99.15,1008,6.94,117.25,11,1,1.09,5.62,3,1.87,720.0,714.38,99.22,34.9,1.6,75.02,32.34,180,4,4.34,1.08,14428.55,2,27,7,0,0,1,869.0,3.01,898.0,4.12
120,5,2026-07-27,Night,880,51,8.0,120,2026-07-27,952,92.44,931,5.48,110.0,18,1,1.93,5.62,3,1.87,720.0,714.38,99.22,34.9,1.6,75.02,32.34,180,4,4.34,1.08,14428.55,2,27,7,0,0,2,938.0,6.94,911.0,5.57
133,5,2026-07-28,Morning,899,45,8.0,133,2026-07-28,943,95.33,944,4.77,112.38,11,1,1.17,5.62,3,1.87,720.0,714.38,99.22,34.9,1.6,75.02,32.34,180,4,4.34,1.08,14428.55,2,28,7,1,0,0,880.0,5.48,895.67,5.14
134,5,2026-07-28,Afternoon,920,11,8.0,134,2026-07-28,954,96.44,931,1.18,115.0,2,1,0.21,5.62,3,1.87,720.0,714.38,99.22,34.9,1.6,75.02,32.34,180,4,4.34,1.08,14428.55,2,28,7,1,0,1,899.0,4.77,905.67,5.73
135,5,2026-07-28,Night,1022,30,8.0,135,2026-07-28,954,107.13,1052,2.85,127.75,9,1,0.86,5.62,3,1.87,720.0,714.38,99.22,34.9,1.6,75.02,32.34,180,4,4.34,1.08,14428.55,2,28,7,1,0,2,920.0,1.18,899.67,3.81
148,5,2026-07-29,Morning,964,21,8.0,148,2026-07-29,919,104.9,985,2.13,120.5,7,1,0.71,5.62,3,1.87,720.0,714.38,99.22,34.9,1.6,75.02,32.34,180,4,4.34,1.08,14428.55,2,29,7,2,0,0,1022.0,2.85,947.0,2.93
149,5,2026-07-29,Afternoon,911,44,8.0,149,2026-07-29,938,97.12,955,4.61,113.88,8,1,0.84,5.62,3,1.87,720.0,714.38,99.22,34.9,1.6,75.02,32.34,180,4,4.34,1.08,14428.55,2,29,7,2,0,1,964.0,2.13,968.67,2.05
150,5,2026-07-29,Night,903,54,8.0,150,2026-07-29,957,94.36,957,5.64,112.88,12,1,1.25,5.62,3,1.87,720.0,714.38,99.22,34.9,1.6,75.02,32.34,180,4,4.34,1.08,14428.55,2,29,7,2,0,2,911.0,4.61,965.67,3.2
163,5,2026-07-30,Morning,987,44,8.0,163,2026-07-30,924,106.82,1031,4.27,123.38,7,1,0.68,5.62,3,1.87,720.0,714.38,99.22,34.9,1.6,75.02,32.34,180,4,4.34,1.08,14428.55,2,30,7,3,0,0,903.0,5.64,926.0,4.13
164,5,2026-07-30,Afternoon,872,61,8.0,164,2026-07-30,967,90.18,933,6.54,109.0,10,1,1.07,5.62,3,1.87,720.0,714.38,99.22,34.9,1.6,75.02,32.34,180,4,4.34,1.08,14428.55,2,30,7,3,0,1,987.0,4.27,933.67,4.84
165,5,2026-07-30,Night,890,13,8.0,165,2026-07-30,963,92.42,903,1.44,111.25,4,1,0.44,5.62,3,1.87,720.0,714.38,99.22,34.9,1.6,75.02,32.34,180,4,4.34,1.08,14428.55,2,30,7,3,0,2,872.0,6.54,920.67,5.48
178,5,2026-07-31,Morning,942,62,8.0,178,2026-07-31,972,96.91,1004,6.18,117.75,19,1,1.89,5.62,3,1.87,720.0,714.38,99.22,34.9,1.6,75.02,32.34,180,4,4.34,1.08,14428.55,2,31,7,4,0,0,890.0,1.44,916.33,4.08
179,5,2026-07-31,Afternoon,896,56,8.0,179,2026-07-31,956,93.72,952,5.88,112.0,16,1,1.68,5.62,3,1.87,720.0,714.38,99.22,34.9,1.6,75.02,32.34,180,4,4.34,1.08,14428.55,2,31,7,4,0,1,942.0,6.18,901.33,4.72
180,5,2026-07-31,Night,907,60,8.0,180,2026-07-31,959,94.58,967,6.2,113.38,11,1,1.14,5.62,3,1.87,720.0,714.38,99.22,34.9,1.6,75.02,32.34,180,4,4.34,1.08,14428.55,2,31,7,4,0,2,896.0,5.88,909.33,4.5
193,5,2026-08-01,Morning,976,63,8.0,193,2026-08-01,952,102.52,1039,6.06,122.0,9,1,0.87,5.62,3,1.87,720.0,714.38,99.22,34.9,1.6,75.02,32.34,180,4,4.34,1.08,14428.55,2,1,8,5,1,0,907.0,6.2,915.0,6.09
194,5,2026-08-01,Afternoon,961,62,8.0,194,2026-08-01,936,102.67,1023,6.06,120.12,12,1,1.17,5.62,3,1.87,720.0,714.38,99.22,34.9,1.6,75.02,32.34,180,4,4.34,1.08,14428.55,2,1,8,5,1,1,976.0,6.06,926.33,6.05
195,5,2026-08-01,Night,929,13,8.0,195,2026-08-01,966,96.17,942,1.38,116.12,2,1,0.21,5.62,3,1.87,720.0,714.38,99.22,34.9,1.6,75.02,32.34,180,4,4.34,1.08,14428.55,2,1,8,5,1,2,961.0,6.06,948.0,6.11
208,5,2026-08-02,Morning,921,45,8.0,208,2026-08-02,926,99.46,966,4.66,115.12,11,1,1.14,5.62,3,1.87,720.0,714.38,99.22,34.9,1.6,75.02,32.34,180,4,4.34,1.08,14428.55,2,2,8,6,1,0,929.0,1.38,955.33,4.5
209,5,2026-08-02,Afternoon,964,17,8.0,209,2026-08-02,980,98.37,981,1.73,120.5,4,1,0.41,5.62,3,1.87,720.0,714.38,99.22,34.9,1.6,75.02,32.34,180,4,4.34,1.08,14428.55,2,2,8,6,1,1,921.0,4.66,937.0,4.03
210,5,2026-08-02,Night,923,41,8.0,210,2026-08-02,967,95.45,964,4.25,115.38,12,1,1.24,5.62,3,1.87,720.0,714.38,99.22,34.9,1.6,75.02,32.34,180,4,4.34,1.08,14428.55,2,2,8,6,1,2,964.0,1.73,938.0,2.59
223,5,2026-08-03,Morning,1017,29,8.0,223,2026-08-03,977,104.09,1046,2.77,127.12,6,1,0.57,5.62,3,1.87,720.0,714.38,99.22,34.9,1.6,75.02,32.34,180,4,4.34,1.08,14428.55,2,3,8,0,0,0,923.0,4.25,936.0,3.55
224,5,2026-08-03,Afternoon,897,20,8.0,224,2026-08-03,968,92.67,917,2.18,112.12,3,1,0.33,5.62,3,1.87,720.0,714.38,99.22,34.9,1.6,75.02,32.34,180,4,4.34,1.08,14428.55,2,3,8,0,0,1,1017.0,2.77,968.0,2.92
225,5,2026-08-03,Night,845,42,8.0,225,2026-08-03,951,88.85,887,4.74,105.62,10,1,1.13,5.62,3,1.87,720.0,714.38,99.22,34.9,1.6,75.02,32.34,180,4,4.34,1.08,14428.55,2,3,8,0,0,2,897.0,2.18,945.67,3.07
238,5,2026-08-04,Morning,979,28,8.0,238,2026-08-04,953,102.73,1007,2.78,122.38,6,1,0.6,5.62,3,1.87,720.0,714.38,99.22,34.9,1.6,75.02,32.34,180,4,4.34,1.08,14428.55,2,4,8,1,0,0,845.0,4.74,919.67,3.23
239,5,2026-08-04,Afternoon,930,59,8.0,239,2026-08-04,936,99.36,989,5.97,116.25,20,1,2.02,5.62,3,1.87,720.0,714.38,99.22,34.9,1.6,75.02,32.34,180,4,4.34,1.08,14428.55,2,4,8,1,0,1,979.0,2.78,907.0,3.23
240,5,2026-08-04,Night,931,70,8.0,240,2026-08-04,940,99.04,1001,6.99,116.38,15,1,1.5,5.62,3,1.87,720.0,714.38,99.22,34.9,1.6,75.02,32.34,180,4,4.34,1.08,14428.55,2,4,8,1,0,2,930.0,5.97,918.0,4.5
253,5,2026-08-05,Morning,972,36,8.0,253,2026-08-05,944,102.97,1008,3.57,121.5,7,1,0.69,5.62,3,1.87,720.0,714.38,99.22,34.9,1.6,75.02,32.34,180,4,4.34,1.08,14428.55,2,5,8,2,0,0,931.0,6.99,946.67,5.25
254,5,2026-08-05,Afternoon,859,34,8.0,254,2026-08-05,916,93.78,893,3.81,107.38,11,1,1.23,5.62,3,1.87,720.0,714.38,99.22,34.9,1.6,75.02,32.34,180,4,4.34,1.08,14428.55,2,5,8,2,0,1,972.0,3.57,944.33,5.51
255,5,2026-08-05,Night,919,42,8.0,255,2026-08-05,957,96.03,961,4.37,114.88,12,1,1.25,5.62,3,1.87,720.0,714.38,99.22,34.9,1.6,75.02,32.34,180,4,4.34,1.08,14428.55,2,5,8,2,0,2,859.0,3.81,920.67,4.79
268,5,2026-08-06,Morning,898,14,8.0,268,2026-08-06,967,92.86,912,1.54,112.25,2,1,0.22,5.62,3,1.87,720.0,714.38,99.22,34.9,1.6,75.02,32.34,180,4,4.34,1.08,14428.55,2,6,8,3,0,0,919.0,4.37,916.67,3.92
269,5,2026-08-06,Afternoon,925,22,8.0,269,2026-08-06,963,96.05,947,2.32,115.62,6,1,0.63,5.62,3,1.87,720.0,714.38,99.22,34.9,1.6,75.02,32.34,180,4,4.34,1.08,14428.55,2,6,8,3,0,1,898.0,1.54,892.0,3.24
270,5,2026-08-06,Night,888,31,8.0,270,2026-08-06,918,96.73,919,3.37,111.0,11,1,1.2,5.62,3,1.87,720.0,714.38,99.22,34.9,1.6,75.02,32.34,180,4,4.34,1.08,14428.55,2,6,8,3,0,2,925.0,2.32,914.0,2.74
283,5,2026-08-07,Morning,924,43,8.0,283,2026-08-07,965,95.75,967,4.45,115.5,7,1,0.72,5.62,3,1.87,720.0,714.38,99.22,34.9,1.6,75.02,32.34,180,4,4.34,1.08,14428.55,2,7,8,4,0,0,888.0,3.37,903.67,2.41
284,5,2026-08-07,Afternoon,891,24,8.0,284,2026-08-07,893,99.78,915,2.62,111.38,9,1,0.98,5.62,3,1.87,720.0,714.38,99.22,34.9,1.6,75.02,32.34,180,4,4.34,1.08,14428.55,2,7,8,4,0,1,924.0,4.45,912.33,3.38
285,5,2026-08-07,Night,899,10,8.0,285,2026-08-07,972,92.49,909,1.1,112.38,2,1,0.22,5.62,3,1.87,720.0,714.38,99.22,34.9,1.6,75.02,32.34,180,4,4.34,1.08,14428.55,2,7,8,4,0,2,891.0,2.62,901.0,3.48
298,5,2026-08-08,Morning,952,19,8.0,298,2026-08-08,940,101.28,971,1.96,119.0,4,1,0.41,5.62,3,1.87,720.0,714.38,99.22,34.9,1.6,75.02,32.34,180,4,4.34,1.08,14428.55,2,8,8,5,1,0,899.0,1.1,904.67,2.72
299,5,2026-08-08,Afternoon,903,20,8.0,299,2026-08-08,918,98.37,923,2.17,112.88,4,1,0.43,5.62,3,1.87,720.0,714.38,99.22,34.9,1.6,75.02,32.34,180,4,4.34,1.08,14428.55,2,8,8,5,1,1,952.0,1.96,914.0,1.89
300,5,2026-08-08,Night,910,27,8.0,300,2026-08-08,941,96.71,937,2.88,113.75,8,1,0.85,5.62,3,1.87,720.0,714.38,99.22,34.9,1.6,75.02,32.34,180,4,4.34,1.08,14428.55,2,8,8,5,1,2,903.0,2.17,918.0,1.74
313,5,2026-08-09,Morning,955,19,8.0,313,2026-08-09,948,100.74,974,1.95,119.38,3,1,0.31,5.62,3,1.87,720.0,714.38,99.22,34.9,1.6,75.02,32.34,180,4,4.34,1.08,14428.55,2,9,8,6,1,0,910.0,2.88,921.67,2.34
314,5,2026-08-09,Afternoon,863,37,8.0,314,2026-08-09,949,90.94,900,4.11,107.88,14,1,1.56,5.62,3,1.87,720.0,714.38,99.22,34.9,1.6,75.02,32.34,180,4,4.34,1.08,14428.55,2,9,8,6,1,1,955.0,1.95,922.67,2.33
315,5,2026-08-09,Night,903,30,8.0,315,2026-08-09,964,93.67,933,3.22,112.88,10,1,1.07,5.62,3,1.87,720.0,714.38,99.22,34.9,1.6,75.02,32.34,180,4,4.34,1.08,14428.55,2,9,8,6,1,2,863.0,4.11,909.33,2.98
328,5,2026-08-10,Morning,913,19,8.0,328,2026-08-10,929,98.28,932,2.04,114.12,6,1,0.64,5.62,3,1.87,720.0,714.38,99.22,34.9,1.6,75.02,32.34,180,4,4.34,1.08,14428.55,2,10,8,0,0,0,903.0,3.22,907.0,3.09
329,5,2026-08-10,Afternoon,945,53,8.0,329,2026-08-10,962,98.23,998,5.31,118.12,19,1,1.9,5.62,3,1.87,720.0,714.38,99.22,34.9,1.6,75.02,32.34,180,4,4.34,1.08,14428.55,2,10,8,0,0,1,913.0,2.04,893.0,3.12
330,5,2026-08-10,Night,913,42,8.0,330,2026-08-10,928,98.38,955,4.4,114.12,12,1,1.26,5.62,3,1.87,720.0,714.38,99.22,34.9,1.6,75.02,32.34,180,4,4.34,1.08,14428.55,2,10,8,0,0,2,945.0,5.31,920.33,3.52
343,5,2026-08-11,Morning,911,24,8.0,343,2026-08-11,972,93.72,935,2.57,113.88,8,1,0.86,5.62,3,1.87,720.0,714.38,99.22,34.9,1.6,75.02,32.34,180,4,4.34,1.08,14428.55,2,11,8,1,0,0,913.0,4.4,923.67,3.92
344,5,2026-08-11,Afternoon,896,55,8.0,344,2026-08-11,973,92.09,951,5.78,112.0,20,1,2.1,5.62,3,1.87,720.0,714.38,99.22,34.9,1.6,75.02,32.34,180,4,4.34,1.08,14428.55,2,11,8,1,0,1,911.0,2.57,923.0,4.09
345,5,2026-08-11,Night,932,59,8.0,345,2026-08-11,962,96.88,991,5.95,116.5,8,1,0.81,5.62,3,1.87,720.0,714.38,99.22,34.9,1.6,75.02,32.34,180,4,4.34,1.08,14428.55,2,11,8,1,0,2,896.0,5.78,906.67,4.25
358,5,2026-08-12,Morning,884,46,8.0,358,2026-08-12,969,91.23,930,4.95,110.5,8,1,0.86,5.62,3,1.87,720.0,714.38,99.22,34.9,1.6,75.02,32.34,180,4,4.34,1.08,14428.55,2,12,8,2,0,0,932.0,5.95,913.0,4.77
359,5,2026-08-12,Afternoon,934,54,8.0,359,2026-08-12,973,95.99,988,5.47,116.75,15,1,1.52,5.62,3,1.87,720.0,714.38,99.22,34.9,1.6,75.02,32.34,180,4,4.34,1.08,14428.55,2,12,8,2,0,1,884.0,4.95,904.0,5.56
360,5,2026-08-12,Night,959,71,8.0,360,2026-08-12,925,103.68,1030,6.89,119.88,14,1,1.36,5.62,3,1.87,720.0,714.38,99.22,34.9,1.6,75.02,32.34,180,4,4.34,1.08,14428.55,2,12,8,2,0,2,934.0,5.47,916.67,5.46
373,5,2026-08-13,Morning,878,54,8.0,373,2026-08-13,930,94.41,932,5.79,109.75,11,1,1.18,5.62,3,1.87,720.0,714.38,99.22,34.9,1.6,75.02,32.34,180,4,4.34,1.08,14428.55,2,13,8,3,0,0,959.0,6.89,925.67,5.77
374,5,2026-08-13,Afternoon,878,36,8.0,374,2026-08-13,906,96.91,914,3.94,109.75,6,1,0.66,5.62,3,1.87,720.0,714.38,99.22,34.9,1.6,75.02,32.34,180,4,4.34,1.08,14428.55,2,13,8,3,0,1,878.0,5.79,923.67,6.05
375,5,2026-08-13,Night,919,18,8.0,375,2026-08-13,937,98.08,937,1.92,114.88,5,1,0.53,5.62,3,1.87,720.0,714.38,99.22,34.9,1.6,75.02,32.34,180,4,4.34,1.08,14428.55,2,13,8,3,0,2,878.0,3.94,905.0,5.54
388,5,2026-08-14,Morning,908,13,8.0,388,2026-08-14,998,90.98,921,1.41,113.5,3,1,0.33,5.62,3,1.87,720.0,714.38,99.22,34.9,1.6,75.02,32.34,180,4,4.34,1.08,14428.55,2,14,8,4,0,0,919.0,1.92,891.67,3.88
389,5,2026-08-14,Afternoon,919,42,8.0,389,2026-08-14,977,94.06,961,4.37,114.88,11,1,1.14,5.62,3,1.87,720.0,714.38,99.22,34.9,1.6,75.02,32.34,180,4,4.34,1.08,14428.55,2,14,8,4,0,1,908.0,1.41,901.67,2.42
390,5,2026-08-14,Night,990,40,8.0,390,2026-08-14,961,103.02,1030,3.88,123.75,6,1,0.58,5.62,3,1.87,720.0,714.38,99.22,34.9,1.6,75.02,32.34,180,4,4.34,1.08,14428.55,2,14,8,4,0,2,919.0,4.37,915.33,2.57
403,5,2026-08-15,Morning,915,51,8.0,403,2026-08-15,953,96.01,966,5.28,114.38,11,1,1.14,5.62,3,1.87,720.0,714.38,99.22,34.9,1.6,75.02,32.34,180,4,4.34,1.08,14428.55,2,15,8,5,1,0,990.0,3.88,939.0,3.22
404,5,2026-08-15,Afternoon,976,23,8.0,404,2026-08-15,977,99.9,999,2.3,122.0,5,1,0.5,5.62,3,1.87,720.0,714.38,99.22,34.9,1.6,75.02,32.34,180,4,4.34,1.08,14428.55,2,15,8,5,1,1,915.0,5.28,941.33,4.51
405,5,2026-08-15,Night,953,10,8.0,405,2026-08-15,968,98.45,963,1.04,119.12,2,1,0.21,5.62,3,1.87,720.0,714.38,99.22,34.9,1.6,75.02,32.34,180,4,4.34,1.08,14428.55,2,15,8,5,1,2,976.0,2.3,960.33,3.82
418,5,2026-08-16,Morning,936,10,8.0,418,2026-08-16,958,97.7,946,1.06,117.0,3,1,0.32,5.62,3,1.87,720.0,714.38,99.22,34.9,1.6,75.02,32.34,180,4,4.34,1.08,14428.55,2,16,8,6,1,0,953.0,1.04,948.0,2.87
419,5,2026-08-16,Afternoon,942,51,8.0,419,2026-08-16,949,99.26,993,5.14,117.75,15,1,1.51,5.62,3,1.87,720.0,714.38,99.22,34.9,1.6,75.02,32.34,180,4,4.34,1.08,14428.55,2,16,8,6,1,1,936.0,1.06,955.0,1.47
420,5,2026-08-16,Night,861,24,8.0,420,2026-08-16,961,89.59,885,2.71,107.62,5,1,0.56,5.62,3,1.87,720.0,714.38,99.22,34.9,1.6,75.02,32.34,180,4,4.34,1.08,14428.55,2,16,8,6,1,2,942.0,5.14,943.67,2.41
433,5,2026-08-17,Morning,950,15,8.0,433,2026-08-17,925,102.7,965,1.55,118.75,5,1,0.52,5.62,3,1.87,720.0,714.38,99.22,34.9,1.6,75.02,32.34,180,4,4.34,1.08,14428.55,2,17,8,0,0,0,861.0,2.71,913.0,2.97
434,5,2026-08-17,Afternoon,900,46,8.0,434,2026-08-17,936,96.15,946,4.86,112.5,7,1,0.74,5.62,3,1.87,720.0,714.38,99.22,34.9,1.6,75.02,32.34,180,4,4.34,1.08,14428.55,2,17,8,0,0,1,950.0,1.55,917.67,3.13
435,5,2026-08-17,Night,905,27,8.0,435,2026-08-17,935,96.79,932,2.9,113.12,4,1,0.43,5.62,3,1.87,720.0,714.38,99.22,34.9,1.6,75.02,32.34,180,4,4.34,1.08,14428.55,2,17,8,0,0,2,900.0,4.86,903.67,3.04
448,5,2026-08-18,Morning,907,53,8.0,448,2026-08-18,947,95.78,960,5.52,113.38,20,1,2.08,5.62,3,1.87,720.0,714.38,99.22,34.9,1.6,75.02,32.34,180,4,4.34,1.08,14428.55,2,18,8,1,0,0,905.0,2.9,918.33,3.1
449,5,2026-08-18,Afternoon,954,33,8.0,449,2026-08-18,950,100.42,987,3.34,119.25,9,1,0.91,5.62,3,1.87,720.0,714.38,99.22,34.9,1.6,75.02,32.34,180,4,4.34,1.08,14428.55,2,18,8,1,0,1,907.0,5.52,904.0,4.43
450,5,2026-08-18,Night,867,14,8.0,450,2026-08-18,947,91.55,881,1.59,108.38,3,1,0.34,5.62,3,1.87,720.0,714.38,99.22,34.9,1.6,75.02,32.34,180,4,4.34,1.08,14428.55,2,18,8,1,0,2,954.0,3.34,922.0,3.92
