production_id,machine_id,production_date,shift,units_produced,predicted_units_produced,prediction_error
4381,1,2026-06-12,Morning,912,945.155,-33.15499999999997
4382,1,2026-06-12,Afternoon,931,940.715,-9.715000000000032
4383,1,2026-06-12,Night,896,934.61,-38.610000000000014
4384,2,2026-06-12,Morning,887,913.565,-26.565000000000055
4385,2,2026-06-12,Afternoon,905,904.475,0.5249999999999773
4386,2,2026-06-12,Night,826,907.78,-81.77999999999997
4387,3,2026-06-12,Morning,768,804.875,-36.875
4388,3,2026-06-12,Afternoon,807,787.975,19.024999999999977
4389,3,2026-06-12,Night,817,791.335,25.664999999999964
4390,4,2026-06-12,Morning,1048,977.025,70.97500000000002
4391,4,2026-06-12,Afternoon,1003,984.275,18.725000000000023
4392,4,2026-06-12,Night,972,962.75,9.25
4393,5,2026-06-12,Morning,934,934.23,-0.2300000000000182
4394,5,2026-06-12,Afternoon,936,943.865,-7.865000000000009
4395,5,2026-06-12,Night,912,938.385,-26.38499999999999
4396,1,2026-06-13,Morning,959,944.615,14.384999999999991
4397,1,2026-06-13,Afternoon,930,945.83,-15.830000000000041
4398,1,2026-06-13,Night,961,943.735,17.264999999999986
4399,2,2026-06-13,Morning,897,888.635,8.365000000000009
4400,2,2026-06-13,Afternoon,891,891.01,-0.009999999999990905
4401,2,2026-06-13,Night,892,898.605,-6.605000000000018
4402,3,2026-06-13,Morning,829,792.215,36.78499999999997
4403,3,2026-06-13,Afternoon,825,804.68,20.32000000000005
4404,3,2026-06-13,Night,789,791.95,-2.9500000000000455
4405,4,2026-06-13,Morning,1008,972.34,35.65999999999997
4406,4,2026-06-13,Afternoon,976,969.925,6.0750000000000455
4407,4,2026-06-13,Night,977,962.87,14.129999999999995
4408,5,2026-06-13,Morning,912,927.81,-15.809999999999945
4409,5,2026-06-13,Afternoon,993,925.735,67.26499999999999
4410,5,2026-06-13,Night,988,922.685,65.31500000000005
4411,1,2026-06-14,Morning,923,953.95,-30.950000000000045
4412,1,2026-06-14,Afternoon,936,939.355,-3.355000000000018
4413,1,2026-06-14,Night,964,946.325,17.674999999999955
4414,2,2026-06-14,Morning,921,905.855,15.144999999999982
4415,2,2026-06-14,Afternoon,859,909.39,-50.389999999999986
4416,2,2026-06-14,Night,865,898.92,-33.91999999999996
4417,3,2026-06-14,Morning,685,803.61,-118.61000000000001
4418,3,2026-06-14,Afternoon,821,795.395,25.605000000000018
4419,3,2026-06-14,Night,743,798.21,-55.210000000000036
4420,4,2026-06-14,Morning,954,968.59,-14.590000000000032
4421,4,2026-06-14,Afternoon,1014,983.91,30.090000000000032
4422,4,2026-06-14,Night,1012,975.875,36.125
4423,5,2026-06-14,Morning,991,948.22,42.77999999999997
4424,5,2026-06-14,Afternoon,1006,930.865,75.13499999999999
4425,5,2026-06-14,Night,1042,917.64,124.36000000000001
4426,1,2026-06-15,Morning,935,939.745,-4.7450000000000045
4427,1,2026-06-15,Afternoon,926,943.05,-17.049999999999955
4428,1,2026-06-15,Night,965,953.685,11.315000000000055
4429,2,2026-06-15,Morning,847,905.11,-58.110000000000014
4430,2,2026-06-15,Afternoon,890,901.075,-11.075000000000045
4431,2,2026-06-15,Night,905,904.57,0.42999999999995
4432,3,2026-06-15,Morning,819,784.365,34.63499999999999
4433,3,2026-06-15,Afternoon,823,804.75,18.25
4434,3,2026-06-15,Night,789,809.3,-20.299999999999955
4435,4,2026-06-15,Morning,932,943.79,-11.789999999999964
4436,4,2026-06-15,Afternoon,939,977.565,-38.565000000000055
4437,4,2026-06-15,Night,902,969.79,-67.78999999999996
4438,5,2026-06-15,Morning,908,921.74,-13.740000000000009
4439,5,2026-06-15,Afternoon,876,925.04,-49.039999999999964
4440,5,2026-06-15,Night,910,946.02,-36.01999999999998
4441,1,2026-06-16,Morning,965,950.74,14.259999999999991
4442,1,2026-06-16,Afternoon,903,963.66,-60.65999999999997
4443,1,2026-06-16,Night,953,961.885,-8.884999999999991
4444,2,2026-06-16,Morning,888,906.495,-18.495000000000005
4445,2,2026-06-16,Afternoon,913,884.8,28.200000000000045
4446,2,2026-06-16,Night,922,880.37,41.629999999999995
4447,3,2026-06-16,Morning,786,802.225,-16.225000000000023
4448,3,2026-06-16,Afternoon,800,799.02,0.9800000000000182
4449,3,2026-06-16,Night,789,802.365,-13.365000000000009
4450,4,2026-06-16,Morning,961,987.1,-26.100000000000023
4451,4,2026-06-16,Afternoon,952,974.555,-22.55499999999995
4452,4,2026-06-16,Night,998,984.095,13.904999999999973
4453,5,2026-06-16,Morning,982,933.495,48.504999999999995
4454,5,2026-06-16,Afternoon,976,934.435,41.565000000000055
4455,5,2026-06-16,Night,879,933.195,-54.19500000000005
4456,1,2026-06-17,Morning,1001,940.45,60.549999999999955
4457,1,2026-06-17,Afternoon,913,949.915,-36.914999999999964
4458,1,2026-06-17,Night,955,944.27,10.730000000000018
4459,2,2026-06-17,Morning,912,904.96,7.039999999999964
4460,2,2026-06-17,Afternoon,840,898.31,-58.309999999999945
4461,2,2026-06-17,Night,893,901.02,-8.019999999999982
4462,3,2026-06-17,Morning,854,819.475,34.52499999999998
4463,3,2026-06-17,Afternoon,711,788.535,-77.53499999999997
4464,3,2026-06-17,Night,896,809.18,86.82000000000005
4465,4,2026-06-17,Morning,901,985.845,-84.84500000000003
4466,4,2026-06-17,Afternoon,991,984.495,6.5049999999999955
4467,4,2026-06-17,Night,922,978.64,-56.639999999999986
4468,5,2026-06-17,Morning,947,918.49,28.50999999999999
4469,5,2026-06-17,Afternoon,974,928.26,45.74000000000001
4470,5,2026-06-17,Night,962,914.04,47.960000000000036
4471,1,2026-06-18,Morning,893,956.405,-63.40499999999997
4472,1,2026-06-18,Afternoon,989,940.855,48.14499999999998
4473,1,2026-06-18,Night,939,954.0,-15.0
4474,2,2026-06-18,Morning,844,895.14,-51.139999999999986
4475,2,2026-06-18,Afternoon,954,912.995,41.004999999999995
4476,2,2026-06-18,Night,983,908.01,74.99000000000001
4477,3,2026-06-18,Morning,803,810.485,-7.485000000000014
4478,3,2026-06-18,Afternoon,784,798.92,-14.919999999999959
4479,3,2026-06-18,Night,768,798.125,-30.125
4480,4,2026-06-18,Morning,1009,978.64,30.360000000000014
4481,4,2026-06-18,Afternoon,1021,979.47,41.52999999999997
4482,4,2026-06-18,Night,964,984.29,-20.289999999999964
4483,5,2026-06-18,Morning,993,914.105,78.89499999999998
4484,5,2026-06-18,Afternoon,955,915.515,39.485000000000014
4485,5,2026-06-18,Night,933,917.01,15.990000000000009
4486,1,2026-06-19,Morning,962,956.23,5.769999999999982
4487,1,2026-06-19,Afternoon,910,942.495,-32.495000000000005
4488,1,2026-06-19,Night,978,934.725,43.27499999999998
4489,2,2026-06-19,Morning,862,909.29,-47.289999999999964
4490,2,2026-06-19,Afternoon,879,915.24,-36.24000000000001
4491,2,2026-06-19,Night,897,901.245,-4.2450000000000045
4492,3,2026-06-19,Morning,875,797.865,77.13499999999999
4493,3,2026-06-19,Afternoon,809,793.8,15.200000000000045
4494,3,2026-06-19,Night,766,791.855,-25.855000000000018
4495,4,2026-06-19,Morning,992,988.23,3.769999999999982
4496,4,2026-06-19,Afternoon,1003,977.185,25.815000000000055
4497,4,2026-06-19,Night,1028,985.195,42.80499999999995
4498,5,2026-06-19,Morning,929,920.895,8.105000000000018
4499,5,2026-06-19,Afternoon,901,932.55,-31.549999999999955
4500,5,2026-06-19,Night,1018,932.115,85.88499999999999
4501,1,2026-06-20,Morning,963,971.515,-8.514999999999986
4502,1,2026-06-20,Afternoon,916,954.93,-38.92999999999995
4503,1,2026-06-20,Night,948,950.88,-2.8799999999999955
4504,2,2026-06-20,Morning,879,915.235,-36.235000000000014
4505,2,2026-06-20,Afternoon,951,914.4,36.60000000000002
4506,2,2026-06-20,Night,922,900.0,22.0
4507,3,2026-06-20,Morning,787,791.385,-4.384999999999991
4508,3,2026-06-20,Afternoon,841,800.595,40.40499999999997
4509,3,2026-06-20,Night,795,788.12,6.8799999999999955
4510,4,2026-06-20,Morning,977,987.685,-10.684999999999945
4511,4,2026-06-20,Afternoon,950,995.995,-45.995000000000005
4512,4,2026-06-20,Night,950,989.055,-39.05499999999995
4513,5,2026-06-20,Morning,1014,952.66,61.34000000000003
4514,5,2026-06-20,Afternoon,969,926.33,42.66999999999996
4515,5,2026-06-20,Night,857,919.61,-62.610000000000014
4516,1,2026-06-21,Morning,911,950.385,-39.38499999999999
4517,1,2026-06-21,Afternoon,904,935.54,-31.539999999999964
4518,1,2026-06-21,Night,952,939.895,12.105000000000018
4519,2,2026-06-21,Morning,883,910.035,-27.034999999999968
4520,2,2026-06-21,Afternoon,960,896.04,63.960000000000036
4521,2,2026-06-21,Night,886,900.13,-14.129999999999995
4522,3,2026-06-21,Morning,879,801.39,77.61000000000001
4523,3,2026-06-21,Afternoon,796,824.235,-28.235000000000014
4524,3,2026-06-21,Night,890,794.75,95.25
4525,4,2026-06-21,Morning,971,982.285,-11.284999999999968
4526,4,2026-06-21,Afternoon,972,982.225,-10.225000000000023
4527,4,2026-06-21,Night,1018,977.9,40.10000000000002
4528,5,2026-06-21,Morning,961,936.365,24.63499999999999
4529,5,2026-06-21,Afternoon,878,927.205,-49.20500000000004
4530,5,2026-06-21,Night,933,918.905,14.095000000000027
4531,1,2026-06-22,Morning,933,947.45,-14.450000000000045
4532,1,2026-06-22,Afternoon,930,943.39,-13.389999999999986
4533,1,2026-06-22,Night,953,953.01,-0.009999999999990905
4534,2,2026-06-22,Morning,888,916.14,-28.139999999999986
4535,2,2026-06-22,Afternoon,907,915.15,-8.149999999999977
4536,2,2026-06-22,Night,860,905.405,-45.40499999999997
4537,3,2026-06-22,Morning,739,803.195,-64.19500000000005
4538,3,2026-06-22,Afternoon,839,785.38,53.620000000000005
4539,3,2026-06-22,Night,846,782.74,63.25999999999999
4540,4,2026-06-22,Morning,1017,990.595,26.404999999999973
4541,4,2026-06-22,Afternoon,981,989.255,-8.254999999999995
4542,4,2026-06-22,Night,965,988.425,-23.424999999999955
4543,5,2026-06-22,Morning,905,931.46,-26.460000000000036
4544,5,2026-06-22,Afternoon,898,917.925,-19.924999999999955
4545,5,2026-06-22,Night,926,922.6,3.3999999999999773
4546,1,2026-06-23,Morning,995,939.99,55.00999999999999
4547,1,2026-06-23,Afternoon,922,963.91,-41.90999999999997
4548,1,2026-06-23,Night,995,943.775,51.22500000000002
4549,2,2026-06-23,Morning,841,899.365,-58.36500000000001
4550,2,2026-06-23,Afternoon,909,906.825,2.1749999999999545
4551,2,2026-06-23,Night,917,894.675,22.325000000000045
4552,3,2026-06-23,Morning,779,793.725,-14.725000000000023
4553,3,2026-06-23,Afternoon,757,792.865,-35.86500000000001
4554,3,2026-06-23,Night,833,786.98,46.01999999999998
4555,4,2026-06-23,Morning,981,995.385,-14.384999999999991
4556,4,2026-06-23,Afternoon,1085,992.495,92.505
4557,4,2026-06-23,Night,1026,971.95,54.049999999999955
4558,5,2026-06-23,Morning,976,908.945,67.05499999999995
4559,5,2026-06-23,Afternoon,834,916.565,-82.56500000000005
4560,5,2026-06-23,Night,902,945.135,-43.13499999999999
4561,1,2026-06-24,Morning,903,946.865,-43.86500000000001
4562,1,2026-06-24,Afternoon,870,944.43,-74.42999999999995
4563,1,2026-06-24,Night,948,940.58,7.419999999999959
4564,2,2026-06-24,Morning,932,882.67,49.33000000000004
4565,2,2026-06-24,Afternoon,861,912.135,-51.13499999999999
4566,2,2026-06-24,Night,822,907.945,-85.94500000000005
4567,3,2026-06-24,Morning,764,800.915,-36.914999999999964
4568,3,2026-06-24,Afternoon,793,799.525,-6.524999999999977
4569,3,2026-06-24,Night,790,787.075,2.9249999999999545
4570,4,2026-06-24,Morning,980,976.59,3.409999999999968
4571,4,2026-06-24,Afternoon,996,961.325,34.674999999999955
4572,4,2026-06-24,Night,979,982.835,-3.8350000000000364
4573,5,2026-06-24,Morning,965,923.115,41.88499999999999
4574,5,2026-06-24,Afternoon,892,922.555,-30.55499999999995
4575,5,2026-06-24,Night,919,937.195,-18.19500000000005
4576,1,2026-06-25,Morning,973,968.77,4.230000000000018
4577,1,2026-06-25,Afternoon,961,938.25,22.75
4578,1,2026-06-25,Night,1023,949.005,73.995
4579,2,2026-06-25,Morning,863,892.59,-29.590000000000032
4580,2,2026-06-25,Afternoon,924,898.725,25.274999999999977
4581,2,2026-06-25,Night,874,891.55,-17.549999999999955
4582,3,2026-06-25,Morning,770,793.82,-23.82000000000005
4583,3,2026-06-25,Afternoon,843,799.38,43.620000000000005
4584,3,2026-06-25,Night,798,789.12,8.879999999999995
4585,4,2026-06-25,Morning,990,990.705,-0.7050000000000409
4586,4,2026-06-25,Afternoon,957,983.18,-26.17999999999995
4587,4,2026-06-25,Night,959,978.865,-19.86500000000001
4588,5,2026-06-25,Morning,869,921.765,-52.764999999999986
4589,5,2026-06-25,Afternoon,937,912.96,24.039999999999964
4590,5,2026-06-25,Night,888,918.17,-30.16999999999996
4591,1,2026-06-26,Morning,944,960.71,-16.710000000000036
4592,1,2026-06-26,Afternoon,985,946.21,38.789999999999964
4593,1,2026-06-26,Night,879,940.41,-61.40999999999997
4594,2,2026-06-26,Morning,1019,895.91,123.09000000000003
4595,2,2026-06-26,Afternoon,869,912.965,-43.96500000000003
4596,2,2026-06-26,Night,895,906.685,-11.684999999999945
4597,3,2026-06-26,Morning,810,795.22,14.779999999999973
4598,3,2026-06-26,Afternoon,768,796.795,-28.79499999999996
4599,3,2026-06-26,Night,781,796.455,-15.455000000000041
4600,4,2026-06-26,Morning,1024,982.635,41.36500000000001
4601,4,2026-06-26,Afternoon,1010,973.15,36.85000000000002
4602,4,2026-06-26,Night,969,979.58,-10.580000000000041
4603,5,2026-06-26,Morning,929,926.4,2.6000000000000227
4604,5,2026-06-26,Afternoon,935,925.135,9.865000000000009
4605,5,2026-06-26,Night,952,929.22,22.779999999999973
4606,1,2026-06-27,Morning,975,939.865,35.13499999999999
4607,1,2026-06-27,Afternoon,974,958.24,15.759999999999991
4608,1,2026-06-27,Night,933,954.415,-21.414999999999964
4609,2,2026-06-27,Morning,904,899.005,4.9950000000000045
4610,2,2026-06-27,Afternoon,939,901.005,37.995000000000005
4611,2,2026-06-27,Night,988,906.58,81.41999999999996
4612,3,2026-06-27,Morning,803,793.88,9.120000000000005
4613,3,2026-06-27,Afternoon,778,801.425,-23.424999999999955
4614,3,2026-06-27,Night,767,800.855,-33.85500000000002
4615,4,2026-06-27,Morning,1004,978.055,25.94500000000005
4616,4,2026-06-27,Afternoon,917,969.68,-52.67999999999995
4617,4,2026-06-27,Night,1004,985.11,18.889999999999986
4618,5,2026-06-27,Morning,955,925.82,29.17999999999995
4619,5,2026-06-27,Afternoon,909,933.085,-24.085000000000036
4620,5,2026-06-27,Night,939,938.96,0.03999999999996362
4621,1,2026-06-28,Morning,941,945.51,-4.509999999999991
4622,1,2026-06-28,Afternoon,896,955.305,-59.30499999999995
4623,1,2026-06-28,Night,971,944.705,26.29499999999996
4624,2,2026-06-28,Morning,917,912.475,4.524999999999977
4625,2,2026-06-28,Afternoon,882,907.055,-25.05499999999995
4626,2,2026-06-28,Night,987,905.74,81.25999999999999
4627,3,2026-06-28,Morning,800,797.465,2.534999999999968
4628,3,2026-06-28,Afternoon,726,786.47,-60.47000000000003
4629,3,2026-06-28,Night,842,789.345,52.65499999999997
4630,4,2026-06-28,Morning,1011,973.665,37.335000000000036
4631,4,2026-06-28,Afternoon,1016,984.66,31.340000000000032
4632,4,2026-06-28,Night,940,980.64,-40.639999999999986
4633,5,2026-06-28,Morning,938,932.665,5.335000000000036
4634,5,2026-06-28,Afternoon,929,929.88,-0.8799999999999955
4635,5,2026-06-28,Night,923,923.8,-0.7999999999999545
4636,1,2026-06-29,Morning,1003,936.415,66.58500000000004
4637,1,2026-06-29,Afternoon,950,942.355,7.644999999999982
4638,1,2026-06-29,Night,934,949.695,-15.69500000000005
4639,2,2026-06-29,Morning,883,911.315,-28.315000000000055
4640,2,2026-06-29,Afternoon,857,904.93,-47.92999999999995
4641,2,2026-06-29,Night,904,912.935,-8.934999999999945
4642,3,2026-06-29,Morning,857,791.795,65.20500000000004
4643,3,2026-06-29,Afternoon,787,778.505,8.495000000000005
4644,3,2026-06-29,Night,810,787.585,22.414999999999964
4645,4,2026-06-29,Morning,972,983.115,-11.115000000000009
4646,4,2026-06-29,Afternoon,976,977.355,-1.3550000000000182
4647,4,2026-06-29,Night,1013,982.01,30.99000000000001
4648,5,2026-06-29,Morning,887,940.085,-53.085000000000036
4649,5,2026-06-29,Afternoon,870,938.325,-68.32500000000005
4650,5,2026-06-29,Night,972,918.015,53.985000000000014
4651,1,2026-06-30,Morning,928,939.43,-11.42999999999995
4652,1,2026-06-30,Afternoon,934,949.585,-15.585000000000036
4653,1,2026-06-30,Night,1048,959.43,88.57000000000005
4654,2,2026-06-30,Morning,931,902.005,28.995000000000005
4655,2,2026-06-30,Afternoon,865,899.25,-34.25
4656,2,2026-06-30,Night,945,910.77,34.23000000000002
4657,3,2026-06-30,Morning,832,800.045,31.95500000000004
4658,3,2026-06-30,Afternoon,682,792.215,-110.21500000000003
4659,3,2026-06-30,Night,806,797.265,8.735000000000014
4660,4,2026-06-30,Morning,939,984.675,-45.674999999999955
4661,4,2026-06-30,Afternoon,976,968.765,7.235000000000014
4662,4,2026-06-30,Night,1068,969.91,98.09000000000003
4663,5,2026-06-30,Morning,965,918.48,46.51999999999998
4664,5,2026-06-30,Afternoon,971,929.715,41.28499999999997
4665,5,2026-06-30,Night,922,939.825,-17.825000000000045
4666,1,2026-07-01,Morning,991,938.645,52.35500000000002
4667,1,2026-07-01,Afternoon,921,941.245,-20.245000000000005
4668,1,2026-07-01,Night,955,955.005,-0.0049999999999954525
4669,2,2026-07-01,Morning,933,892.755,40.245000000000005
4670,2,2026-07-01,Afternoon,931,881.205,49.79499999999996
4671,2,2026-07-01,Night,843,908.75,-65.75
4672,3,2026-07-01,Morning,876,803.855,72.14499999999998
4673,3,2026-07-01,Afternoon,763,776.515,-13.514999999999986
4674,3,2026-07-01,Night,907,786.18,120.82000000000005
4675,4,2026-07-01,Morning,1014,957.195,56.80499999999995
4676,4,2026-07-01,Afternoon,1010,969.5,40.5
4677,4,2026-07-01,Night,946,973.665,-27.664999999999964
4678,5,2026-07-01,Morning,910,916.025,-6.024999999999977
4679,5,2026-07-01,Afternoon,1002,930.02,71.98000000000002
4680,5,2026-07-01,Night,995,937.755,57.245000000000005
4681,1,2026-07-02,Morning,943,952.875,-9.875
4682,1,2026-07-02,Afternoon,940,961.225,-21.225000000000023
4683,1,2026-07-02,Night,941,968.84,-27.840000000000032
4684,2,2026-07-02,Morning,945,900.265,44.735000000000014
4685,2,2026-07-02,Afternoon,941,899.7,41.299999999999955
4686,2,2026-07-02,Night,915,909.425,5.5750000000000455
4687,3,2026-07-02,Morning,805,801.615,3.384999999999991
4688,3,2026-07-02,Afternoon,793,803.305,-10.30499999999995
4689,3,2026-07-02,Night,903,798.9,104.10000000000002
4690,4,2026-07-02,Morning,926,988.7,-62.700000000000045
4691,4,2026-07-02,Afternoon,964,973.15,-9.149999999999977
4692,4,2026-07-02,Night,992,971.925,20.075000000000045
4693,5,2026-07-02,Morning,869,935.3,-66.29999999999995
4694,5,2026-07-02,Afternoon,907,919.695,-12.69500000000005
4695,5,2026-07-02,Night,1017,919.26,97.74000000000001
4696,1,2026-07-03,Morning,988,962.64,25.360000000000014
4697,1,2026-07-03,Afternoon,927,945.545,-18.54499999999996
4698,1,2026-07-03,Night,926,954.84,-28.840000000000032
4699,2,2026-07-03,Morning,847,898.28,-51.27999999999997
4700,2,2026-07-03,Afternoon,882,915.075,-33.075000000000045
4701,2,2026-07-03,Night,922,895.435,26.565000000000055
4702,3,2026-07-03,Morning,815,824.445,-9.44500000000005
4703,3,2026-07-03,Afternoon,784,800.01,-16.00999999999999
4704,3,2026-07-03,Night,763,800.725,-37.72500000000002
4705,4,2026-07-03,Morning,972,979.61,-7.610000000000014
4706,4,2026-07-03,Afternoon,971,990.05,-19.049999999999955
4707,4,2026-07-03,Night,1012,985.95,26.049999999999955
4708,5,2026-07-03,Morning,939,922.935,16.065000000000055
4709,5,2026-07-03,Afternoon,933,931.81,1.1900000000000546
4710,5,2026-07-03,Night,979,927.955,51.04499999999996
4711,1,2026-07-04,Morning,1015,951.42,63.58000000000004
4712,1,2026-07-04,Afternoon,964,952.985,11.014999999999986
4713,1,2026-07-04,Night,965,942.205,22.79499999999996
4714,2,2026-07-04,Morning,895,906.54,-11.539999999999964
4715,2,2026-07-04,Afternoon,866,904.31,-38.309999999999945
4716,2,2026-07-04,Night,935,893.87,41.129999999999995
4717,3,2026-07-04,Morning,827,803.69,23.309999999999945
4718,3,2026-07-04,Afternoon,798,799.185,-1.1849999999999454
4719,3,2026-07-04,Night,809,784.245,24.754999999999995
4720,4,2026-07-04,Morning,1026,980.735,45.264999999999986
4721,4,2026-07-04,Afternoon,1034,977.175,56.825000000000045
4722,4,2026-07-04,Night,885,972.655,-87.65499999999997
4723,5,2026-07-04,Morning,904,937.495,-33.495000000000005
4724,5,2026-07-04,Afternoon,928,938.17,-10.169999999999959
4725,5,2026-07-04,Night,887,927.99,-40.99000000000001
4726,1,2026-07-05,Morning,960,948.17,11.830000000000041
4727,1,2026-07-05,Afternoon,926,949.48,-23.480000000000018
4728,1,2026-07-05,Night,961,961.155,-0.15499999999997272
4729,2,2026-07-05,Morning,878,894.415,-16.414999999999964
4730,2,2026-07-05,Afternoon,879,909.785,-30.784999999999968
4731,2,2026-07-05,Night,911,906.255,4.7450000000000045
4732,3,2026-07-05,Morning,837,802.11,34.889999999999986
4733,3,2026-07-05,Afternoon,824,801.74,22.25999999999999
4734,3,2026-07-05,Night,798,797.75,0.25
4735,4,2026-07-05,Morning,908,973.64,-65.63999999999999
4736,4,2026-07-05,Afternoon,958,990.46,-32.460000000000036
4737,4,2026-07-05,Night,954,970.125,-16.125
4738,5,2026-07-05,Morning,959,935.29,23.710000000000036
4739,5,2026-07-05,Afternoon,936,923.095,12.904999999999973
4740,5,2026-07-05,Night,937,918.79,18.210000000000036
4741,1,2026-07-06,Morning,918,949.89,-31.889999999999986
4742,1,2026-07-06,Afternoon,1005,942.105,62.89499999999998
4743,1,2026-07-06,Night,957,953.27,3.730000000000018
4744,2,2026-07-06,Morning,865,881.2,-16.200000000000045
4745,2,2026-07-06,Afternoon,868,907.29,-39.289999999999964
4746,2,2026-07-06,Night,913,907.97,5.029999999999973
4747,3,2026-07-06,Morning,764,806.73,-42.73000000000002
4748,3,2026-07-06,Afternoon,775,805.445,-30.44500000000005
4749,3,2026-07-06,Night,755,803.395,-48.39499999999998
4750,4,2026-07-06,Morning,1009,987.37,21.629999999999995
4751,4,2026-07-06,Afternoon,945,974.23,-29.230000000000018
4752,4,2026-07-06,Night,1043,983.99,59.00999999999999
4753,5,2026-07-06,Morning,948,929.07,18.92999999999995
4754,5,2026-07-06,Afternoon,885,924.575,-39.575000000000045
4755,5,2026-07-06,Night,954,930.04,23.960000000000036
4756,1,2026-07-07,Morning,1006,957.975,48.02499999999998
4757,1,2026-07-07,Afternoon,946,957.325,-11.325000000000045
4758,1,2026-07-07,Night,1011,951.615,59.38499999999999
4759,2,2026-07-07,Morning,919,905.205,13.794999999999959
4760,2,2026-07-07,Afternoon,876,893.51,-17.50999999999999
4761,2,2026-07-07,Night,988,899.445,88.55499999999995
4762,3,2026-07-07,Morning,746,791.8,-45.799999999999955
4763,3,2026-07-07,Afternoon,787,800.455,-13.455000000000041
4764,3,2026-07-07,Night,798,787.11,10.889999999999986
4765,4,2026-07-07,Morning,1059,980.63,78.37
4766,4,2026-07-07,Afternoon,1010,972.895,37.10500000000002
4767,4,2026-07-07,Night,1002,969.235,32.764999999999986
4768,5,2026-07-07,Morning,901,919.665,-18.664999999999964
4769,5,2026-07-07,Afternoon,925,918.3,6.7000000000000455
4770,5,2026-07-07,Night,907,937.76,-30.75999999999999
4771,1,2026-07-08,Morning,971,956.515,14.485000000000014
4772,1,2026-07-08,Afternoon,998,962.635,35.36500000000001
4773,1,2026-07-08,Night,1050,942.28,107.72000000000003
4774,2,2026-07-08,Morning,881,894.445,-13.44500000000005
4775,2,2026-07-08,Afternoon,845,909.165,-64.16499999999996
4776,2,2026-07-08,Night,887,902.07,-15.07000000000005
4777,3,2026-07-08,Morning,841,808.225,32.77499999999998
4778,3,2026-07-08,Afternoon,766,788.44,-22.440000000000055
4779,3,2026-07-08,Night,800,801.72,-1.7200000000000273
4780,4,2026-07-08,Morning,1003,971.47,31.529999999999973
4781,4,2026-07-08,Afternoon,962,994.74,-32.74000000000001
4782,4,2026-07-08,Night,989,989.61,-0.6100000000000136
4783,5,2026-07-08,Morning,892,929.28,-37.27999999999997
4784,5,2026-07-08,Afternoon,981,935.745,45.254999999999995
4785,5,2026-07-08,Night,920,934.225,-14.225000000000023
4786,1,2026-07-09,Morning,958,945.6,12.399999999999977
4787,1,2026-07-09,Afternoon,880,953.565,-73.56500000000005
4788,1,2026-07-09,Night,907,948.225,-41.22500000000002
4789,2,2026-07-09,Morning,940,878.815,61.184999999999945
4790,2,2026-07-09,Afternoon,882,884.695,-2.69500000000005
4791,2,2026-07-09,Night,864,881.415,-17.414999999999964
4792,3,2026-07-09,Morning,742,809.625,-67.625
4793,3,2026-07-09,Afternoon,850,791.91,58.09000000000003
4794,3,2026-07-09,Night,828,794.725,33.27499999999998
4795,4,2026-07-09,Morning,1005,962.82,42.17999999999995
4796,4,2026-07-09,Afternoon,1047,989.215,57.78499999999997
4797,4,2026-07-09,Night,967,966.71,0.2899999999999636
4798,5,2026-07-09,Morning,875,937.97,-62.97000000000003
4799,5,2026-07-09,Afternoon,932,919.81,12.190000000000055
4800,5,2026-07-09,Night,1007,923.91,83.09000000000003
4801,1,2026-07-10,Morning,953,947.485,5.514999999999986
4802,1,2026-07-10,Afternoon,997,946.615,50.38499999999999
4803,1,2026-07-10,Night,896,968.29,-72.28999999999996
4804,2,2026-07-10,Morning,870,893.58,-23.58000000000004
4805,2,2026-07-10,Afternoon,937,899.255,37.745000000000005
4806,2,2026-07-10,Night,907,896.41,10.590000000000032
4807,3,2026-07-10,Morning,796,808.905,-12.904999999999973
4808,3,2026-07-10,Afternoon,846,795.52,50.48000000000002
4809,3,2026-07-10,Night,837,796.87,40.129999999999995
4810,4,2026-07-10,Morning,988,981.615,6.384999999999991
4811,4,2026-07-10,Afternoon,885,969.295,-84.29499999999996
4812,4,2026-07-10,Night,980,984.025,-4.024999999999977
4813,5,2026-07-10,Morning,947,924.61,22.389999999999986
4814,5,2026-07-10,Afternoon,861,942.675,-81.67499999999995
4815,5,2026-07-10,Night,946,923.61,22.389999999999986
4816,1,2026-07-11,Morning,998,952.03,45.97000000000003
4817,1,2026-07-11,Afternoon,950,943.86,6.139999999999986
4818,1,2026-07-11,Night,910,968.46,-58.460000000000036
4819,2,2026-07-11,Morning,809,913.275,-104.27499999999998
4820,2,2026-07-11,Afternoon,917,899.49,17.50999999999999
4821,2,2026-07-11,Night,835,900.825,-65.82500000000005
4822,3,2026-07-11,Morning,825,797.35,27.649999999999977
4823,3,2026-07-11,Afternoon,874,806.73,67.26999999999998
4824,3,2026-07-11,Night,714,811.24,-97.24000000000001
4825,4,2026-07-11,Morning,952,977.045,-25.04499999999996
4826,4,2026-07-11,Afternoon,971,990.44,-19.440000000000055
4827,4,2026-07-11,Night,1057,979.54,77.46000000000004
4828,5,2026-07-11,Morning,935,910.32,24.67999999999995
4829,5,2026-07-11,Afternoon,912,923.295,-11.294999999999959
4830,5,2026-07-11,Night,971,929.185,41.815000000000055
4831,1,2026-07-12,Morning,934,949.165,-15.164999999999964
4832,1,2026-07-12,Afternoon,919,940.96,-21.960000000000036
4833,1,2026-07-12,Night,974,936.16,37.84000000000003
4834,2,2026-07-12,Morning,945,892.33,52.66999999999996
4835,2,2026-07-12,Afternoon,799,907.765,-108.76499999999999
4836,2,2026-07-12,Night,869,938.4,-69.39999999999998
4837,3,2026-07-12,Morning,808,796.87,11.129999999999995
4838,3,2026-07-12,Afternoon,793,800.18,-7.17999999999995
4839,3,2026-07-12,Night,799,792.875,6.125
4840,4,2026-07-12,Morning,940,972.51,-32.50999999999999
4841,4,2026-07-12,Afternoon,1007,967.565,39.434999999999945
4842,4,2026-07-12,Night,1043,972.11,70.88999999999999
4843,5,2026-07-12,Morning,898,917.695,-19.69500000000005
4844,5,2026-07-12,Afternoon,957,936.19,20.809999999999945
4845,5,2026-07-12,Night,970,913.535,56.46500000000003
4846,1,2026-07-13,Morning,958,934.95,23.049999999999955
4847,1,2026-07-13,Afternoon,975,952.33,22.66999999999996
4848,1,2026-07-13,Night,922,957.29,-35.289999999999964
4849,2,2026-07-13,Morning,960,902.2,57.799999999999955
4850,2,2026-07-13,Afternoon,945,904.42,40.58000000000004
4851,2,2026-07-13,Night,950,897.995,52.004999999999995
4852,3,2026-07-13,Morning,754,802.35,-48.35000000000002
4853,3,2026-07-13,Afternoon,820,805.205,14.794999999999959
4854,3,2026-07-13,Night,775,796.54,-21.539999999999964
4855,4,2026-07-13,Morning,1044,974.29,69.71000000000004
4856,4,2026-07-13,Afternoon,949,980.065,-31.065000000000055
4857,4,2026-07-13,Night,990,973.85,16.149999999999977
4858,5,2026-07-13,Morning,851,913.71,-62.710000000000036
4859,5,2026-07-13,Afternoon,939,940.92,-1.919999999999959
4860,5,2026-07-13,Night,884,926.49,-42.49000000000001
4861,1,2026-07-14,Morning,972,943.525,28.475000000000023
4862,1,2026-07-14,Afternoon,944,954.5,-10.5
4863,1,2026-07-14,Night,935,950.86,-15.860000000000014
4864,2,2026-07-14,Morning,965,892.975,72.02499999999998
4865,2,2026-07-14,Afternoon,992,903.43,88.57000000000005
4866,2,2026-07-14,Night,844,909.725,-65.72500000000002
4867,3,2026-07-14,Morning,787,794.105,-7.105000000000018
4868,3,2026-07-14,Afternoon,834,780.76,53.24000000000001
4869,3,2026-07-14,Night,815,784.625,30.375
4870,4,2026-07-14,Morning,1011,992.52,18.480000000000018
4871,4,2026-07-14,Afternoon,977,991.115,-14.115000000000009
4872,4,2026-07-14,Night,1027,999.81,27.190000000000055
4873,5,2026-07-14,Morning,938,939.26,-1.259999999999991
4874,5,2026-07-14,Afternoon,947,931.805,15.19500000000005
4875,5,2026-07-14,Night,885,924.685,-39.684999999999945
4876,1,2026-07-15,Morning,954,945.165,8.835000000000036
4877,1,2026-07-15,Afternoon,984,952.825,31.174999999999955
4878,1,2026-07-15,Night,963,951.625,11.375
4879,2,2026-07-15,Morning,981,900.895,80.10500000000002
4880,2,2026-07-15,Afternoon,905,894.595,10.404999999999973
4881,2,2026-07-15,Night,920,892.665,27.335000000000036
4882,3,2026-07-15,Morning,808,800.56,7.440000000000055
4883,3,2026-07-15,Afternoon,798,793.81,4.190000000000055
4884,3,2026-07-15,Night,836,800.945,35.05499999999995
4885,4,2026-07-15,Morning,975,1000.31,-25.309999999999945
4886,4,2026-07-15,Afternoon,932,989.28,-57.27999999999997
4887,4,2026-07-15,Night,1043,986.335,56.664999999999964
4888,5,2026-07-15,Morning,906,924.28,-18.279999999999973
4889,5,2026-07-15,Afternoon,872,912.175,-40.174999999999955
4890,5,2026-07-15,Night,955,927.92,27.08000000000004
4891,1,2026-07-16,Morning,1019,949.485,69.51499999999999
4892,1,2026-07-16,Afternoon,976,947.095,28.904999999999973
4893,1,2026-07-16,Night,1006,945.265,60.735000000000014
4894,2,2026-07-16,Morning,865,906.675,-41.674999999999955
4895,2,2026-07-16,Afternoon,853,892.665,-39.664999999999964
4896,2,2026-07-16,Night,886,892.28,-6.279999999999973
4897,3,2026-07-16,Morning,844,815.56,28.440000000000055
4898,3,2026-07-16,Afternoon,822,796.955,25.04499999999996
4899,3,2026-07-16,Night,825,811.93,13.07000000000005
4900,4,2026-07-16,Morning,985,974.415,10.585000000000036
4901,4,2026-07-16,Afternoon,967,985.535,-18.534999999999968
4902,4,2026-07-16,Night,987,990.385,-3.384999999999991
4903,5,2026-07-16,Morning,924,925.585,-1.5850000000000364
4904,5,2026-07-16,Afternoon,914,934.505,-20.504999999999995
4905,5,2026-07-16,Night,946,907.17,38.83000000000004
4906,1,2026-07-17,Morning,940,953.64,-13.639999999999986
4907,1,2026-07-17,Afternoon,961,959.005,1.9950000000000045
4908,1,2026-07-17,Night,874,945.225,-71.22500000000002
4909,2,2026-07-17,Morning,908,898.245,9.754999999999995
4910,2,2026-07-17,Afternoon,890,884.54,5.460000000000036
4911,2,2026-07-17,Night,959,902.695,56.30499999999995
4912,3,2026-07-17,Morning,740,799.15,-59.14999999999998
4913,3,2026-07-17,Afternoon,805,795.14,9.860000000000014
4914,3,2026-07-17,Night,835,794.99,40.00999999999999
4915,4,2026-07-17,Morning,976,993.27,-17.269999999999982
4916,4,2026-07-17,Afternoon,969,961.535,7.465000000000032
4917,4,2026-07-17,Night,1015,981.405,33.59500000000003
4918,5,2026-07-17,Morning,951,913.555,37.44500000000005
4919,5,2026-07-17,Afternoon,954,915.44,38.559999999999945
4920,5,2026-07-17,Night,914,917.96,-3.9600000000000364
4921,1,2026-07-18,Morning,930,940.65,-10.649999999999977
4922,1,2026-07-18,Afternoon,961,955.345,5.654999999999973
4923,1,2026-07-18,Night,988,972.5,15.5
4924,2,2026-07-18,Morning,848,909.04,-61.039999999999964
4925,2,2026-07-18,Afternoon,897,905.1,-8.100000000000023
4926,2,2026-07-18,Night,881,902.385,-21.38499999999999
4927,3,2026-07-18,Morning,802,811.17,-9.169999999999959
4928,3,2026-07-18,Afternoon,831,796.37,34.629999999999995
4929,3,2026-07-18,Night,768,803.495,-35.495000000000005
4930,4,2026-07-18,Morning,1006,978.135,27.86500000000001
4931,4,2026-07-18,Afternoon,966,979.09,-13.090000000000032
4932,4,2026-07-18,Night,1025,998.465,26.534999999999968
4933,5,2026-07-18,Morning,900,922.14,-22.139999999999986
4934,5,2026-07-18,Afternoon,968,922.085,45.914999999999964
4935,5,2026-07-18,Night,881,932.87,-51.870000000000005
4936,1,2026-07-19,Morning,959,953.115,5.884999999999991
4937,1,2026-07-19,Afternoon,977,945.26,31.74000000000001
4938,1,2026-07-19,Night,921,955.075,-34.075000000000045
4939,2,2026-07-19,Morning,815,892.375,-77.375
4940,2,2026-07-19,Afternoon,883,931.295,-48.29499999999996
4941,2,2026-07-19,Night,902,913.83,-11.830000000000041
4942,3,2026-07-19,Morning,788,791.605,-3.605000000000018
4943,3,2026-07-19,Afternoon,779,783.58,-4.580000000000041
4944,3,2026-07-19,Night,835,808.585,26.414999999999964
4945,4,2026-07-19,Morning,1030,982.725,47.27499999999998
4946,4,2026-07-19,Afternoon,1027,985.005,41.995000000000005
4947,4,2026-07-19,Night,999,975.6,23.399999999999977
4948,5,2026-07-19,Morning,955,922.095,32.90499999999997
4949,5,2026-07-19,Afternoon,895,927.135,-32.13499999999999
4950,5,2026-07-19,Night,928,932.07,-4.07000000000005
4951,1,2026-07-20,Morning,955,948.495,6.5049999999999955
4952,1,2026-07-20,Afternoon,963,941.805,21.19500000000005
4953,1,2026-07-20,Night,962,927.695,34.30499999999995
4954,2,2026-07-20,Morning,902,904.36,-2.3600000000000136
4955,2,2026-07-20,Afternoon,919,903.365,15.634999999999991
4956,2,2026-07-20,Night,910,902.91,7.090000000000032
4957,3,2026-07-20,Morning,810,790.26,19.74000000000001
4958,3,2026-07-20,Afternoon,774,802.26,-28.25999999999999
4959,3,2026-07-20,Night,756,797.005,-41.004999999999995
4960,4,2026-07-20,Morning,993,980.49,12.509999999999991
4961,4,2026-07-20,Afternoon,964,994.705,-30.70500000000004
4962,4,2026-07-20,Night,955,996.27,-41.26999999999998
4963,5,2026-07-20,Morning,958,935.135,22.86500000000001
4964,5,2026-07-20,Afternoon,929,929.465,-0.46500000000003183
4965,5,2026-07-20,Night,986,922.425,63.575000000000045
4966,1,2026-07-21,Morning,973,950.335,22.664999999999964
4967,1,2026-07-21,Afternoon,921,939.2,-18.200000000000045
4968,1,2026-07-21,Night,978,953.81,24.190000000000055
4969,2,2026-07-21,Morning,917,907.85,9.149999999999977
4970,2,2026-07-21,Afternoon,870,904.765,-34.764999999999986
4971,2,2026-07-21,Night,880,900.38,-20.379999999999995
4972,3,2026-07-21,Morning,826,799.67,26.33000000000004
4973,3,2026-07-21,Afternoon,733,793.455,-60.45500000000004
4974,3,2026-07-21,Night,719,804.94,-85.94000000000005
4975,4,2026-07-21,Morning,988,981.275,6.725000000000023
4976,4,2026-07-21,Afternoon,985,993.205,-8.205000000000041
4977,4,2026-07-21,Night,991,1001.87,-10.870000000000005
4978,5,2026-07-21,Morning,935,919.225,15.774999999999977
4979,5,2026-07-21,Afternoon,948,939.46,8.539999999999964
4980,5,2026-07-21,Night,980,919.855,60.14499999999998
4981,1,2026-07-22,Morning,951,946.095,4.904999999999973
4982,1,2026-07-22,Afternoon,895,953.06,-58.059999999999945
4983,1,2026-07-22,Night,879,939.7,-60.700000000000045
4984,2,2026-07-22,Morning,887,898.86,-11.860000000000014
4985,2,2026-07-22,Afternoon,888,890.385,-2.384999999999991
4986,2,2026-07-22,Night,851,897.45,-46.450000000000045
4987,3,2026-07-22,Morning,713,796.985,-83.98500000000001
4988,3,2026-07-22,Afternoon,785,791.59,-6.590000000000032
4989,3,2026-07-22,Night,869,788.505,80.495
4990,4,2026-07-22,Morning,997,995.965,1.0349999999999682
4991,4,2026-07-22,Afternoon,993,991.415,1.5850000000000364
4992,4,2026-07-22,Night,974,995.275,-21.274999999999977
4993,5,2026-07-22,Morning,917,927.685,-10.684999999999945
4994,5,2026-07-22,Afternoon,951,931.475,19.524999999999977
4995,5,2026-07-22,Night,885,929.785,-44.78499999999997
4996,1,2026-07-23,Morning,1031,937.695,93.30499999999995
4997,1,2026-07-23,Afternoon,907,943.735,-36.735000000000014
4998,1,2026-07-23,Night,974,939.185,34.815000000000055
4999,2,2026-07-23,Morning,860,897.855,-37.85500000000002
5000,2,2026-07-23,Afternoon,906,898.495,7.5049999999999955
5001,2,2026-07-23,Night,929,883.88,45.120000000000005
5002,3,2026-07-23,Morning,738,793.585,-55.585000000000036
5003,3,2026-07-23,Afternoon,764,791.75,-27.75
5004,3,2026-07-23,Night,767,796.285,-29.284999999999968
5005,4,2026-07-23,Morning,971,987.27,-16.269999999999982
5006,4,2026-07-23,Afternoon,991,977.315,13.684999999999945
5007,4,2026-07-23,Night,1050,979.635,70.36500000000001
5008,5,2026-07-23,Morning,909,930.44,-21.440000000000055
5009,5,2026-07-23,Afternoon,997,923.855,73.14499999999998
5010,5,2026-07-23,Night,945,940.735,4.264999999999986
5011,1,2026-07-24,Morning,906,944.465,-38.46500000000003
5012,1,2026-07-24,Afternoon,945,937.675,7.3250000000000455
5013,1,2026-07-24,Night,895,954.5,-59.5
5014,2,2026-07-24,Morning,887,892.85,-5.850000000000023
5015,2,2026-07-24,Afternoon,885,918.755,-33.754999999999995
5016,2,2026-07-24,Night,907,900.95,6.0499999999999545
5017,3,2026-07-24,Morning,825,813.855,11.144999999999982
5018,3,2026-07-24,Afternoon,798,805.99,-7.990000000000009
5019,3,2026-07-24,Night,760,790.755,-30.754999999999995
5020,4,2026-07-24,Morning,1069,993.09,75.90999999999997
5021,4,2026-07-24,Afternoon,1036,970.975,65.02499999999998
5022,4,2026-07-24,Night,1053,985.855,67.14499999999998
5023,5,2026-07-24,Morning,924,938.305,-14.30499999999995
5024,5,2026-07-24,Afternoon,943,942.955,0.04499999999995907
5025,5,2026-07-24,Night,922,922.46,-0.4600000000000364
5026,1,2026-07-25,Morning,957,950.335,6.664999999999964
5027,1,2026-07-25,Afternoon,959,950.795,8.205000000000041
5028,1,2026-07-25,Night,901,952.355,-51.35500000000002
5029,2,2026-07-25,Morning,888,900.03,-12.029999999999973
5030,2,2026-07-25,Afternoon,942,906.54,35.460000000000036
5031,2,2026-07-25,Night,938,919.2,18.799999999999955
5032,3,2026-07-25,Morning,788,805.475,-17.475000000000023
5033,3,2026-07-25,Afternoon,810,808.305,1.69500000000005
5034,3,2026-07-25,Night,790,789.535,0.46500000000003183
5035,4,2026-07-25,Morning,1006,983.685,22.315000000000055
5036,4,2026-07-25,Afternoon,918,972.455,-54.45500000000004
5037,4,2026-07-25,Night,1001,980.77,20.230000000000018
5038,5,2026-07-25,Morning,989,918.76,70.24000000000001
5039,5,2026-07-25,Afternoon,903,926.94,-23.940000000000055
5040,5,2026-07-25,Night,983,928.435,54.565000000000055
5041,1,2026-07-26,Morning,962,955.65,6.350000000000023
5042,1,2026-07-26,Afternoon,947,952.23,-5.230000000000018
5043,1,2026-07-26,Night,937,961.125,-24.125
5044,2,2026-07-26,Morning,954,894.94,59.059999999999945
5045,2,2026-07-26,Afternoon,890,890.11,-0.11000000000001364
5046,2,2026-07-26,Night,966,896.49,69.50999999999999
5047,3,2026-07-26,Morning,860,802.915,57.085000000000036
5048,3,2026-07-26,Afternoon,782,788.74,-6.740000000000009
5049,3,2026-07-26,Night,793,804.2,-11.200000000000045
5050,4,2026-07-26,Morning,907,973.98,-66.98000000000002
5051,4,2026-07-26,Afternoon,979,962.265,16.735000000000014
5052,4,2026-07-26,Night,984,975.28,8.720000000000027
5053,5,2026-07-26,Morning,976,947.475,28.524999999999977
5054,5,2026-07-26,Afternoon,993,939.05,53.950000000000045
5055,5,2026-07-26,Night,960,924.36,35.639999999999986
5056,1,2026-07-27,Morning,992,929.275,62.72500000000002
5057,1,2026-07-27,Afternoon,943,947.62,-4.6200000000000045
5058,1,2026-07-27,Night,903,947.045,-44.04499999999996
5059,2,2026-07-27,Morning,912,906.41,5.590000000000032
5060,2,2026-07-27,Afternoon,945,909.125,35.875
5061,2,2026-07-27,Night,799,892.6,-93.60000000000002
5062,3,2026-07-27,Morning,805,813.095,-8.095000000000027
5063,3,2026-07-27,Afternoon,731,793.195,-62.19500000000005
5064,3,2026-07-27,Night,770,797.87,-27.870000000000005
5065,4,2026-07-27,Morning,987,966.395,20.605000000000018
5066,4,2026-07-27,Afternoon,1044,986.51,57.49000000000001
5067,4,2026-07-27,Night,981,994.38,-13.379999999999995
5068,5,2026-07-27,Morning,957,929.5,27.5
5069,5,2026-07-27,Afternoon,941,936.25,4.75
5070,5,2026-07-27,Night,902,922.31,-20.309999999999945
5071,1,2026-07-28,Morning,969,936.56,32.440000000000055
5072,1,2026-07-28,Afternoon,902,935.425,-33.424999999999955
5073,1,2026-07-28,Night,951,932.32,18.67999999999995
5074,2,2026-07-28,Morning,953,902.95,50.049999999999955
5075,2,2026-07-28,Afternoon,908,913.295,-5.294999999999959
5076,2,2026-07-28,Night,911,901.18,9.82000000000005
5077,3,2026-07-28,Morning,787,794.825,-7.8250000000000455
5078,3,2026-07-28,Afternoon,740,772.925,-32.924999999999955
5079,3,2026-07-28,Night,792,793.75,-1.75
5080,4,2026-07-28,Morning,1015,982.275,32.72500000000002
5081,4,2026-07-28,Afternoon,996,989.69,6.309999999999945
5082,4,2026-07-28,Night,934,978.4,-44.39999999999998
5083,5,2026-07-28,Morning,860,935.24,-75.24000000000001
5084,5,2026-07-28,Afternoon,902,919.165,-17.164999999999964
5085,5,2026-07-28,Night,922,926.99,-4.990000000000009
5086,1,2026-07-29,Morning,945,944.12,0.8799999999999955
5087,1,2026-07-29,Afternoon,945,936.55,8.450000000000045
5088,1,2026-07-29,Night,951,958.165,-7.164999999999964
5089,2,2026-07-29,Morning,918,899.5,18.5
5090,2,2026-07-29,Afternoon,885,895.54,-10.539999999999964
5091,2,2026-07-29,Night,864,888.54,-24.539999999999964
5092,3,2026-07-29,Morning,822,798.22,23.779999999999973
5093,3,2026-07-29,Afternoon,836,801.26,34.74000000000001
5094,3,2026-07-29,Night,779,795.91,-16.909999999999968
5095,4,2026-07-29,Morning,1062,967.71,94.28999999999996
5096,4,2026-07-29,Afternoon,1041,982.68,58.32000000000005
5097,4,2026-07-29,Night,937,995.66,-58.65999999999997
5098,5,2026-07-29,Morning,862,923.715,-61.71500000000003
5099,5,2026-07-29,Afternoon,924,919.53,4.470000000000027
5100,5,2026-07-29,Night,942,916.44,25.559999999999945
5101,1,2026-07-30,Morning,1031,942.725,88.27499999999998
5102,1,2026-07-30,Afternoon,1029,938.975,90.02499999999998
5103,1,2026-07-30,Night,977,944.9,32.10000000000002
5104,2,2026-07-30,Morning,886,904.145,-18.144999999999982
5105,2,2026-07-30,Afternoon,948,897.25,50.75
5106,2,2026-07-30,Night,906,903.725,2.2749999999999773
5107,3,2026-07-30,Morning,749,802.195,-53.19500000000005
5108,3,2026-07-30,Afternoon,750,797.285,-47.28499999999997
5109,3,2026-07-30,Night,786,800.76,-14.759999999999991
5110,4,2026-07-30,Morning,1020,977.5,42.5
5111,4,2026-07-30,Afternoon,940,975.35,-35.35000000000002
5112,4,2026-07-30,Night,966,969.715,-3.715000000000032
5113,5,2026-07-30,Morning,991,918.065,72.93499999999995
5114,5,2026-07-30,Afternoon,946,943.605,2.394999999999982
5115,5,2026-07-30,Night,1003,929.615,73.38499999999999
5116,1,2026-07-31,Morning,971,942.02,28.980000000000018
5117,1,2026-07-31,Afternoon,992,944.445,47.55499999999995
5118,1,2026-07-31,Night,937,952.655,-15.654999999999973
5119,2,2026-07-31,Morning,964,895.72,68.27999999999997
5120,2,2026-07-31,Afternoon,929,905.765,23.235000000000014
5121,2,2026-07-31,Night,896,895.595,0.4049999999999727
5122,3,2026-07-31,Morning,855,791.13,63.870000000000005
5123,3,2026-07-31,Afternoon,827,784.005,42.995000000000005
5124,3,2026-07-31,Night,800,790.22,9.779999999999973
5125,4,2026-07-31,Morning,1002,965.195,36.80499999999995
5126,4,2026-07-31,Afternoon,947,976.925,-29.924999999999955
5127,4,2026-07-31,Night,1028,957.215,70.78499999999997
5128,5,2026-07-31,Morning,1010,930.51,79.49000000000001
5129,5,2026-07-31,Afternoon,869,923.14,-54.139999999999986
5130,5,2026-07-31,Night,908,926.365,-18.36500000000001
5131,1,2026-08-01,Morning,925,945.645,-20.644999999999982
5132,1,2026-08-01,Afternoon,981,958.665,22.335000000000036
5133,1,2026-08-01,Night,959,950.16,8.840000000000032
5134,2,2026-08-01,Morning,884,889.53,-5.529999999999973
5135,2,2026-08-01,Afternoon,890,894.65,-4.649999999999977
5136,2,2026-08-01,Night,880,911.055,-31.05499999999995
5137,3,2026-08-01,Morning,826,800.755,25.245000000000005
5138,3,2026-08-01,Afternoon,809,806.605,2.394999999999982
5139,3,2026-08-01,Night,788,787.735,0.26499999999998636
5140,4,2026-08-01,Morning,961,980.47,-19.470000000000027
5141,4,2026-08-01,Afternoon,1035,988.37,46.629999999999995
5142,4,2026-08-01,Night,1027,969.625,57.375
5143,5,2026-08-01,Morning,956,932.025,23.975000000000023
5144,5,2026-08-01,Afternoon,972,916.385,55.61500000000001
5145,5,2026-08-01,Night,879,929.675,-50.674999999999955
5146,1,2026-08-02,Morning,910,952.725,-42.72500000000002
5147,1,2026-08-02,Afternoon,906,951.155,-45.15499999999997
5148,1,2026-08-02,Night,951,946.935,4.065000000000055
5149,2,2026-08-02,Morning,944,897.045,46.95500000000004
5150,2,2026-08-02,Afternoon,884,892.43,-8.42999999999995
5151,2,2026-08-02,Night,950,906.3,43.700000000000045
5152,3,2026-08-02,Morning,778,789.695,-11.69500000000005
5153,3,2026-08-02,Afternoon,796,794.195,1.80499999999995
5154,3,2026-08-02,Night,784,807.68,-23.67999999999995
5155,4,2026-08-02,Morning,973,962.28,10.720000000000027
5156,4,2026-08-02,Afternoon,977,979.665,-2.6649999999999636
5157,4,2026-08-02,Night,911,982.94,-71.94000000000005
5158,5,2026-08-02,Morning,945,923.215,21.784999999999968
5159,5,2026-08-02,Afternoon,926,922.585,3.4149999999999636
5160,5,2026-08-02,Night,994,931.935,62.065000000000055
5161,1,2026-08-03,Morning,974,955.5,18.5
5162,1,2026-08-03,Afternoon,963,961.835,1.1649999999999636
5163,1,2026-08-03,Night,1011,950.645,60.35500000000002
5164,2,2026-08-03,Morning,956,920.485,35.514999999999986
5165,2,2026-08-03,Afternoon,966,912.83,53.16999999999996
5166,2,2026-08-03,Night,880,901.925,-21.924999999999955
5167,3,2026-08-03,Morning,755,803.455,-48.45500000000004
5168,3,2026-08-03,Afternoon,731,808.17,-77.16999999999996
5169,3,2026-08-03,Night,842,803.92,38.08000000000004
5170,4,2026-08-03,Morning,906,975.915,-69.91499999999996
5171,4,2026-08-03,Afternoon,989,958.39,30.610000000000014
5172,4,2026-08-03,Night,1015,997.985,17.014999999999986
5173,5,2026-08-03,Morning,871,947.305,-76.30499999999995
5174,5,2026-08-03,Afternoon,893,930.715,-37.71500000000003
5175,5,2026-08-03,Night,978,919.43,58.57000000000005
5176,1,2026-08-04,Morning,971,950.38,20.620000000000005
5177,1,2026-08-04,Afternoon,998,952.955,45.04499999999996
5178,1,2026-08-04,Night,960,976.305,-16.30499999999995
5179,2,2026-08-04,Morning,863,889.6,-26.600000000000023
5180,2,2026-08-04,Afternoon,883,900.045,-17.04499999999996
5181,2,2026-08-04,Night,937,886.37,50.629999999999995
5182,3,2026-08-04,Morning,738,789.015,-51.014999999999986
5183,3,2026-08-04,Afternoon,780,803.39,-23.389999999999986
5184,3,2026-08-04,Night,774,808.255,-34.254999999999995
5185,4,2026-08-04,Morning,977,986.99,-9.990000000000009
5186,4,2026-08-04,Afternoon,1006,964.59,41.40999999999997
5187,4,2026-08-04,Night,1027,998.0,29.0
5188,5,2026-08-04,Morning,877,938.25,-61.25
5189,5,2026-08-04,Afternoon,896,913.935,-17.934999999999945
5190,5,2026-08-04,Night,881,929.225,-48.22500000000002
5191,1,2026-08-05,Morning,949,968.01,-19.00999999999999
5192,1,2026-08-05,Afternoon,905,953.365,-48.36500000000001
5193,1,2026-08-05,Night,965,934.785,30.215000000000032
5194,2,2026-08-05,Morning,860,897.965,-37.96500000000003
5195,2,2026-08-05,Afternoon,953,885.22,67.77999999999997
5196,2,2026-08-05,Night,832,906.035,-74.03499999999997
5197,3,2026-08-05,Morning,767,793.78,-26.779999999999973
5198,3,2026-08-05,Afternoon,867,801.335,65.66499999999996
5199,3,2026-08-05,Night,808,801.775,6.225000000000023
5200,4,2026-08-05,Morning,960,966.8,-6.7999999999999545
5201,4,2026-08-05,Afternoon,1090,978.28,111.72000000000003
5202,4,2026-08-05,Night,969,966.105,2.894999999999982
5203,5,2026-08-05,Morning,954,906.98,47.01999999999998
5204,5,2026-08-05,Afternoon,899,932.0,-33.0
5205,5,2026-08-05,Night,892,933.155,-41.15499999999997
5206,1,2026-08-06,Morning,976,952.6,23.399999999999977
5207,1,2026-08-06,Afternoon,1021,950.26,70.74000000000001
5208,1,2026-08-06,Night,932,957.61,-25.610000000000014
5209,2,2026-08-06,Morning,859,898.12,-39.120000000000005
5210,2,2026-08-06,Afternoon,941,901.2,39.799999999999955
5211,2,2026-08-06,Night,883,899.11,-16.110000000000014
5212,3,2026-08-06,Morning,815,798.29,16.710000000000036
5213,3,2026-08-06,Afternoon,781,831.18,-50.17999999999995
5214,3,2026-08-06,Night,787,797.885,-10.884999999999991
5215,4,2026-08-06,Morning,946,1000.125,-54.125
5216,4,2026-08-06,Afternoon,1008,979.825,28.174999999999955
5217,4,2026-08-06,Night,997,969.32,27.67999999999995
5218,5,2026-08-06,Morning,945,928.82,16.17999999999995
5219,5,2026-08-06,Afternoon,903,931.21,-28.210000000000036
5220,5,2026-08-06,Night,943,934.555,8.44500000000005
5221,1,2026-08-07,Morning,1028,954.97,73.02999999999997
5222,1,2026-08-07,Afternoon,910,958.8,-48.799999999999955
5223,1,2026-08-07,Night,919,934.745,-15.745000000000005
5224,2,2026-08-07,Morning,871,905.0,-34.0
5225,2,2026-08-07,Afternoon,905,902.505,2.4950000000000045
5226,2,2026-08-07,Night,857,892.955,-35.95500000000004
5227,3,2026-08-07,Morning,821,804.525,16.475000000000023
5228,3,2026-08-07,Afternoon,729,805.605,-76.60500000000002
5229,3,2026-08-07,Night,833,790.765,42.235000000000014
5230,4,2026-08-07,Morning,994,978.385,15.615000000000009
5231,4,2026-08-07,Afternoon,1056,982.56,73.44000000000005
5232,4,2026-08-07,Night,941,977.645,-36.64499999999998
5233,5,2026-08-07,Morning,973,945.365,27.63499999999999
5234,5,2026-08-07,Afternoon,926,931.68,-5.67999999999995
5235,5,2026-08-07,Night,918,921.05,-3.0499999999999545
5236,1,2026-08-08,Morning,910,942.235,-32.235000000000014
5237,1,2026-08-08,Afternoon,932,948.49,-16.49000000000001
5238,1,2026-08-08,Night,933,960.175,-27.174999999999955
5239,2,2026-08-08,Morning,842,905.45,-63.450000000000045
5240,2,2026-08-08,Afternoon,914,858.04,55.960000000000036
5241,2,2026-08-08,Night,909,885.905,23.095000000000027
5242,3,2026-08-08,Morning,824,790.26,33.74000000000001
5243,3,2026-08-08,Afternoon,777,783.155,-6.154999999999973
5244,3,2026-08-08,Night,834,814.65,19.350000000000023
5245,4,2026-08-08,Morning,1035,973.625,61.375
5246,4,2026-08-08,Afternoon,971,963.34,7.659999999999968
5247,4,2026-08-08,Night,942,987.065,-45.065000000000055
5248,5,2026-08-08,Morning,933,918.785,14.215000000000032
5249,5,2026-08-08,Afternoon,931,922.03,8.970000000000027
5250,5,2026-08-08,Night,923,926.295,-3.294999999999959
5251,1,2026-08-09,Morning,974,947.425,26.575000000000045
5252,1,2026-08-09,Afternoon,936,967.41,-31.409999999999968
5253,1,2026-08-09,Night,909,951.15,-42.14999999999998
5254,2,2026-08-09,Morning,906,913.16,-7.159999999999968
5255,2,2026-08-09,Afternoon,926,895.61,30.389999999999986
5256,2,2026-08-09,Night,929,892.655,36.34500000000003
5257,3,2026-08-09,Morning,784,816.68,-32.67999999999995
5258,3,2026-08-09,Afternoon,812,796.91,15.090000000000032
5259,3,2026-08-09,Night,856,818.105,37.89499999999998
5260,4,2026-08-09,Morning,1036,990.52,45.48000000000002
5261,4,2026-08-09,Afternoon,1024,999.175,24.825000000000045
5262,4,2026-08-09,Night,919,979.29,-60.289999999999964
5263,5,2026-08-09,Morning,917,934.82,-17.82000000000005
5264,5,2026-08-09,Afternoon,983,929.81,53.190000000000055
5265,5,2026-08-09,Night,869,921.815,-52.815000000000055
5266,1,2026-08-10,Morning,948,934.03,13.970000000000027
5267,1,2026-08-10,Afternoon,926,950.495,-24.495000000000005
5268,1,2026-08-10,Night,963,943.41,19.590000000000032
5269,2,2026-08-10,Morning,817,896.205,-79.20500000000004
5270,2,2026-08-10,Afternoon,948,902.665,45.335000000000036
5271,2,2026-08-10,Night,899,884.41,14.590000000000032
5272,3,2026-08-10,Morning,757,802.215,-45.21500000000003
5273,3,2026-08-10,Afternoon,771,790.89,-19.889999999999986
5274,3,2026-08-10,Night,814,799.715,14.284999999999968
5275,4,2026-08-10,Morning,948,985.03,-37.02999999999997
5276,4,2026-08-10,Afternoon,1049,996.08,52.91999999999996
5277,4,2026-08-10,Night,975,976.82,-1.82000000000005
5278,5,2026-08-10,Morning,990,924.155,65.84500000000003
5279,5,2026-08-10,Afternoon,936,939.6,-3.6000000000000227
5280,5,2026-08-10,Night,958,928.28,29.720000000000027
5281,1,2026-08-11,Morning,975,961.095,13.904999999999973
5282,1,2026-08-11,Afternoon,930,949.44,-19.440000000000055
5283,1,2026-08-11,Night,978,953.25,24.75
5284,2,2026-08-11,Morning,884,893.29,-9.289999999999964
5285,2,2026-08-11,Afternoon,836,896.135,-60.13499999999999
5286,2,2026-08-11,Night,891,889.17,1.830000000000041
5287,3,2026-08-11,Morning,752,800.225,-48.22500000000002
5288,3,2026-08-11,Afternoon,782,800.945,-18.94500000000005
5289,3,2026-08-11,Night,798,791.865,6.134999999999991
5290,4,2026-08-11,Morning,943,996.365,-53.36500000000001
5291,4,2026-08-11,Afternoon,1002,975.415,26.585000000000036
5292,4,2026-08-11,Night,963,981.21,-18.210000000000036
5293,5,2026-08-11,Morning,881,930.545,-49.54499999999996
5294,5,2026-08-11,Afternoon,894,927.165,-33.164999999999964
5295,5,2026-08-11,Night,934,929.86,4.139999999999986
5296,1,2026-08-12,Morning,940,962.64,-22.639999999999986
5297,1,2026-08-12,Afternoon,961,957.02,3.980000000000018
5298,1,2026-08-12,Night,954,957.02,-3.019999999999982
5299,2,2026-08-12,Morning,860,901.825,-41.825000000000045
5300,2,2026-08-12,Afternoon,875,901.32,-26.32000000000005
5301,2,2026-08-12,Night,934,909.955,24.04499999999996
5302,3,2026-08-12,Morning,766,792.875,-26.875
5303,3,2026-08-12,Afternoon,861,788.52,72.48000000000002
5304,3,2026-08-12,Night,743,788.625,-45.625
5305,4,2026-08-12,Morning,1013,978.975,34.02499999999998
5306,4,2026-08-12,Afternoon,975,996.97,-21.970000000000027
5307,4,2026-08-12,Night,941,986.435,-45.434999999999945
5308,5,2026-08-12,Morning,933,916.285,16.715000000000032
5309,5,2026-08-12,Afternoon,897,937.87,-40.870000000000005
5310,5,2026-08-12,Night,907,917.735,-10.735000000000014
5311,1,2026-08-13,Morning,934,945.31,-11.309999999999945
5312,1,2026-08-13,Afternoon,979,946.9,32.10000000000002
5313,1,2026-08-13,Night,924,936.29,-12.289999999999964
5314,2,2026-08-13,Morning,909,893.235,15.764999999999986
5315,2,2026-08-13,Afternoon,931,914.745,16.254999999999995
5316,2,2026-08-13,Night,902,901.785,0.21500000000003183
5317,3,2026-08-13,Morning,815,799.745,15.254999999999995
5318,3,2026-08-13,Afternoon,798,805.22,-7.220000000000027
5319,3,2026-08-13,Night,821,802.105,18.894999999999982
5320,4,2026-08-13,Morning,930,986.33,-56.33000000000004
5321,4,2026-08-13,Afternoon,1037,976.21,60.789999999999964
5322,4,2026-08-13,Night,905,979.295,-74.29499999999996
5323,5,2026-08-13,Morning,902,927.9,-25.899999999999977
5324,5,2026-08-13,Afternoon,926,936.035,-10.034999999999968
5325,5,2026-08-13,Night,855,920.47,-65.47000000000003
5326,1,2026-08-14,Morning,929,951.765,-22.764999999999986
5327,1,2026-08-14,Afternoon,960,953.62,6.3799999999999955
5328,1,2026-08-14,Night,1013,944.535,68.46500000000003
5329,2,2026-08-14,Morning,923,904.085,18.914999999999964
5330,2,2026-08-14,Afternoon,882,902.345,-20.345000000000027
5331,2,2026-08-14,Night,840,912.905,-72.90499999999997
5332,3,2026-08-14,Morning,851,800.84,50.15999999999997
5333,3,2026-08-14,Afternoon,780,781.675,-1.6749999999999545
5334,3,2026-08-14,Night,810,796.615,13.384999999999991
5335,4,2026-08-14,Morning,962,998.205,-36.20500000000004
5336,4,2026-08-14,Afternoon,995,983.585,11.414999999999964
5337,4,2026-08-14,Night,1029,989.515,39.485000000000014
5338,5,2026-08-14,Morning,959,926.24,32.75999999999999
5339,5,2026-08-14,Afternoon,919,924.935,-5.934999999999945
5340,5,2026-08-14,Night,982,923.31,58.690000000000055
5341,1,2026-08-15,Morning,1023,951.475,71.52499999999998
5342,1,2026-08-15,Afternoon,989,956.82,32.17999999999995
5343,1,2026-08-15,Night,933,958.005,-25.004999999999995
5344,2,2026-08-15,Morning,933,885.125,47.875
5345,2,2026-08-15,Afternoon,939,909.135,29.86500000000001
5346,2,2026-08-15,Night,890,916.49,-26.49000000000001
5347,3,2026-08-15,Morning,873,798.145,74.85500000000002
5348,3,2026-08-15,Afternoon,847,841.11,5.889999999999986
5349,3,2026-08-15,Night,791,797.85,-6.850000000000023
5350,4,2026-08-15,Morning,963,978.885,-15.884999999999991
5351,4,2026-08-15,Afternoon,1018,987.135,30.86500000000001
5352,4,2026-08-15,Night,1066,971.445,94.55499999999995
5353,5,2026-08-15,Morning,882,932.565,-50.565000000000055
5354,5,2026-08-15,Afternoon,947,930.085,16.914999999999964
5355,5,2026-08-15,Night,962,920.795,41.20500000000004
5356,1,2026-08-16,Morning,999,952.73,46.26999999999998
5357,1,2026-08-16,Afternoon,982,957.02,24.980000000000018
5358,1,2026-08-16,Night,931,961.025,-30.024999999999977
5359,2,2026-08-16,Morning,848,901.66,-53.65999999999997
5360,2,2026-08-16,Afternoon,887,902.18,-15.17999999999995
5361,2,2026-08-16,Night,931,902.77,28.230000000000018
5362,3,2026-08-16,Morning,777,800.01,-23.00999999999999
5363,3,2026-08-16,Afternoon,856,799.64,56.360000000000014
5364,3,2026-08-16,Night,794,815.58,-21.58000000000004
5365,4,2026-08-16,Morning,954,992.565,-38.565000000000055
5366,4,2026-08-16,Afternoon,897,992.285,-95.28499999999997
5367,4,2026-08-16,Night,1002,993.945,8.05499999999995
5368,5,2026-08-16,Morning,920,935.145,-15.144999999999982
5369,5,2026-08-16,Afternoon,912,918.08,-6.080000000000041
5370,5,2026-08-16,Night,1010,916.025,93.97500000000002
5371,1,2026-08-17,Morning,927,957.5,-30.5
5372,1,2026-08-17,Afternoon,936,947.61,-11.610000000000014
5373,1,2026-08-17,Night,972,940.095,31.904999999999973
5374,2,2026-08-17,Morning,955,887.565,67.43499999999995
5375,2,2026-08-17,Afternoon,918,903.24,14.759999999999991
5376,2,2026-08-17,Night,904,900.05,3.9500000000000455
5377,3,2026-08-17,Morning,886,799.875,86.125
5378,3,2026-08-17,Afternoon,784,837.63,-53.629999999999995
5379,3,2026-08-17,Night,784,801.825,-17.825000000000045
5380,4,2026-08-17,Morning,957,985.125,-28.125
5381,4,2026-08-17,Afternoon,996,978.145,17.855000000000018
5382,4,2026-08-17,Night,946,1000.305,-54.30499999999995
5383,5,2026-08-17,Morning,886,929.935,-43.934999999999945
5384,5,2026-08-17,Afternoon,916,919.355,-3.355000000000018
5385,5,2026-08-17,Night,868,926.265,-58.264999999999986
5386,1,2026-08-18,Morning,960,964.37,-4.3700000000000045
5387,1,2026-08-18,Afternoon,966,952.515,13.485000000000014
5388,1,2026-08-18,Night,973,956.85,16.149999999999977
5389,2,2026-08-18,Morning,935,918.155,16.845000000000027
5390,2,2026-08-18,Afternoon,887,901.645,-14.644999999999982
5391,2,2026-08-18,Night,950,899.465,50.53499999999997
5392,3,2026-08-18,Morning,845,806.015,38.985000000000014
5393,3,2026-08-18,Afternoon,761,792.375,-31.375
5394,3,2026-08-18,Night,798,798.935,-0.9349999999999454
5395,4,2026-08-18,Morning,892,983.515,-91.51499999999999
5396,4,2026-08-18,Afternoon,1030,985.32,44.67999999999995
5397,4,2026-08-18,Night,1014,981.415,32.585000000000036
5398,5,2026-08-18,Morning,990,927.79,62.210000000000036
5399,5,2026-08-18,Afternoon,872,923.535,-51.53499999999997
5400,5,2026-08-18,Night,949,919.995,29.004999999999995
5401,1,2026-08-19,Morning,930,951.185,-21.184999999999945
5402,1,2026-08-19,Afternoon,875,942.71,-67.71000000000004
5403,1,2026-08-19,Night,990,930.645,59.35500000000002
5404,2,2026-08-19,Morning,853,901.37,-48.370000000000005
5405,2,2026-08-19,Afternoon,914,904.975,9.024999999999977
5406,2,2026-08-19,Night,879,890.195,-11.19500000000005
5407,3,2026-08-19,Morning,807,797.755,9.245000000000005
5408,3,2026-08-19,Afternoon,835,798.57,36.42999999999995
5409,3,2026-08-19,Night,807,799.11,7.889999999999986
5410,4,2026-08-19,Morning,1076,990.135,85.86500000000001
5411,4,2026-08-19,Afternoon,945,976.605,-31.605000000000018
5412,4,2026-08-19,Night,1061,985.57,75.42999999999995
5413,5,2026-08-19,Morning,918,913.575,4.4249999999999545
5414,5,2026-08-19,Afternoon,902,917.27,-15.269999999999982
5415,5,2026-08-19,Night,927,918.47,8.529999999999973
5416,1,2026-08-20,Morning,893,934.695,-41.69500000000005
5417,1,2026-08-20,Afternoon,925,938.015,-13.014999999999986
5418,1,2026-08-20,Night,940,942.605,-2.605000000000018
5419,2,2026-08-20,Morning,910,893.415,16.585000000000036
5420,2,2026-08-20,Afternoon,902,904.935,-2.9349999999999454
5421,2,2026-08-20,Night,920,906.815,13.184999999999945
5422,3,2026-08-20,Morning,798,825.015,-27.014999999999986
5423,3,2026-08-20,Afternoon,844,796.805,47.19500000000005
5424,3,2026-08-20,Night,827,792.425,34.575000000000045
5425,4,2026-08-20,Morning,996,970.93,25.07000000000005
5426,4,2026-08-20,Afternoon,1032,973.485,58.514999999999986
5427,4,2026-08-20,Night,1032,982.655,49.34500000000003
5428,5,2026-08-20,Morning,935,919.295,15.705000000000041
5429,5,2026-08-20,Afternoon,916,917.19,-1.1900000000000546
5430,5,2026-08-20,Night,939,925.915,13.085000000000036
5431,1,2026-08-21,Morning,945,952.99,-7.990000000000009
5432,1,2026-08-21,Afternoon,934,951.985,-17.985000000000014
5433,1,2026-08-21,Night,957,962.53,-5.529999999999973
5434,2,2026-08-21,Morning,915,889.105,25.894999999999982
5435,2,2026-08-21,Afternoon,925,917.86,7.139999999999986
5436,2,2026-08-21,Night,959,909.58,49.41999999999996
5437,3,2026-08-21,Morning,811,808.855,2.144999999999982
5438,3,2026-08-21,Afternoon,799,790.325,8.674999999999955
5439,3,2026-08-21,Night,839,792.555,46.44500000000005
5440,4,2026-08-21,Morning,948,986.2,-38.200000000000045
5441,4,2026-08-21,Afternoon,904,990.17,-86.16999999999996
5442,4,2026-08-21,Night,919,984.66,-65.65999999999997
5443,5,2026-08-21,Morning,949,919.18,29.82000000000005
5444,5,2026-08-21,Afternoon,917,911.555,5.44500000000005
5445,5,2026-08-21,Night,920,932.055,-12.05499999999995
5446,1,2026-08-22,Morning,918,952.865,-34.86500000000001
5447,1,2026-08-22,Afternoon,998,938.39,59.610000000000014
5448,1,2026-08-22,Night,890,953.29,-63.289999999999964
5449,2,2026-08-22,Morning,923,912.685,10.315000000000055
5450,2,2026-08-22,Afternoon,900,914.29,-14.289999999999964
5451,2,2026-08-22,Night,962,896.945,65.05499999999995
5452,3,2026-08-22,Morning,839,799.975,39.02499999999998
5453,3,2026-08-22,Afternoon,758,784.495,-26.495000000000005
5454,3,2026-08-22,Night,827,803.77,23.230000000000018
5455,4,2026-08-22,Morning,998,971.71,26.289999999999964
5456,4,2026-08-22,Afternoon,977,981.205,-4.205000000000041
5457,4,2026-08-22,Night,1003,985.325,17.674999999999955
5458,5,2026-08-22,Morning,905,913.105,-8.105000000000018
5459,5,2026-08-22,Afternoon,934,919.02,14.980000000000018
5460,5,2026-08-22,Night,930,932.355,-2.355000000000018
5461,1,2026-08-23,Morning,919,938.135,-19.13499999999999
5462,1,2026-08-23,Afternoon,938,968.94,-30.940000000000055
5463,1,2026-08-23,Night,931,951.565,-20.565000000000055
5464,2,2026-08-23,Morning,915,914.51,0.4900000000000091
5465,2,2026-08-23,Afternoon,950,917.84,32.15999999999997
5466,2,2026-08-23,Night,850,898.21,-48.210000000000036
5467,3,2026-08-23,Morning,816,799.115,16.88499999999999
5468,3,2026-08-23,Afternoon,780,799.53,-19.529999999999973
5469,3,2026-08-23,Night,836,815.065,20.934999999999945
5470,4,2026-08-23,Morning,996,972.06,23.940000000000055
5471,4,2026-08-23,Afternoon,921,981.245,-60.245000000000005
5472,4,2026-08-23,Night,987,960.135,26.86500000000001
5473,5,2026-08-23,Morning,925,914.825,10.174999999999955
5474,5,2026-08-23,Afternoon,883,928.495,-45.495000000000005
5475,5,2026-08-23,Night,910,930.935,-20.934999999999945
