production_id,machine_id,production_date,shift,units_produced,predicted_units_produced
4381,1,2026-06-12,Morning,912,951.9866919113264
4382,1,2026-06-12,Afternoon,931,953.3441868921213
4383,1,2026-06-12,Night,896,949.5777296537111
4384,2,2026-06-12,Morning,887,901.8119687808728
4385,2,2026-06-12,Afternoon,905,900.8464643603031
4386,2,2026-06-12,Night,826,897.725475110714
4387,3,2026-06-12,Morning,768,799.8579694462233
4388,3,2026-06-12,Afternoon,807,799.1553119487554
4389,3,2026-06-12,Night,817,798.5909369699033
4390,4,2026-06-12,Morning,1048,978.9156164679232
4391,4,2026-06-12,Afternoon,1003,979.6065936697721
4392,4,2026-06-12,Night,972,981.3772792504376
4393,5,2026-06-12,Morning,934,928.174257923598
4394,5,2026-06-12,Afternoon,936,928.83603044635
4395,5,2026-06-12,Night,912,929.0864357867973
4396,1,2026-06-13,Morning,959,950.31701912732
4397,1,2026-06-13,Afternoon,930,949.6923487210365
4398,1,2026-06-13,Night,961,949.2050067758823
4399,2,2026-06-13,Morning,897,898.8814478875862
4400,2,2026-06-13,Afternoon,891,897.4949881583251
4401,2,2026-06-13,Night,892,896.9553820796094
4402,3,2026-06-13,Morning,829,798.1201146777335
4403,3,2026-06-13,Afternoon,825,799.3764008269225
4404,3,2026-06-13,Night,789,801.5670429251107
4405,4,2026-06-13,Morning,1008,981.0846058089388
4406,4,2026-06-13,Afternoon,976,979.0780709252297
4407,4,2026-06-13,Night,977,980.8316367529034
4408,5,2026-06-13,Morning,912,929.1888948864861
4409,5,2026-06-13,Afternoon,993,928.0470473183235
4410,5,2026-06-13,Night,988,928.9270215169563
4411,1,2026-06-14,Morning,923,950.7482818156794
4412,1,2026-06-14,Afternoon,936,950.6545813037043
4413,1,2026-06-14,Night,964,951.3087135306839
4414,2,2026-06-14,Morning,921,898.3151161282115
4415,2,2026-06-14,Afternoon,859,898.9221402570581
4416,2,2026-06-14,Night,865,898.5061080345316
4417,3,2026-06-14,Morning,685,800.5912877107902
4418,3,2026-06-14,Afternoon,821,798.1669848825381
4419,3,2026-06-14,Night,743,799.3313928889113
4420,4,2026-06-14,Morning,954,979.8107631547724
4421,4,2026-06-14,Afternoon,1014,978.2281851296142
4422,4,2026-06-14,Night,1012,979.9039709572467
4423,5,2026-06-14,Morning,991,931.3387514260737
4424,5,2026-06-14,Afternoon,1006,930.5744442867181
4425,5,2026-06-14,Night,1042,931.2125588547478
4426,1,2026-06-15,Morning,935,950.6848889760812
4427,1,2026-06-15,Afternoon,926,951.3302815313275
4428,1,2026-06-15,Night,965,950.9283965044742
4429,2,2026-06-15,Morning,847,898.7714901886435
4430,2,2026-06-15,Afternoon,890,897.0002974177602
4431,2,2026-06-15,Night,905,897.9021888914702
4432,3,2026-06-15,Morning,819,796.9438063689539
4433,3,2026-06-15,Afternoon,823,798.999669908176
4434,3,2026-06-15,Night,789,799.0854895495468
4435,4,2026-06-15,Morning,932,979.6932305279347
4436,4,2026-06-15,Afternoon,939,981.2275797464753
4437,4,2026-06-15,Night,902,978.2678208218974
4438,5,2026-06-15,Morning,908,932.5041822739473
4439,5,2026-06-15,Afternoon,876,932.4629734875932
4440,5,2026-06-15,Night,910,928.354394555839
4441,1,2026-06-16,Morning,965,949.1529928322152
4442,1,2026-06-16,Afternoon,903,950.029542142761
4443,1,2026-06-16,Night,953,951.2398706689305
4444,2,2026-06-16,Morning,888,898.2040689573982
4445,2,2026-06-16,Afternoon,913,899.1964972571229
4446,2,2026-06-16,Night,922,898.4538955326227
4447,3,2026-06-16,Morning,786,801.5448917939211
4448,3,2026-06-16,Afternoon,800,799.3115480570141
4449,3,2026-06-16,Night,789,798.8745439072813
4450,4,2026-06-16,Morning,961,975.0008955583397
4451,4,2026-06-16,Afternoon,952,976.3292249557271
4452,4,2026-06-16,Night,998,977.6413682202885
4453,5,2026-06-16,Morning,982,925.942198965111
4454,5,2026-06-16,Afternoon,976,927.5533483483578
4455,5,2026-06-16,Night,879,930.6339780901208
4456,1,2026-06-17,Morning,1001,950.3607887340308
4457,1,2026-06-17,Afternoon,913,950.2643518600821
4458,1,2026-06-17,Night,955,951.9343657718679
4459,2,2026-06-17,Morning,912,901.1570352596038
4460,2,2026-06-17,Afternoon,840,900.9477182116988
4461,2,2026-06-17,Night,893,898.497874978668
4462,3,2026-06-17,Morning,854,797.1371749767283
4463,3,2026-06-17,Afternoon,711,798.8528391354881
4464,3,2026-06-17,Night,896,799.1680719779486
4465,4,2026-06-17,Morning,901,979.8526816421086
4466,4,2026-06-17,Afternoon,991,978.9261713504405
4467,4,2026-06-17,Night,922,979.1700335565342
4468,5,2026-06-17,Morning,947,927.7590119560869
4469,5,2026-06-17,Afternoon,974,927.3092341720529
4470,5,2026-06-17,Night,962,927.5699776462797
4471,1,2026-06-18,Morning,893,949.45394496472
4472,1,2026-06-18,Afternoon,989,948.8508158061637
4473,1,2026-06-18,Night,939,949.3618305652868
4474,2,2026-06-18,Morning,844,900.7393830572944
4475,2,2026-06-18,Afternoon,954,898.0988708048255
4476,2,2026-06-18,Night,983,900.1050818008309
4477,3,2026-06-18,Morning,803,800.9295409705429
4478,3,2026-06-18,Afternoon,784,800.2930835836789
4479,3,2026-06-18,Night,768,801.7788067235581
4480,4,2026-06-18,Morning,1009,976.4403601727939
4481,4,2026-06-18,Afternoon,1021,979.0539723448583
4482,4,2026-06-18,Night,964,979.212195429011
4483,5,2026-06-18,Morning,993,930.4505917939388
4484,5,2026-06-18,Afternoon,955,932.2527866674266
4485,5,2026-06-18,Night,933,931.1281594041642
4486,1,2026-06-19,Morning,962,950.5058789333203
4487,1,2026-06-19,Afternoon,910,949.9917070759127
4488,1,2026-06-19,Night,978,950.5743793561832
4489,2,2026-06-19,Morning,862,900.889236395839
4490,2,2026-06-19,Afternoon,879,900.9232013619531
4491,2,2026-06-19,Night,897,899.5794390047396
4492,3,2026-06-19,Morning,875,799.7205328252717
4493,3,2026-06-19,Afternoon,809,799.8406541685505
4494,3,2026-06-19,Night,766,800.3019212309898
4495,4,2026-06-19,Morning,992,979.1931653678762
4496,4,2026-06-19,Afternoon,1003,980.870473052842
4497,4,2026-06-19,Night,1028,980.4863733413257
4498,5,2026-06-19,Morning,929,928.4768344870203
4499,5,2026-06-19,Afternoon,901,928.150486040941
4500,5,2026-06-19,Night,1018,927.3845134987364
4501,1,2026-06-20,Morning,963,951.0360972374683
4502,1,2026-06-20,Afternoon,916,950.4389565252224
4503,1,2026-06-20,Night,948,951.3435301987005
4504,2,2026-06-20,Morning,879,897.9386420420799
4505,2,2026-06-20,Afternoon,951,900.1429544990428
4506,2,2026-06-20,Night,922,900.5827022277142
4507,3,2026-06-20,Morning,787,799.2406647511445
4508,3,2026-06-20,Afternoon,841,799.5138832012849
4509,3,2026-06-20,Night,795,799.851301241307
4510,4,2026-06-20,Morning,977,980.7606393165535
4511,4,2026-06-20,Afternoon,950,979.6869830002025
4512,4,2026-06-20,Night,950,980.5843680619811
4513,5,2026-06-20,Morning,1014,928.4266766149099
4514,5,2026-06-20,Afternoon,969,929.2818535193545
4515,5,2026-06-20,Night,857,932.7212405126633
4516,1,2026-06-21,Morning,911,950.03422355694
4517,1,2026-06-21,Afternoon,904,949.875612838879
4518,1,2026-06-21,Night,952,951.1377128215931
4519,2,2026-06-21,Morning,883,900.1281542128554
4520,2,2026-06-21,Afternoon,960,901.4634012244682
4521,2,2026-06-21,Night,886,901.2295817061687
4522,3,2026-06-21,Morning,879,799.112321067214
4523,3,2026-06-21,Afternoon,796,801.8950038588581
4524,3,2026-06-21,Night,890,801.3294904711395
4525,4,2026-06-21,Morning,971,980.0553896441695
4526,4,2026-06-21,Afternoon,972,979.3997645804473
4527,4,2026-06-21,Night,1018,979.4858202142883
4528,5,2026-06-21,Morning,961,929.9751058743963
4529,5,2026-06-21,Afternoon,878,926.5828451296721
4530,5,2026-06-21,Night,933,925.8905604432102
4531,1,2026-06-22,Morning,933,950.3981691015101
4532,1,2026-06-22,Afternoon,930,950.9398710844366
4533,1,2026-06-22,Night,953,952.0080248128465
4534,2,2026-06-22,Morning,888,902.1314349230981
4535,2,2026-06-22,Afternoon,907,899.8891691027945
4536,2,2026-06-22,Night,860,899.2675430887593
4537,3,2026-06-22,Morning,739,803.0129643554076
4538,3,2026-06-22,Afternoon,839,800.5387881546299
4539,3,2026-06-22,Night,846,800.6928388728649
4540,4,2026-06-22,Morning,1017,979.8687736414421
4541,4,2026-06-22,Afternoon,981,980.9326603167425
4542,4,2026-06-22,Night,965,979.4983627951727
4543,5,2026-06-22,Morning,905,926.6229066998986
4544,5,2026-06-22,Afternoon,898,926.47893462293
4545,5,2026-06-22,Night,926,928.084845966082
4546,1,2026-06-23,Morning,995,950.4671580407713
4547,1,2026-06-23,Afternoon,922,952.1498079188848
4548,1,2026-06-23,Night,995,951.4366020154331
4549,2,2026-06-23,Morning,841,899.8924181980251
4550,2,2026-06-23,Afternoon,909,899.3759239680043
4551,2,2026-06-23,Night,917,896.8489375223653
4552,3,2026-06-23,Morning,779,797.8102776987527
4553,3,2026-06-23,Afternoon,757,802.1194948770598
4554,3,2026-06-23,Night,833,798.694695045905
4555,4,2026-06-23,Morning,981,979.7856787091058
4556,4,2026-06-23,Afternoon,1085,980.92921406862
4557,4,2026-06-23,Night,1026,980.7938431542667
4558,5,2026-06-23,Morning,976,928.7710539946021
4559,5,2026-06-23,Afternoon,834,928.1195778145308
4560,5,2026-06-23,Night,902,927.9604783748262
4561,1,2026-06-24,Morning,903,951.8982606902513
4562,1,2026-06-24,Afternoon,870,951.1772691156696
4563,1,2026-06-24,Night,948,950.5824883708743
4564,2,2026-06-24,Morning,932,899.0504215408463
4565,2,2026-06-24,Afternoon,861,899.8007337769068
4566,2,2026-06-24,Night,822,901.4715994171925
4567,3,2026-06-24,Morning,764,797.4698053066537
4568,3,2026-06-24,Afternoon,793,799.0208550002906
4569,3,2026-06-24,Night,790,799.1794445452537
4570,4,2026-06-24,Morning,980,983.433822982905
4571,4,2026-06-24,Afternoon,996,982.0114032259684
4572,4,2026-06-24,Night,979,981.572443188833
4573,5,2026-06-24,Morning,965,926.8633064874788
4574,5,2026-06-24,Afternoon,892,926.6321368474541
4575,5,2026-06-24,Night,919,927.4164013820066
4576,1,2026-06-25,Morning,973,947.7648707016135
4577,1,2026-06-25,Afternoon,961,950.8558793644359
4578,1,2026-06-25,Night,1023,950.9024608876665
4579,2,2026-06-25,Morning,863,898.2175240659415
4580,2,2026-06-25,Afternoon,924,897.9988895120292
4581,2,2026-06-25,Night,874,897.9504833887447
4582,3,2026-06-25,Morning,770,798.9607032671473
4583,3,2026-06-25,Afternoon,843,796.6901509023987
4584,3,2026-06-25,Night,798,800.1467356369617
4585,4,2026-06-25,Morning,990,981.0812830310887
4586,4,2026-06-25,Afternoon,957,979.1782436487133
4587,4,2026-06-25,Night,959,979.7470418200153
4588,5,2026-06-25,Morning,869,927.9695080505335
4589,5,2026-06-25,Afternoon,937,926.7936053608173
4590,5,2026-06-25,Night,888,927.9747334655876
4591,1,2026-06-26,Morning,944,951.9002628930073
4592,1,2026-06-26,Afternoon,985,953.3186032949731
4593,1,2026-06-26,Night,879,951.3172068853362
4594,2,2026-06-26,Morning,1019,898.7223094029466
4595,2,2026-06-26,Afternoon,869,901.1862492720963
4596,2,2026-06-26,Night,895,901.0319142193866
4597,3,2026-06-26,Morning,810,800.4896857791866
4598,3,2026-06-26,Afternoon,768,800.6404892419301
4599,3,2026-06-26,Night,781,799.5319358446924
4600,4,2026-06-26,Morning,1024,979.8633281288812
4601,4,2026-06-26,Afternoon,1010,981.6724410422053
4602,4,2026-06-26,Night,969,981.4485856962345
4603,5,2026-06-26,Morning,929,926.7751026625965
4604,5,2026-06-26,Afternoon,935,926.7102771686042
4605,5,2026-06-26,Night,952,928.2393073612579
4606,1,2026-06-27,Morning,975,949.8132826029107
4607,1,2026-06-27,Afternoon,974,951.7939672890118
4608,1,2026-06-27,Night,933,950.2011741548133
4609,2,2026-06-27,Morning,904,902.9924364951476
4610,2,2026-06-27,Afternoon,939,899.5290967336473
4611,2,2026-06-27,Night,988,900.2478248116568
4612,3,2026-06-27,Morning,803,799.1953680056504
4613,3,2026-06-27,Afternoon,778,799.6282875609891
4614,3,2026-06-27,Night,767,799.5465041993125
4615,4,2026-06-27,Morning,1004,981.6152061220545
4616,4,2026-06-27,Afternoon,917,980.7643925935462
4617,4,2026-06-27,Night,1004,979.7634854111664
4618,5,2026-06-27,Morning,955,929.8166057248503
4619,5,2026-06-27,Afternoon,909,929.8974212450164
4620,5,2026-06-27,Night,939,929.2839321635275
4621,1,2026-06-28,Morning,941,952.3896105755484
4622,1,2026-06-28,Afternoon,896,950.7806282553172
4623,1,2026-06-28,Night,971,949.024691700054
4624,2,2026-06-28,Morning,917,901.6329953444755
4625,2,2026-06-28,Afternoon,882,903.2277619457957
4626,2,2026-06-28,Night,987,901.6211561363181
4627,3,2026-06-28,Morning,800,798.789099004206
4628,3,2026-06-28,Afternoon,726,797.2888231501465
4629,3,2026-06-28,Night,842,799.1685054488705
4630,4,2026-06-28,Morning,1011,979.9182471594405
4631,4,2026-06-28,Afternoon,1016,978.9283692668464
4632,4,2026-06-28,Night,940,982.1459453962475
4633,5,2026-06-28,Morning,938,927.862412028986
4634,5,2026-06-28,Afternoon,929,929.0617251043814
4635,5,2026-06-28,Night,923,929.1443950518228
4636,1,2026-06-29,Morning,1003,951.0161897803932
4637,1,2026-06-29,Afternoon,950,950.5764736938361
4638,1,2026-06-29,Night,934,953.3759819314171
4639,2,2026-06-29,Morning,883,902.5021477056367
4640,2,2026-06-29,Afternoon,857,903.7977574681681
4641,2,2026-06-29,Night,904,899.2181328610345
4642,3,2026-06-29,Morning,857,799.1935154282974
4643,3,2026-06-29,Afternoon,787,800.2456008715214
4644,3,2026-06-29,Night,810,802.7118788932983
4645,4,2026-06-29,Morning,972,980.9235371129625
4646,4,2026-06-29,Afternoon,976,978.4982322441083
4647,4,2026-06-29,Night,1013,980.7332084135379
4648,5,2026-06-29,Morning,887,928.7450612193023
4649,5,2026-06-29,Afternoon,870,927.6078584265396
4650,5,2026-06-29,Night,972,928.0720347544594
4651,1,2026-06-30,Morning,928,951.3452557590331
4652,1,2026-06-30,Afternoon,934,949.7986789305169
4653,1,2026-06-30,Night,1048,950.3025983962153
4654,2,2026-06-30,Morning,931,900.6961867888011
4655,2,2026-06-30,Afternoon,865,899.7193145996605
4656,2,2026-06-30,Night,945,900.5092594128345
4657,3,2026-06-30,Morning,832,802.3334933432512
4658,3,2026-06-30,Afternoon,682,799.9270126947529
4659,3,2026-06-30,Night,806,798.7010702838638
4660,4,2026-06-30,Morning,939,980.7389934875278
4661,4,2026-06-30,Afternoon,976,981.0041219380923
4662,4,2026-06-30,Night,1068,978.0942966106368
4663,5,2026-06-30,Morning,965,927.3527651322045
4664,5,2026-06-30,Afternoon,971,926.7760080257078
4665,5,2026-06-30,Night,922,930.5493158989957
4666,1,2026-07-01,Morning,991,951.3044877398625
4667,1,2026-07-01,Afternoon,921,951.6466567649828
4668,1,2026-07-01,Night,955,953.7584271285974
4669,2,2026-07-01,Morning,933,901.0317011695658
4670,2,2026-07-01,Afternoon,931,901.776167156937
4671,2,2026-07-01,Night,843,902.3156493101561
4672,3,2026-07-01,Morning,876,800.4289035178593
4673,3,2026-07-01,Afternoon,763,796.4677853348021
4674,3,2026-07-01,Night,907,799.1202261756213
4675,4,2026-07-01,Morning,1014,980.760129510204
4676,4,2026-07-01,Afternoon,1010,981.2855863266903
4677,4,2026-07-01,Night,946,982.2720999331251
4678,5,2026-07-01,Morning,910,929.2498599895654
4679,5,2026-07-01,Afternoon,1002,927.8018086846556
4680,5,2026-07-01,Night,995,928.0235987671964
4681,1,2026-07-02,Morning,943,952.2783360928474
4682,1,2026-07-02,Afternoon,940,951.3855542621923
4683,1,2026-07-02,Night,941,949.2185612638086
4684,2,2026-07-02,Morning,945,900.6272802343343
4685,2,2026-07-02,Afternoon,941,899.1552034281844
4686,2,2026-07-02,Night,915,899.9351645689936
4687,3,2026-07-02,Morning,805,801.9286803770192
4688,3,2026-07-02,Afternoon,793,800.3712234205984
4689,3,2026-07-02,Night,903,801.7064416646851
4690,4,2026-07-02,Morning,926,980.0286207046045
4691,4,2026-07-02,Afternoon,964,977.9181919191844
4692,4,2026-07-02,Night,992,977.1363444834711
4693,5,2026-07-02,Morning,869,929.430611514527
4694,5,2026-07-02,Afternoon,907,929.479310145991
4695,5,2026-07-02,Night,1017,927.6547057406511
4696,1,2026-07-03,Morning,988,950.8816778781701
4697,1,2026-07-03,Afternoon,927,949.9560145582152
4698,1,2026-07-03,Night,926,950.7270386332568
4699,2,2026-07-03,Morning,847,901.8596942779689
4700,2,2026-07-03,Afternoon,882,900.4197989734048
4701,2,2026-07-03,Night,922,900.3865248920491
4702,3,2026-07-03,Morning,815,802.3889586423902
4703,3,2026-07-03,Afternoon,784,801.5475199804421
4704,3,2026-07-03,Night,763,801.6738000355639
4705,4,2026-07-03,Morning,972,979.7236467763812
4706,4,2026-07-03,Afternoon,971,979.6627615884908
4707,4,2026-07-03,Night,1012,979.8518424371478
4708,5,2026-07-03,Morning,939,928.3053680964287
4709,5,2026-07-03,Afternoon,933,928.1595614000291
4710,5,2026-07-03,Night,979,929.0798470599825
4711,1,2026-07-04,Morning,1015,952.1528091134055
4712,1,2026-07-04,Afternoon,964,951.7979244827735
4713,1,2026-07-04,Night,965,952.1135630097996
4714,2,2026-07-04,Morning,895,898.469122123305
4715,2,2026-07-04,Afternoon,866,900.95569568018
4716,2,2026-07-04,Night,935,899.1272724270854
4717,3,2026-07-04,Morning,827,799.7634506750182
4718,3,2026-07-04,Afternoon,798,799.1148841162137
4719,3,2026-07-04,Night,809,798.4853116711727
4720,4,2026-07-04,Morning,1026,979.6862082468598
4721,4,2026-07-04,Afternoon,1034,981.3917409191728
4722,4,2026-07-04,Night,885,982.9229181305693
4723,5,2026-07-04,Morning,904,929.1817125323496
4724,5,2026-07-04,Afternoon,928,928.9873795826002
4725,5,2026-07-04,Night,887,928.5147739470658
4726,1,2026-07-05,Morning,960,952.1266548828027
4727,1,2026-07-05,Afternoon,926,950.6368182705859
4728,1,2026-07-05,Night,961,951.4195767712446
4729,2,2026-07-05,Morning,878,900.0084047037616
4730,2,2026-07-05,Afternoon,879,899.0795636967299
4731,2,2026-07-05,Night,911,899.3906194860073
4732,3,2026-07-05,Morning,837,799.8105345325287
4733,3,2026-07-05,Afternoon,824,798.5002259273128
4734,3,2026-07-05,Night,798,801.084483674498
4735,4,2026-07-05,Morning,908,980.9191966280965
4736,4,2026-07-05,Afternoon,958,977.399460063337
4737,4,2026-07-05,Night,954,975.4881142523722
4738,5,2026-07-05,Morning,959,928.1068569509449
4739,5,2026-07-05,Afternoon,936,927.4872327314329
4740,5,2026-07-05,Night,937,926.591315099108
4741,1,2026-07-06,Morning,918,951.0582507068208
4742,1,2026-07-06,Afternoon,1005,949.1431433929981
4743,1,2026-07-06,Night,957,951.3885763815267
4744,2,2026-07-06,Morning,865,899.1519249503903
4745,2,2026-07-06,Afternoon,868,899.3586285801773
4746,2,2026-07-06,Night,913,899.3739978449898
4747,3,2026-07-06,Morning,764,799.253147179707
4748,3,2026-07-06,Afternoon,775,800.0667976886243
4749,3,2026-07-06,Night,755,797.7780367773173
4750,4,2026-07-06,Morning,1009,976.0619998625642
4751,4,2026-07-06,Afternoon,945,980.2065440995403
4752,4,2026-07-06,Night,1043,978.8537960075587
4753,5,2026-07-06,Morning,948,929.3274050420082
4754,5,2026-07-06,Afternoon,885,929.8912453246488
4755,5,2026-07-06,Night,954,927.625583570752
4756,1,2026-07-07,Morning,1006,950.5303594192212
4757,1,2026-07-07,Afternoon,946,953.3923603042512
4758,1,2026-07-07,Night,1011,951.3609747445516
4759,2,2026-07-07,Morning,919,899.1039373488171
4760,2,2026-07-07,Afternoon,876,899.6654951316409
4761,2,2026-07-07,Night,988,898.7613060060595
4762,3,2026-07-07,Morning,746,797.5672584916358
4763,3,2026-07-07,Afternoon,787,798.1564035196716
4764,3,2026-07-07,Night,798,798.9308853481959
4765,4,2026-07-07,Morning,1059,981.4441690396283
4766,4,2026-07-07,Afternoon,1010,981.394687010008
4767,4,2026-07-07,Night,1002,983.3373678913549
4768,5,2026-07-07,Morning,901,926.7227799562115
4769,5,2026-07-07,Afternoon,925,927.7632382993136
4770,5,2026-07-07,Night,907,928.4616167482915
4771,1,2026-07-08,Morning,971,954.4504989566019
4772,1,2026-07-08,Afternoon,998,952.1324780270505
4773,1,2026-07-08,Night,1050,952.5910917689185
4774,2,2026-07-08,Morning,881,900.8133141893763
4775,2,2026-07-08,Afternoon,845,900.6218399583084
4776,2,2026-07-08,Night,887,900.9950681389333
4777,3,2026-07-08,Morning,841,799.1656468156161
4778,3,2026-07-08,Afternoon,766,799.9942563041932
4779,3,2026-07-08,Night,800,800.8702143390435
4780,4,2026-07-08,Morning,1003,982.0765799923774
4781,4,2026-07-08,Afternoon,962,980.3120416528656
4782,4,2026-07-08,Night,989,980.7908257408473
4783,5,2026-07-08,Morning,892,926.3608045431903
4784,5,2026-07-08,Afternoon,981,927.0923804497061
4785,5,2026-07-08,Night,920,928.3232059061653
4786,1,2026-07-09,Morning,958,954.8822173400097
4787,1,2026-07-09,Afternoon,880,955.3695419920849
4788,1,2026-07-09,Night,907,951.7400311520117
4789,2,2026-07-09,Morning,940,897.5170635507603
4790,2,2026-07-09,Afternoon,882,897.6497359509626
4791,2,2026-07-09,Night,864,898.9983507254465
4792,3,2026-07-09,Morning,742,799.4719329489869
4793,3,2026-07-09,Afternoon,850,799.0438967877571
4794,3,2026-07-09,Night,828,801.8050848730995
4795,4,2026-07-09,Morning,1005,979.3904983559535
4796,4,2026-07-09,Afternoon,1047,979.3988730638708
4797,4,2026-07-09,Night,967,982.6889590279675
4798,5,2026-07-09,Morning,875,927.7907615844966
4799,5,2026-07-09,Afternoon,932,926.877066597339
4800,5,2026-07-09,Night,1007,925.6204655816957
4801,1,2026-07-10,Morning,953,949.6850218158617
4802,1,2026-07-10,Afternoon,997,948.4662297720087
4803,1,2026-07-10,Night,896,948.8929192953483
4804,2,2026-07-10,Morning,870,900.6086274343212
4805,2,2026-07-10,Afternoon,937,899.0134467416392
4806,2,2026-07-10,Night,907,900.549319105563
4807,3,2026-07-10,Morning,796,799.9921390087985
4808,3,2026-07-10,Afternoon,846,799.8754967104744
4809,3,2026-07-10,Night,837,802.9034054360916
4810,4,2026-07-10,Morning,988,981.7702855799857
4811,4,2026-07-10,Afternoon,885,980.4278195955638
4812,4,2026-07-10,Night,980,978.1301636210642
4813,5,2026-07-10,Morning,947,927.9132614535047
4814,5,2026-07-10,Afternoon,861,930.1093190738128
4815,5,2026-07-10,Night,946,928.5730565088022
4816,1,2026-07-11,Morning,998,950.8152044159377
4817,1,2026-07-11,Afternoon,950,951.1539076616555
4818,1,2026-07-11,Night,910,951.1778835548291
4819,2,2026-07-11,Morning,809,900.122209557123
4820,2,2026-07-11,Afternoon,917,899.7021124550777
4821,2,2026-07-11,Night,835,897.75169724443
4822,3,2026-07-11,Morning,825,801.0485228155669
4823,3,2026-07-11,Afternoon,874,802.9770067231225
4824,3,2026-07-11,Night,714,801.0657827532252
4825,4,2026-07-11,Morning,952,978.2333612397122
4826,4,2026-07-11,Afternoon,971,978.9169971800446
4827,4,2026-07-11,Night,1057,981.3455479372101
4828,5,2026-07-11,Morning,935,928.1689696388922
4829,5,2026-07-11,Afternoon,912,928.2594009004913
4830,5,2026-07-11,Night,971,929.7588704291168
4831,1,2026-07-12,Morning,934,950.8148255175935
4832,1,2026-07-12,Afternoon,919,949.7653266575683
4833,1,2026-07-12,Night,974,949.2925642415133
4834,2,2026-07-12,Morning,945,897.3208891054311
4835,2,2026-07-12,Afternoon,799,899.6315739668487
4836,2,2026-07-12,Night,869,898.7095767052151
4837,3,2026-07-12,Morning,808,799.0620158413662
4838,3,2026-07-12,Afternoon,793,801.0101240066581
4839,3,2026-07-12,Night,799,797.7209486634182
4840,4,2026-07-12,Morning,940,981.2123000153712
4841,4,2026-07-12,Afternoon,1007,979.6165401327502
4842,4,2026-07-12,Night,1043,980.7469541125903
4843,5,2026-07-12,Morning,898,927.877187507476
4844,5,2026-07-12,Afternoon,957,929.0423291335447
4845,5,2026-07-12,Night,970,928.0741809966516
4846,1,2026-07-13,Morning,958,952.373863094403
4847,1,2026-07-13,Afternoon,975,951.0934042232317
4848,1,2026-07-13,Night,922,951.1737801288517
4849,2,2026-07-13,Morning,960,897.9223342021382
4850,2,2026-07-13,Afternoon,945,899.1183661652841
4851,2,2026-07-13,Night,950,899.1955553872718
4852,3,2026-07-13,Morning,754,799.2170626737543
4853,3,2026-07-13,Afternoon,820,798.1323856760449
4854,3,2026-07-13,Night,775,799.2502815180943
4855,4,2026-07-13,Morning,1044,978.1211515699393
4856,4,2026-07-13,Afternoon,949,981.8494265864299
4857,4,2026-07-13,Night,990,981.953235619246
4858,5,2026-07-13,Morning,851,928.2444258848196
4859,5,2026-07-13,Afternoon,939,928.9788494504983
4860,5,2026-07-13,Night,884,927.952098162082
4861,1,2026-07-14,Morning,972,950.8918781604958
4862,1,2026-07-14,Afternoon,944,951.6305858706125
4863,1,2026-07-14,Night,935,949.0770187476809
4864,2,2026-07-14,Morning,965,901.1876794310639
4865,2,2026-07-14,Afternoon,992,903.4957196908266
4866,2,2026-07-14,Night,844,904.320567770458
4867,3,2026-07-14,Morning,787,797.7678231183584
4868,3,2026-07-14,Afternoon,834,799.1533277891849
4869,3,2026-07-14,Night,815,800.0308178638995
4870,4,2026-07-14,Morning,1011,981.7791753652172
4871,4,2026-07-14,Afternoon,977,979.3186013853986
4872,4,2026-07-14,Night,1027,982.0468340382085
4873,5,2026-07-14,Morning,938,926.288749392983
4874,5,2026-07-14,Afternoon,947,928.5602755255397
4875,5,2026-07-14,Night,885,930.0935559192473
4876,1,2026-07-15,Morning,954,951.579531012274
4877,1,2026-07-15,Afternoon,984,951.1255965068622
4878,1,2026-07-15,Night,963,951.4469489097991
4879,2,2026-07-15,Morning,981,902.7791457249224
4880,2,2026-07-15,Afternoon,905,901.9578207039859
4881,2,2026-07-15,Night,920,901.6626519998031
4882,3,2026-07-15,Morning,808,799.6789843264312
4883,3,2026-07-15,Afternoon,798,801.105021562981
4884,3,2026-07-15,Night,836,800.9462796567329
4885,4,2026-07-15,Morning,975,982.4748785954623
4886,4,2026-07-15,Afternoon,932,980.7588556065665
4887,4,2026-07-15,Night,1043,979.5966952678857
4888,5,2026-07-15,Morning,906,928.2989247952288
4889,5,2026-07-15,Afternoon,872,927.6017340956726
4890,5,2026-07-15,Night,955,927.27896354449
4891,1,2026-07-16,Morning,1019,951.9546474022982
4892,1,2026-07-16,Afternoon,976,952.9415161113521
4893,1,2026-07-16,Night,1006,953.7161100654531
4894,2,2026-07-16,Morning,865,901.635727745714
4895,2,2026-07-16,Afternoon,853,900.464500836491
4896,2,2026-07-16,Night,886,898.7110517336588
4897,3,2026-07-16,Morning,844,799.6800110398708
4898,3,2026-07-16,Afternoon,822,800.9883451970833
4899,3,2026-07-16,Night,825,801.7419636301615
4900,4,2026-07-16,Morning,985,978.6132230657208
4901,4,2026-07-16,Afternoon,967,979.3773703097368
4902,4,2026-07-16,Night,987,981.7083104029023
4903,5,2026-07-16,Morning,924,927.8607734588986
4904,5,2026-07-16,Afternoon,914,927.6741174899746
4905,5,2026-07-16,Night,946,928.4213127856785
4906,1,2026-07-17,Morning,940,952.4885827850152
4907,1,2026-07-17,Afternoon,961,953.3242151027002
4908,1,2026-07-17,Night,874,952.3265654051829
4909,2,2026-07-17,Morning,908,897.0238590545455
4910,2,2026-07-17,Afternoon,890,898.6759654795594
4911,2,2026-07-17,Night,959,898.7203280139559
4912,3,2026-07-17,Morning,740,803.511466804457
4913,3,2026-07-17,Afternoon,805,800.4742558149931
4914,3,2026-07-17,Night,835,798.6187504748539
4915,4,2026-07-17,Morning,976,979.5132964997547
4916,4,2026-07-17,Afternoon,969,978.9721371572086
4917,4,2026-07-17,Night,1015,981.7748152013916
4918,5,2026-07-17,Morning,951,927.6804853277639
4919,5,2026-07-17,Afternoon,954,929.2010037431369
4920,5,2026-07-17,Night,914,930.3161390123039
4921,1,2026-07-18,Morning,930,950.0330243687096
4922,1,2026-07-18,Afternoon,961,950.1242574033454
4923,1,2026-07-18,Night,988,949.2932717456715
4924,2,2026-07-18,Morning,848,899.8954543113622
4925,2,2026-07-18,Afternoon,897,900.0248365624859
4926,2,2026-07-18,Night,881,899.7339353582978
4927,3,2026-07-18,Morning,802,799.266853042242
4928,3,2026-07-18,Afternoon,831,801.6310460925401
4929,3,2026-07-18,Night,768,800.2965082337785
4930,4,2026-07-18,Morning,1006,980.5523434561745
4931,4,2026-07-18,Afternoon,966,982.097140586235
4932,4,2026-07-18,Night,1025,979.8034714571189
4933,5,2026-07-18,Morning,900,929.6106578061333
4934,5,2026-07-18,Afternoon,968,928.4616574065404
4935,5,2026-07-18,Night,881,927.5966284502097
4936,1,2026-07-19,Morning,959,952.302354673465
4937,1,2026-07-19,Afternoon,977,952.1502618354684
4938,1,2026-07-19,Night,921,952.2086395197623
4939,2,2026-07-19,Morning,815,898.693354492078
4940,2,2026-07-19,Afternoon,883,900.2195462686597
4941,2,2026-07-19,Night,902,898.9055276583731
4942,3,2026-07-19,Morning,788,799.8966376963799
4943,3,2026-07-19,Afternoon,779,800.5550703098734
4944,3,2026-07-19,Night,835,798.1978194238673
4945,4,2026-07-19,Morning,1030,980.5562352376834
4946,4,2026-07-19,Afternoon,1027,981.1752802212625
4947,4,2026-07-19,Night,999,982.5223833826831
4948,5,2026-07-19,Morning,955,927.676241269753
4949,5,2026-07-19,Afternoon,895,928.4697233132612
4950,5,2026-07-19,Night,928,925.2444851757897
4951,1,2026-07-20,Morning,955,951.8414118207844
4952,1,2026-07-20,Afternoon,963,952.5052286549408
4953,1,2026-07-20,Night,962,952.5828645264917
4954,2,2026-07-20,Morning,902,900.2954221976717
4955,2,2026-07-20,Afternoon,919,899.7080984549557
4956,2,2026-07-20,Night,910,900.3743920438582
4957,3,2026-07-20,Morning,810,800.0711641577964
4958,3,2026-07-20,Afternoon,774,800.1061113923539
4959,3,2026-07-20,Night,756,798.9292423017021
4960,4,2026-07-20,Morning,993,982.3889647687719
4961,4,2026-07-20,Afternoon,964,981.5016908470582
4962,4,2026-07-20,Night,955,979.3795984206203
4963,5,2026-07-20,Morning,958,929.1353413214449
4964,5,2026-07-20,Afternoon,929,929.3016216950812
4965,5,2026-07-20,Night,986,928.2685970610931
4966,1,2026-07-21,Morning,973,952.3160528086888
4967,1,2026-07-21,Afternoon,921,951.9184389625864
4968,1,2026-07-21,Night,978,952.1382971502811
4969,2,2026-07-21,Morning,917,900.7866845712635
4970,2,2026-07-21,Afternoon,870,901.2646672687389
4971,2,2026-07-21,Night,880,899.2682567971154
4972,3,2026-07-21,Morning,826,799.1507435296216
4973,3,2026-07-21,Afternoon,733,799.8898318857977
4974,3,2026-07-21,Night,719,799.5472624100553
4975,4,2026-07-21,Morning,988,981.0970225427623
4976,4,2026-07-21,Afternoon,985,980.1759089715563
4977,4,2026-07-21,Night,991,980.9897096560169
4978,5,2026-07-21,Morning,935,930.1283129231958
4979,5,2026-07-21,Afternoon,948,929.9670878653391
4980,5,2026-07-21,Night,980,930.4591262594922
4981,1,2026-07-22,Morning,951,951.4114538286839
4982,1,2026-07-22,Afternoon,895,951.4551133785334
4983,1,2026-07-22,Night,879,951.163115571875
4984,2,2026-07-22,Morning,887,897.9720720771086
4985,2,2026-07-22,Afternoon,888,898.5599018186692
4986,2,2026-07-22,Night,851,900.034590903246
4987,3,2026-07-22,Morning,713,797.0720830970588
4988,3,2026-07-22,Afternoon,785,796.528302296084
4989,3,2026-07-22,Night,869,797.1460808668598
4990,4,2026-07-22,Morning,997,979.3217610498059
4991,4,2026-07-22,Afternoon,993,980.7125776260168
4992,4,2026-07-22,Night,974,981.1899378052757
4993,5,2026-07-22,Morning,917,929.6417009789075
4994,5,2026-07-22,Afternoon,951,929.6136604619817
4995,5,2026-07-22,Night,885,929.1211972112287
4996,1,2026-07-23,Morning,1031,950.3868612034116
4997,1,2026-07-23,Afternoon,907,950.0087777951824
4998,1,2026-07-23,Night,974,951.1212546518582
4999,2,2026-07-23,Morning,860,899.1606138271751
5000,2,2026-07-23,Afternoon,906,899.3849372422158
5001,2,2026-07-23,Night,929,897.679888769087
5002,3,2026-07-23,Morning,738,799.58127338042
5003,3,2026-07-23,Afternoon,764,800.2458884287587
5004,3,2026-07-23,Night,767,802.3895115354322
5005,4,2026-07-23,Morning,971,980.6394685315701
5006,4,2026-07-23,Afternoon,991,978.9895161488836
5007,4,2026-07-23,Night,1050,980.1191919521689
5008,5,2026-07-23,Morning,909,928.6317442685884
5009,5,2026-07-23,Afternoon,997,927.040647948149
5010,5,2026-07-23,Night,945,928.7137731598652
5011,1,2026-07-24,Morning,906,952.4435596795878
5012,1,2026-07-24,Afternoon,945,951.073927242689
5013,1,2026-07-24,Night,895,950.4157222042413
5014,2,2026-07-24,Morning,887,899.094457434412
5015,2,2026-07-24,Afternoon,885,899.9500084674912
5016,2,2026-07-24,Night,907,899.2495773065802
5017,3,2026-07-24,Morning,825,798.488555499202
5018,3,2026-07-24,Afternoon,798,799.2163962276082
5019,3,2026-07-24,Night,760,798.7192603457254
5020,4,2026-07-24,Morning,1069,981.8498478707055
5021,4,2026-07-24,Afternoon,1036,982.4784363572093
5022,4,2026-07-24,Night,1053,985.7215085896308
5023,5,2026-07-24,Morning,924,928.2906011755083
5024,5,2026-07-24,Afternoon,943,929.3274828742757
5025,5,2026-07-24,Night,922,926.9325809259723
5026,1,2026-07-25,Morning,957,949.1237206274475
5027,1,2026-07-25,Afternoon,959,949.9719532410969
5028,1,2026-07-25,Night,901,951.1166761929317
5029,2,2026-07-25,Morning,888,899.1518273227072
5030,2,2026-07-25,Afternoon,942,899.3485247395653
5031,2,2026-07-25,Night,938,900.016461158596
5032,3,2026-07-25,Morning,788,801.3428579029974
5033,3,2026-07-25,Afternoon,810,800.0367466614332
5034,3,2026-07-25,Night,790,800.585789210508
5035,4,2026-07-25,Morning,1006,984.466987512122
5036,4,2026-07-25,Afternoon,918,981.7951306907007
5037,4,2026-07-25,Night,1001,981.8799597164918
5038,5,2026-07-25,Morning,989,927.4076238969939
5039,5,2026-07-25,Afternoon,903,928.5656167742544
5040,5,2026-07-25,Night,983,928.6146111213961
5041,1,2026-07-26,Morning,962,950.8873136584352
5042,1,2026-07-26,Afternoon,947,951.155132061587
5043,1,2026-07-26,Night,937,949.1833218626913
5044,2,2026-07-26,Morning,954,900.4244715465742
5045,2,2026-07-26,Afternoon,890,901.1140314669236
5046,2,2026-07-26,Night,966,900.994757724396
5047,3,2026-07-26,Morning,860,799.9606887118177
5048,3,2026-07-26,Afternoon,782,800.8972015643743
5049,3,2026-07-26,Night,793,800.112449925725
5050,4,2026-07-26,Morning,907,979.9244118300649
5051,4,2026-07-26,Afternoon,979,977.9104656658167
5052,4,2026-07-26,Night,984,980.2952120366506
5053,5,2026-07-26,Morning,976,928.300750411576
5054,5,2026-07-26,Afternoon,993,930.2239434332794
5055,5,2026-07-26,Night,960,930.9514510930354
5056,1,2026-07-27,Morning,992,950.7532898131187
5057,1,2026-07-27,Afternoon,943,952.308643607473
5058,1,2026-07-27,Night,903,952.1470684645464
5059,2,2026-07-27,Morning,912,901.6416703752468
5060,2,2026-07-27,Afternoon,945,899.4723306131002
5061,2,2026-07-27,Night,799,902.6129026644643
5062,3,2026-07-27,Morning,805,800.250030532167
5063,3,2026-07-27,Afternoon,731,798.8171972748117
5064,3,2026-07-27,Night,770,799.7752919663736
5065,4,2026-07-27,Morning,987,979.8202253116928
5066,4,2026-07-27,Afternoon,1044,979.5393435116939
5067,4,2026-07-27,Night,981,980.3252273812494
5068,5,2026-07-27,Morning,957,930.5558893017833
5069,5,2026-07-27,Afternoon,941,930.4372019880153
5070,5,2026-07-27,Night,902,928.3417868309182
5071,1,2026-07-28,Morning,969,950.2184103612269
5072,1,2026-07-28,Afternoon,902,950.9556686415322
5073,1,2026-07-28,Night,951,951.9631300512059
5074,2,2026-07-28,Morning,953,900.2699738916798
5075,2,2026-07-28,Afternoon,908,899.9654388756348
5076,2,2026-07-28,Night,911,900.28557697709
5077,3,2026-07-28,Morning,787,798.061166060945
5078,3,2026-07-28,Afternoon,740,799.0304368742177
5079,3,2026-07-28,Night,792,798.8071091711231
5080,4,2026-07-28,Morning,1015,982.3771141599345
5081,4,2026-07-28,Afternoon,996,983.7388730156512
5082,4,2026-07-28,Night,934,981.1326916885249
5083,5,2026-07-28,Morning,860,928.570728073194
5084,5,2026-07-28,Afternoon,902,926.8270814883995
5085,5,2026-07-28,Night,922,926.0724436684824
5086,1,2026-07-29,Morning,945,952.0772551826542
5087,1,2026-07-29,Afternoon,945,950.5161635728988
5088,1,2026-07-29,Night,951,952.3267350454396
5089,2,2026-07-29,Morning,918,902.6826611207186
5090,2,2026-07-29,Afternoon,885,901.1968716059225
5091,2,2026-07-29,Night,864,900.6960017181271
5092,3,2026-07-29,Morning,822,799.1382863163662
5093,3,2026-07-29,Afternoon,836,798.4691896964463
5094,3,2026-07-29,Night,779,801.0192484628017
5095,4,2026-07-29,Morning,1062,980.4127867795241
5096,4,2026-07-29,Afternoon,1041,980.8654708841306
5097,4,2026-07-29,Night,937,980.6956125570109
5098,5,2026-07-29,Morning,862,929.1725419793939
5099,5,2026-07-29,Afternoon,924,927.2059142076477
5100,5,2026-07-29,Night,942,927.6285934895376
5101,1,2026-07-30,Morning,1031,952.0271760602404
5102,1,2026-07-30,Afternoon,1029,953.2960609750227
5103,1,2026-07-30,Night,977,954.7908862676137
5104,2,2026-07-30,Morning,886,899.6776106066852
5105,2,2026-07-30,Afternoon,948,900.5620098210339
5106,2,2026-07-30,Night,906,899.6412101032596
5107,3,2026-07-30,Morning,749,800.8778826976005
5108,3,2026-07-30,Afternoon,750,800.5936411985754
5109,3,2026-07-30,Night,786,797.0551127897447
5110,4,2026-07-30,Morning,1020,980.887800266905
5111,4,2026-07-30,Afternoon,940,980.9770737600353
5112,4,2026-07-30,Night,966,979.4759215943437
5113,5,2026-07-30,Morning,991,928.1438234282072
5114,5,2026-07-30,Afternoon,946,931.1370270912024
5115,5,2026-07-30,Night,1003,929.8437474821229
5116,1,2026-07-31,Morning,971,953.9246844465549
5117,1,2026-07-31,Afternoon,992,951.8958374801246
5118,1,2026-07-31,Night,937,952.6297593753596
5119,2,2026-07-31,Morning,964,900.607624788031
5120,2,2026-07-31,Afternoon,929,901.6700227810928
5121,2,2026-07-31,Night,896,902.4053777020786
5122,3,2026-07-31,Morning,855,798.5599251031722
5123,3,2026-07-31,Afternoon,827,801.0468520499244
5124,3,2026-07-31,Night,800,801.1166139349709
5125,4,2026-07-31,Morning,1002,983.2068946778388
5126,4,2026-07-31,Afternoon,947,980.3179334248387
5127,4,2026-07-31,Night,1028,980.2266722001666
5128,5,2026-07-31,Morning,1010,931.6447752518221
5129,5,2026-07-31,Afternoon,869,931.5849602031441
5130,5,2026-07-31,Night,908,931.1184473099701
5131,1,2026-08-01,Morning,925,951.5746374162312
5132,1,2026-08-01,Afternoon,981,950.5422855483235
5133,1,2026-08-01,Night,959,950.8273967034293
5134,2,2026-08-01,Morning,884,900.1805941930558
5135,2,2026-08-01,Afternoon,890,898.5672801657263
5136,2,2026-08-01,Night,880,899.5461929905741
5137,3,2026-08-01,Morning,826,800.4979626700949
5138,3,2026-08-01,Afternoon,809,800.604101014336
5139,3,2026-08-01,Night,788,802.6523358113235
5140,4,2026-08-01,Morning,961,980.7938431206105
5141,4,2026-08-01,Afternoon,1035,980.5217473314432
5142,4,2026-08-01,Night,1027,982.7033703206679
5143,5,2026-08-01,Morning,956,929.4744578652261
5144,5,2026-08-01,Afternoon,972,927.2540033288877
5145,5,2026-08-01,Night,879,928.9156269337859
5146,1,2026-08-02,Morning,910,949.9375918405252
5147,1,2026-08-02,Afternoon,906,950.1733502722346
5148,1,2026-08-02,Night,951,950.5194883475283
5149,2,2026-08-02,Morning,944,898.0311386682833
5150,2,2026-08-02,Afternoon,884,899.5873526340303
5151,2,2026-08-02,Night,950,900.3741554958433
5152,3,2026-08-02,Morning,778,800.4183663560087
5153,3,2026-08-02,Afternoon,796,800.4420669557259
5154,3,2026-08-02,Night,784,799.6102723428545
5155,4,2026-08-02,Morning,973,980.7768491285827
5156,4,2026-08-02,Afternoon,977,981.9854830713406
5157,4,2026-08-02,Night,911,979.839315208311
5158,5,2026-08-02,Morning,945,929.0296921717622
5159,5,2026-08-02,Afternoon,926,928.4029050075964
5160,5,2026-08-02,Night,994,926.6869575290773
5161,1,2026-08-03,Morning,974,950.5639287281576
5162,1,2026-08-03,Afternoon,963,950.7578027289688
5163,1,2026-08-03,Night,1011,951.2209794865589
5164,2,2026-08-03,Morning,956,901.5361377271706
5165,2,2026-08-03,Afternoon,966,901.2044686787707
5166,2,2026-08-03,Night,880,902.5666186383863
5167,3,2026-08-03,Morning,755,799.8296917941504
5168,3,2026-08-03,Afternoon,731,799.0299108319823
5169,3,2026-08-03,Night,842,797.8595617307654
5170,4,2026-08-03,Morning,906,980.0351282469255
5171,4,2026-08-03,Afternoon,989,976.4763665696065
5172,4,2026-08-03,Night,1015,977.4491360083449
5173,5,2026-08-03,Morning,871,929.8201921993559
5174,5,2026-08-03,Afternoon,893,928.4106285635539
5175,5,2026-08-03,Night,978,927.9732795426042
5176,1,2026-08-04,Morning,971,951.2662971143868
5177,1,2026-08-04,Afternoon,998,952.4206420852921
5178,1,2026-08-04,Night,960,952.6032946626758
5179,2,2026-08-04,Morning,863,901.2279697426947
5180,2,2026-08-04,Afternoon,883,898.2732570113142
5181,2,2026-08-04,Night,937,898.7440152702866
5182,3,2026-08-04,Morning,738,798.2306163687373
5183,3,2026-08-04,Afternoon,780,798.9647263568229
5184,3,2026-08-04,Night,774,798.7902692164735
5185,4,2026-08-04,Morning,977,980.3607447988447
5186,4,2026-08-04,Afternoon,1006,980.9328102090683
5187,4,2026-08-04,Night,1027,980.4839418600229
5188,5,2026-08-04,Morning,877,928.7782156225788
5189,5,2026-08-04,Afternoon,896,927.7627806792653
5190,5,2026-08-04,Night,881,928.185105791767
5191,1,2026-08-05,Morning,949,951.6854429402678
5192,1,2026-08-05,Afternoon,905,951.0114697372663
5193,1,2026-08-05,Night,965,949.251295925544
5194,2,2026-08-05,Morning,860,899.4800125876652
5195,2,2026-08-05,Afternoon,953,901.1719233616553
5196,2,2026-08-05,Night,832,900.7148144472219
5197,3,2026-08-05,Morning,767,798.8729721180414
5198,3,2026-08-05,Afternoon,867,799.2857949741115
5199,3,2026-08-05,Night,808,799.3994670135687
5200,4,2026-08-05,Morning,960,980.6750147330104
5201,4,2026-08-05,Afternoon,1090,980.6827362490488
5202,4,2026-08-05,Night,969,981.9009656212007
5203,5,2026-08-05,Morning,954,926.4828559023401
5204,5,2026-08-05,Afternoon,899,927.1416575992706
5205,5,2026-08-05,Night,892,927.0641230833812
5206,1,2026-08-06,Morning,976,949.7039638931117
5207,1,2026-08-06,Afternoon,1021,951.8146079682397
5208,1,2026-08-06,Night,932,953.6518250067468
5209,2,2026-08-06,Morning,859,899.5801700979416
5210,2,2026-08-06,Afternoon,941,899.9248445836247
5211,2,2026-08-06,Night,883,898.381791505252
5212,3,2026-08-06,Morning,815,800.0907745286762
5213,3,2026-08-06,Afternoon,781,800.9946640705807
5214,3,2026-08-06,Night,787,799.0285381152432
5215,4,2026-08-06,Morning,946,980.8039896503202
5216,4,2026-08-06,Afternoon,1008,979.3640873062346
5217,4,2026-08-06,Night,997,978.4339875450074
5218,5,2026-08-06,Morning,945,926.7262496089893
5219,5,2026-08-06,Afternoon,903,927.9949611691709
5220,5,2026-08-06,Night,943,927.2063765644809
5221,1,2026-08-07,Morning,1028,953.6781324876722
5222,1,2026-08-07,Afternoon,910,952.898050093031
5223,1,2026-08-07,Night,919,950.9475721970801
5224,2,2026-08-07,Morning,871,900.727235078693
5225,2,2026-08-07,Afternoon,905,897.4787249274583
5226,2,2026-08-07,Night,857,899.5990003596484
5227,3,2026-08-07,Morning,821,799.5988387343384
5228,3,2026-08-07,Afternoon,729,800.065913475537
5229,3,2026-08-07,Night,833,800.2348893175842
5230,4,2026-08-07,Morning,994,980.1848867310296
5231,4,2026-08-07,Afternoon,1056,981.2587346570691
5232,4,2026-08-07,Night,941,982.8764780156154
5233,5,2026-08-07,Morning,973,928.285315908315
5234,5,2026-08-07,Afternoon,926,929.0799798301662
5235,5,2026-08-07,Night,918,927.7048713076672
5236,1,2026-08-08,Morning,910,950.6392456426283
5237,1,2026-08-08,Afternoon,932,950.3914020861203
5238,1,2026-08-08,Night,933,950.5949933794595
5239,2,2026-08-08,Morning,842,900.4333784107306
5240,2,2026-08-08,Afternoon,914,900.5262257968833
5241,2,2026-08-08,Night,909,899.0540782276785
5242,3,2026-08-08,Morning,824,798.9726647315752
5243,3,2026-08-08,Afternoon,777,800.7451633305845
5244,3,2026-08-08,Night,834,801.7849784905242
5245,4,2026-08-08,Morning,1035,981.9225209739903
5246,4,2026-08-08,Afternoon,971,980.5931051027095
5247,4,2026-08-08,Night,942,980.7640739540948
5248,5,2026-08-08,Morning,933,929.2894346742548
5249,5,2026-08-08,Afternoon,931,927.5874970683882
5250,5,2026-08-08,Night,923,926.1234279536282
5251,1,2026-08-09,Morning,974,949.3318886269442
5252,1,2026-08-09,Afternoon,936,950.2887739828117
5253,1,2026-08-09,Night,909,951.2716889070504
5254,2,2026-08-09,Morning,906,899.0430989857532
5255,2,2026-08-09,Afternoon,926,899.8801324140055
5256,2,2026-08-09,Night,929,900.0271495027475
5257,3,2026-08-09,Morning,784,800.4727196149754
5258,3,2026-08-09,Afternoon,812,799.1711971579552
5259,3,2026-08-09,Night,856,801.1665964140624
5260,4,2026-08-09,Morning,1036,981.028968001241
5261,4,2026-08-09,Afternoon,1024,981.0547933986002
5262,4,2026-08-09,Night,919,980.938148699101
5263,5,2026-08-09,Morning,917,929.1939821835302
5264,5,2026-08-09,Afternoon,983,928.1128463080051
5265,5,2026-08-09,Night,869,929.9549252312546
5266,1,2026-08-10,Morning,948,953.6869602296454
5267,1,2026-08-10,Afternoon,926,949.8289952472172
5268,1,2026-08-10,Night,963,951.395500575389
5269,2,2026-08-10,Morning,817,900.1974477631203
5270,2,2026-08-10,Afternoon,948,899.7043401139646
5271,2,2026-08-10,Night,899,899.6347137021485
5272,3,2026-08-10,Morning,757,802.1343578308563
5273,3,2026-08-10,Afternoon,771,802.0588733883894
5274,3,2026-08-10,Night,814,799.506737749329
5275,4,2026-08-10,Morning,948,980.3640312573388
5276,4,2026-08-10,Afternoon,1049,978.7322848635948
5277,4,2026-08-10,Night,975,979.5128186881134
5278,5,2026-08-10,Morning,990,928.6719581760681
5279,5,2026-08-10,Afternoon,936,927.282832014217
5280,5,2026-08-10,Night,958,927.4512971397172
5281,1,2026-08-11,Morning,975,950.1125668827756
5282,1,2026-08-11,Afternoon,930,950.8813322556726
5283,1,2026-08-11,Night,978,951.187707072704
5284,2,2026-08-11,Morning,884,900.1747008293503
5285,2,2026-08-11,Afternoon,836,900.5686176678918
5286,2,2026-08-11,Night,891,897.6657815366725
5287,3,2026-08-11,Morning,752,799.2688089275894
5288,3,2026-08-11,Afternoon,782,801.1161268555525
5289,3,2026-08-11,Night,798,799.0658925325399
5290,4,2026-08-11,Morning,943,981.2790706729776
5291,4,2026-08-11,Afternoon,1002,981.8180959887659
5292,4,2026-08-11,Night,963,978.2494401876928
5293,5,2026-08-11,Morning,881,928.5130526746324
5294,5,2026-08-11,Afternoon,894,929.2421101295788
5295,5,2026-08-11,Night,934,928.9082141662716
5296,1,2026-08-12,Morning,940,952.0866084512551
5297,1,2026-08-12,Afternoon,961,951.1063543578397
5298,1,2026-08-12,Night,954,952.8581079695805
5299,2,2026-08-12,Morning,860,897.9539682072241
5300,2,2026-08-12,Afternoon,875,898.2129348283083
5301,2,2026-08-12,Night,934,898.3159722864488
5302,3,2026-08-12,Morning,766,798.9015264236317
5303,3,2026-08-12,Afternoon,861,798.3426434344943
5304,3,2026-08-12,Night,743,800.8425362084661
5305,4,2026-08-12,Morning,1013,979.4592566039692
5306,4,2026-08-12,Afternoon,975,980.5939805705443
5307,4,2026-08-12,Night,941,980.793328489137
5308,5,2026-08-12,Morning,933,927.0589393138061
5309,5,2026-08-12,Afternoon,897,928.9286385579887
5310,5,2026-08-12,Night,907,928.7090972131152
5311,1,2026-08-13,Morning,934,950.7546839997955
5312,1,2026-08-13,Afternoon,979,952.8681646649543
5313,1,2026-08-13,Night,924,950.7215322116922
5314,2,2026-08-13,Morning,909,898.4105398151634
5315,2,2026-08-13,Afternoon,931,900.5869903763696
5316,2,2026-08-13,Night,902,899.8048655009472
5317,3,2026-08-13,Morning,815,799.1180428665413
5318,3,2026-08-13,Afternoon,798,800.7851430446258
5319,3,2026-08-13,Night,821,800.4377855503628
5320,4,2026-08-13,Morning,930,979.684253206057
5321,4,2026-08-13,Afternoon,1037,977.4585299410736
5322,4,2026-08-13,Night,905,979.2129769174716
5323,5,2026-08-13,Morning,902,928.752999498628
5324,5,2026-08-13,Afternoon,926,927.9057128273006
5325,5,2026-08-13,Night,855,926.1959693805306
5326,1,2026-08-14,Morning,929,951.3559705821123
5327,1,2026-08-14,Afternoon,960,950.0169219888553
5328,1,2026-08-14,Night,1013,950.5743392271297
5329,2,2026-08-14,Morning,923,901.6499268221934
5330,2,2026-08-14,Afternoon,882,900.9750972929573
5331,2,2026-08-14,Night,840,900.5848760288923
5332,3,2026-08-14,Morning,851,801.1156595276068
5333,3,2026-08-14,Afternoon,780,800.0875948076462
5334,3,2026-08-14,Night,810,800.3427898950389
5335,4,2026-08-14,Morning,962,980.0552360967152
5336,4,2026-08-14,Afternoon,995,978.7155976535573
5337,4,2026-08-14,Night,1029,978.0278868013843
5338,5,2026-08-14,Morning,959,926.724560176489
5339,5,2026-08-14,Afternoon,919,927.8848909602995
5340,5,2026-08-14,Night,982,926.9314313162848
5341,1,2026-08-15,Morning,1023,953.6197811220768
5342,1,2026-08-15,Afternoon,989,954.1349748742037
5343,1,2026-08-15,Night,933,953.2895369188675
5344,2,2026-08-15,Morning,933,901.2069708529907
5345,2,2026-08-15,Afternoon,939,898.6600549723505
5346,2,2026-08-15,Night,890,900.5629786041242
5347,3,2026-08-15,Morning,873,800.2373829053638
5348,3,2026-08-15,Afternoon,847,801.1427923224044
5349,3,2026-08-15,Night,791,802.683149644582
5350,4,2026-08-15,Morning,963,979.878255624737
5351,4,2026-08-15,Afternoon,1018,980.5513117875311
5352,4,2026-08-15,Night,1066,980.6478072114396
5353,5,2026-08-15,Morning,882,928.6946671228086
5354,5,2026-08-15,Afternoon,947,927.5070084750603
5355,5,2026-08-15,Night,962,928.4521250349887
5356,1,2026-08-16,Morning,999,953.612312077596
5357,1,2026-08-16,Afternoon,982,950.822413621929
5358,1,2026-08-16,Night,931,951.4652089445494
5359,2,2026-08-16,Morning,848,901.3660749234766
5360,2,2026-08-16,Afternoon,887,900.5877638411894
5361,2,2026-08-16,Night,931,897.6874590203621
5362,3,2026-08-16,Morning,777,801.6834422108611
5363,3,2026-08-16,Afternoon,856,799.8949911873996
5364,3,2026-08-16,Night,794,798.7365682912273
5365,4,2026-08-16,Morning,954,980.5621055480669
5366,4,2026-08-16,Afternoon,897,982.9544038701899
5367,4,2026-08-16,Night,1002,979.2526116872745
5368,5,2026-08-16,Morning,920,927.7823979051454
5369,5,2026-08-16,Afternoon,912,930.8213884534707
5370,5,2026-08-16,Night,1010,929.88785216724
5371,1,2026-08-17,Morning,927,952.3036237140714
5372,1,2026-08-17,Afternoon,936,951.1536358686279
5373,1,2026-08-17,Night,972,949.6104966217604
5374,2,2026-08-17,Morning,955,898.5425030542181
5375,2,2026-08-17,Afternoon,918,902.5272380940746
5376,2,2026-08-17,Night,904,904.8640166756837
5377,3,2026-08-17,Morning,886,800.3697609568034
5378,3,2026-08-17,Afternoon,784,802.0704151276179
5379,3,2026-08-17,Night,784,800.8153742313831
5380,4,2026-08-17,Morning,957,979.4707597035984
5381,4,2026-08-17,Afternoon,996,979.4093699723433
5382,4,2026-08-17,Night,946,979.7064222373664
5383,5,2026-08-17,Morning,886,929.8442372231101
5384,5,2026-08-17,Afternoon,916,930.8188613919615
5385,5,2026-08-17,Night,868,929.9245964238299
5386,1,2026-08-18,Morning,960,950.4933260195195
5387,1,2026-08-18,Afternoon,966,951.0649959788042
5388,1,2026-08-18,Night,973,951.6518156728616
5389,2,2026-08-18,Morning,935,901.1686165580239
5390,2,2026-08-18,Afternoon,887,900.2983009052325
5391,2,2026-08-18,Night,950,900.7217980218343
5392,3,2026-08-18,Morning,845,800.7915181976814
5393,3,2026-08-18,Afternoon,761,800.1013419845888
5394,3,2026-08-18,Night,798,798.5482401462918
5395,4,2026-08-18,Morning,892,979.7710983336818
5396,4,2026-08-18,Afternoon,1030,978.5357913910287
5397,4,2026-08-18,Night,1014,977.9944819015118
5398,5,2026-08-18,Morning,990,926.8549239234183
5399,5,2026-08-18,Afternoon,872,926.7456540202638
5400,5,2026-08-18,Night,949,928.0394202423372
5401,1,2026-08-19,Morning,930,951.9715853966611
5402,1,2026-08-19,Afternoon,875,952.6999261611767
5403,1,2026-08-19,Night,990,951.3107397364629
5404,2,2026-08-19,Morning,853,900.7489379860364
5405,2,2026-08-19,Afternoon,914,899.6083449992693
5406,2,2026-08-19,Night,879,899.7151419123437
5407,3,2026-08-19,Morning,807,800.0964277485714
5408,3,2026-08-19,Afternoon,835,800.1540998479734
5409,3,2026-08-19,Night,807,801.0062586911343
5410,4,2026-08-19,Morning,1076,980.5424867714416
5411,4,2026-08-19,Afternoon,945,982.8571917630475
5412,4,2026-08-19,Night,1061,983.5845517209059
5413,5,2026-08-19,Morning,918,928.6846951566401
5414,5,2026-08-19,Afternoon,902,928.1431329152913
5415,5,2026-08-19,Night,927,927.0041703395511
5416,1,2026-08-20,Morning,893,948.9328848143772
5417,1,2026-08-20,Afternoon,925,948.2936021768771
5418,1,2026-08-20,Night,940,950.9956211425085
5419,2,2026-08-20,Morning,910,898.6057643441442
5420,2,2026-08-20,Afternoon,902,899.715497083239
5421,2,2026-08-20,Night,920,900.449170747022
5422,3,2026-08-20,Morning,798,801.6561049367269
5423,3,2026-08-20,Afternoon,844,802.7941388933557
5424,3,2026-08-20,Night,827,801.9344249498027
5425,4,2026-08-20,Morning,996,982.8119524520214
5426,4,2026-08-20,Afternoon,1032,980.4462327095914
5427,4,2026-08-20,Night,1032,984.3587169351666
5428,5,2026-08-20,Morning,935,926.3175831014325
5429,5,2026-08-20,Afternoon,916,927.6346068796838
5430,5,2026-08-20,Night,939,928.2254427246147
5431,1,2026-08-21,Morning,945,950.3762901518629
5432,1,2026-08-21,Afternoon,934,950.1473846075672
5433,1,2026-08-21,Night,957,949.6419827315442
5434,2,2026-08-21,Morning,915,899.0908344652759
5435,2,2026-08-21,Afternoon,925,900.2473286243692
5436,2,2026-08-21,Night,959,901.2299709327976
5437,3,2026-08-21,Morning,811,802.9534638936079
5438,3,2026-08-21,Afternoon,799,802.6398882448127
5439,3,2026-08-21,Night,839,799.5008023000855
5440,4,2026-08-21,Morning,948,982.1613741210555
5441,4,2026-08-21,Afternoon,904,981.7408959457554
5442,4,2026-08-21,Night,919,980.5230376937218
5443,5,2026-08-21,Morning,949,928.2631325603579
5444,5,2026-08-21,Afternoon,917,928.5043946818661
5445,5,2026-08-21,Night,920,927.9430107306421
5446,1,2026-08-22,Morning,918,951.9660364008881
5447,1,2026-08-22,Afternoon,998,951.4529352057357
5448,1,2026-08-22,Night,890,952.6323485176081
5449,2,2026-08-22,Morning,923,902.1113629810498
5450,2,2026-08-22,Afternoon,900,901.7460961243115
5451,2,2026-08-22,Night,962,901.5992173208903
5452,3,2026-08-22,Morning,839,799.737873061672
5453,3,2026-08-22,Afternoon,758,801.250248393606
5454,3,2026-08-22,Night,827,801.275537008398
5455,4,2026-08-22,Morning,998,977.979531232802
5456,4,2026-08-22,Afternoon,977,978.9761878733755
5457,4,2026-08-22,Night,1003,979.0938482144005
5458,5,2026-08-22,Morning,905,929.0137602035519
5459,5,2026-08-22,Afternoon,934,928.850002247685
5460,5,2026-08-22,Night,930,926.7808895879614
5461,1,2026-08-23,Morning,919,950.4882923297042
5462,1,2026-08-23,Afternoon,938,951.1867693805351
5463,1,2026-08-23,Night,931,949.0326412489255
5464,2,2026-08-23,Morning,915,901.8067743087541
5465,2,2026-08-23,Afternoon,950,903.3390534447282
5466,2,2026-08-23,Night,850,901.0174394036737
5467,3,2026-08-23,Morning,816,800.7123519283775
5468,3,2026-08-23,Afternoon,780,798.4551106371462
5469,3,2026-08-23,Night,836,799.5435166883049
5470,4,2026-08-23,Morning,996,980.8618896046503
5471,4,2026-08-23,Afternoon,921,981.7850803877984
5472,4,2026-08-23,Night,987,981.1459590144013
5473,5,2026-08-23,Morning,925,927.4032215897838
5474,5,2026-08-23,Afternoon,883,928.0186295248584
5475,5,2026-08-23,Night,910,928.6788195066238
