production_id,machine_id,production_date,shift,actual_units_rejected,predicted_units_rejected,prediction_error
4381,1,2026-06-12,Morning,63,37.685399868875585,25.314600131124415
4382,1,2026-06-12,Afternoon,43,40.78025128947483,2.2197487105251668
4383,1,2026-06-12,Night,66,41.61538678421027,24.384613215789727
4384,2,2026-06-12,Morning,19,38.81788224908137,-19.81788224908137
4385,2,2026-06-12,Afternoon,25,41.388771337107414,-16.388771337107414
4386,2,2026-06-12,Night,20,42.31787073352873,-22.31787073352873
4387,3,2026-06-12,Morning,10,37.675081193273,-27.675081193273
4388,3,2026-06-12,Afternoon,29,33.901957986768195,-4.9019579867681955
4389,3,2026-06-12,Night,32,36.22059397501049,-4.2205939750104875
4390,4,2026-06-12,Morning,51,41.864073943744415,9.135926056255585
4391,4,2026-06-12,Afternoon,13,45.308429347666404,-32.308429347666404
4392,4,2026-06-12,Night,55,43.245123060986536,11.754876939013464
4393,5,2026-06-12,Morning,21,39.51975491602006,-18.519754916020062
4394,5,2026-06-12,Afternoon,28,39.70742301404584,-11.707423014045837
4395,5,2026-06-12,Night,60,39.954178601434954,20.045821398565046
4396,1,2026-06-13,Morning,57,37.42771580558999,19.57228419441001
4397,1,2026-06-13,Afternoon,56,37.93354706010751,18.066452939892493
4398,1,2026-06-13,Night,55,39.870905248007105,15.129094751992895
4399,2,2026-06-13,Morning,18,41.68306540432268,-23.683065404322683
4400,2,2026-06-13,Afternoon,43,41.83035246518187,1.1696475348181323
4401,2,2026-06-13,Night,61,43.013815784896735,17.986184215103265
4402,3,2026-06-13,Morning,8,34.079590488860234,-26.079590488860234
4403,3,2026-06-13,Afternoon,13,33.07973325261849,-20.07973325261849
4404,3,2026-06-13,Night,41,32.472853838773204,8.527146161226796
4405,4,2026-06-13,Morning,18,44.49974550737546,-26.499745507375458
4406,4,2026-06-13,Afternoon,24,40.96340506250781,-16.96340506250781
4407,4,2026-06-13,Night,28,45.334814173385475,-17.334814173385475
4408,5,2026-06-13,Morning,64,42.923002294890786,21.076997705109214
4409,5,2026-06-13,Afternoon,46,38.72325553350094,7.276744466499061
4410,5,2026-06-13,Night,16,37.59796690324668,-21.59796690324668
4411,1,2026-06-14,Morning,39,40.02734184510364,-1.027341845103642
4412,1,2026-06-14,Afternoon,53,38.84337059112422,14.15662940887578
4413,1,2026-06-14,Night,72,40.09405580881299,31.90594419118701
4414,2,2026-06-14,Morning,12,40.17472252186044,-28.17472252186044
4415,2,2026-06-14,Afternoon,28,43.12421424984983,-15.124214249849828
4416,2,2026-06-14,Night,24,41.76159878629557,-17.761598786295572
4417,3,2026-06-14,Morning,31,35.22774129301232,-4.227741293012322
4418,3,2026-06-14,Afternoon,46,34.460283442268256,11.539716557731744
4419,3,2026-06-14,Night,16,34.79930417956449,-18.799304179564487
4420,4,2026-06-14,Morning,32,41.327890773818346,-9.327890773818346
4421,4,2026-06-14,Afternoon,57,43.34130683481698,13.658693165183017
4422,4,2026-06-14,Night,26,41.95630485805323,-15.95630485805323
4423,5,2026-06-14,Morning,43,42.985107062406385,0.014892937593614874
4424,5,2026-06-14,Afternoon,48,41.59164773673758,6.408352263262422
4425,5,2026-06-14,Night,62,41.163935491266855,20.836064508733145
4426,1,2026-06-15,Morning,16,42.23532706486595,-26.23532706486595
4427,1,2026-06-15,Afternoon,13,39.88679168323604,-26.88679168323604
4428,1,2026-06-15,Night,75,42.526958192514286,32.473041807485714
4429,2,2026-06-15,Morning,37,44.05586026654564,-7.055860266545643
4430,2,2026-06-15,Afternoon,60,43.10805576199124,16.89194423800876
4431,2,2026-06-15,Night,31,42.88228301967524,-11.882283019675242
4432,3,2026-06-15,Morning,42,39.82833918698141,2.1716608130185904
4433,3,2026-06-15,Afternoon,58,31.094316501637536,26.905683498362464
4434,3,2026-06-15,Night,38,34.085173394744004,3.914826605255996
4435,4,2026-06-15,Morning,11,43.133517427422206,-32.133517427422206
4436,4,2026-06-15,Afternoon,63,48.26297860776674,14.73702139223326
4437,4,2026-06-15,Night,38,44.03308174689828,-6.033081746898283
4438,5,2026-06-15,Morning,61,41.08208322851717,19.91791677148283
4439,5,2026-06-15,Afternoon,31,38.62130921536116,-7.621309215361158
4440,5,2026-06-15,Night,30,41.26692042798511,-11.266920427985113
4441,1,2026-06-16,Morning,41,45.4985562917941,-4.498556291794102
4442,1,2026-06-16,Afternoon,63,45.11801637157602,17.88198362842398
4443,1,2026-06-16,Night,60,41.72553852570152,18.274461474298477
4444,2,2026-06-16,Morning,56,42.97450690392548,13.02549309607452
4445,2,2026-06-16,Afternoon,68,41.64225702549375,26.35774297450625
4446,2,2026-06-16,Night,30,40.242901675800695,-10.242901675800695
4447,3,2026-06-16,Morning,8,36.515814109112995,-28.515814109112995
4448,3,2026-06-16,Afternoon,21,40.973295218721766,-19.973295218721766
4449,3,2026-06-16,Night,17,29.994594203847367,-12.994594203847367
4450,4,2026-06-16,Morning,11,42.91710450742221,-31.91710450742221
4451,4,2026-06-16,Afternoon,70,41.870958459976144,28.129041540023856
4452,4,2026-06-16,Night,72,41.60427688797738,30.395723112022623
4453,5,2026-06-16,Morning,10,37.37845370402668,-27.378453704026683
4454,5,2026-06-16,Afternoon,77,38.811253232588506,38.188746767411494
4455,5,2026-06-16,Night,63,39.342206320369534,23.657793679630466
4456,1,2026-06-17,Morning,30,40.667523197643284,-10.667523197643284
4457,1,2026-06-17,Afternoon,68,39.569673131521135,28.430326868478865
4458,1,2026-06-17,Night,18,41.60430199566346,-23.604301995663462
4459,2,2026-06-17,Morning,57,39.881365022781345,17.118634977218655
4460,2,2026-06-17,Afternoon,44,35.19801074463451,8.801989255365491
4461,2,2026-06-17,Night,65,41.489337879947044,23.510662120052956
4462,3,2026-06-17,Morning,33,34.753889148730174,-1.753889148730174
4463,3,2026-06-17,Afternoon,29,35.43991953310671,-6.4399195331067105
4464,3,2026-06-17,Night,57,32.890819581812366,24.109180418187634
4465,4,2026-06-17,Morning,25,45.37000195110256,-20.37000195110256
4466,4,2026-06-17,Afternoon,12,44.552411180025835,-32.552411180025835
4467,4,2026-06-17,Night,18,43.97833336608132,-25.978333366081323
4468,5,2026-06-17,Morning,52,41.589961214048685,10.410038785951315
4469,5,2026-06-17,Afternoon,44,40.8313902708358,3.168609729164203
4470,5,2026-06-17,Night,69,37.58497363352333,31.415026366476667
4471,1,2026-06-18,Morning,70,39.94417356264781,30.055826437352188
4472,1,2026-06-18,Afternoon,28,40.12782860065836,-12.127828600658361
4473,1,2026-06-18,Night,13,39.702806220051116,-26.702806220051116
4474,2,2026-06-18,Morning,66,32.73044359945561,33.26955640054439
4475,2,2026-06-18,Afternoon,53,37.89342883841631,15.106571161583688
4476,2,2026-06-18,Night,44,39.13422685987712,4.865773140122883
4477,3,2026-06-18,Morning,48,34.71984544726053,13.280154552739468
4478,3,2026-06-18,Afternoon,30,36.02457351443708,-6.02457351443708
4479,3,2026-06-18,Night,19,33.97798357894071,-14.977983578940709
4480,4,2026-06-18,Morning,21,40.78434827778163,-19.784348277781632
4481,4,2026-06-18,Afternoon,69,41.66760131931836,27.332398680681642
4482,4,2026-06-18,Night,35,41.349386778174605,-6.349386778174605
4483,5,2026-06-18,Morning,26,37.62734485339808,-11.627344853398078
4484,5,2026-06-18,Afternoon,20,40.679481448830096,-20.679481448830096
4485,5,2026-06-18,Night,73,39.41976362090697,33.58023637909303
4486,1,2026-06-19,Morning,32,37.45975755629095,-5.459757556290953
4487,1,2026-06-19,Afternoon,25,43.069156933138174,-18.069156933138174
4488,1,2026-06-19,Night,44,43.01406205404228,0.9859379459577227
4489,2,2026-06-19,Morning,24,40.83098390797554,-16.830983907975543
4490,2,2026-06-19,Afternoon,10,41.602856919610936,-31.602856919610936
4491,2,2026-06-19,Night,14,36.61506667667223,-22.615066676672228
4492,3,2026-06-19,Morning,19,39.07980918897709,-20.079809188977087
4493,3,2026-06-19,Afternoon,13,32.12170293514499,-19.121702935144988
4494,3,2026-06-19,Night,48,30.798598967319165,17.201401032680835
4495,4,2026-06-19,Morning,14,39.486000682358465,-25.486000682358465
4496,4,2026-06-19,Afternoon,67,44.04008539796529,22.959914602034708
4497,4,2026-06-19,Night,53,42.67886131940252,10.321138680597478
4498,5,2026-06-19,Morning,53,39.01496821459943,13.985031785400572
4499,5,2026-06-19,Afternoon,11,39.59266995105622,-28.592669951056223
4500,5,2026-06-19,Night,11,40.3354947952054,-29.3354947952054
4501,1,2026-06-20,Morning,47,42.37098120837229,4.629018791627708
4502,1,2026-06-20,Afternoon,44,44.01315642353871,-0.013156423538710271
4503,1,2026-06-20,Night,70,40.863059476716145,29.136940523283855
4504,2,2026-06-20,Morning,33,41.89605593441396,-8.896055934413958
4505,2,2026-06-20,Afternoon,61,41.55276333810457,19.44723666189543
4506,2,2026-06-20,Night,42,40.43785008348308,1.5621499165169226
4507,3,2026-06-20,Morning,56,35.33266170713207,20.66733829286793
4508,3,2026-06-20,Afternoon,22,32.843011001304625,-10.843011001304625
4509,3,2026-06-20,Night,52,36.328537621751124,15.671462378248876
4510,4,2026-06-20,Morning,38,42.250997099609194,-4.250997099609194
4511,4,2026-06-20,Afternoon,69,40.51600877149556,28.483991228504443
4512,4,2026-06-20,Night,64,42.654632307344336,21.345367692655664
4513,5,2026-06-20,Morning,43,40.45736929363819,2.5426307063618125
4514,5,2026-06-20,Afternoon,36,40.06456755084703,-4.0645675508470305
4515,5,2026-06-20,Night,38,42.69755548800884,-4.697555488008838
4516,1,2026-06-21,Morning,38,43.27694286381748,-5.276942863817482
4517,1,2026-06-21,Afternoon,41,42.947035589278414,-1.9470355892784141
4518,1,2026-06-21,Night,25,39.94557191179296,-14.94557191179296
4519,2,2026-06-21,Morning,47,36.884768992224345,10.115231007775655
4520,2,2026-06-21,Afternoon,58,38.75322154912194,19.24677845087806
4521,2,2026-06-21,Night,32,38.72839304200072,-6.728393042000718
4522,3,2026-06-21,Morning,31,32.77118649457896,-1.7711864945789628
4523,3,2026-06-21,Afternoon,55,36.90383845846553,18.09616154153447
4524,3,2026-06-21,Night,63,32.80857436133086,30.191425638669138
4525,4,2026-06-21,Morning,52,41.03920714429152,10.960792855708483
4526,4,2026-06-21,Afternoon,30,43.73503916129667,-13.735039161296669
4527,4,2026-06-21,Night,24,41.28400534222592,-17.284005342225917
4528,5,2026-06-21,Morning,25,41.42919605674666,-16.42919605674666
4529,5,2026-06-21,Afternoon,27,38.579201799148386,-11.579201799148386
4530,5,2026-06-21,Night,30,40.22182742082443,-10.221827420824432
4531,1,2026-06-22,Morning,60,42.40518727716546,17.59481272283454
4532,1,2026-06-22,Afternoon,20,43.43366040587586,-23.433660405875862
4533,1,2026-06-22,Night,74,42.804689740780525,31.195310259219475
4534,2,2026-06-22,Morning,29,43.193442018090444,-14.193442018090444
4535,2,2026-06-22,Afternoon,66,42.27962574984443,23.720374250155572
4536,2,2026-06-22,Night,55,44.17020337840068,10.829796621599321
4537,3,2026-06-22,Morning,35,32.21605243792019,2.7839475620798098
4538,3,2026-06-22,Afternoon,13,33.20949930713726,-20.209499307137257
4539,3,2026-06-22,Night,65,38.64181619130971,26.358183808690292
4540,4,2026-06-22,Morning,28,45.411275317897214,-17.411275317897214
4541,4,2026-06-22,Afternoon,58,44.673364736581895,13.326635263418105
4542,4,2026-06-22,Night,63,39.9926281708205,23.007371829179498
4543,5,2026-06-22,Morning,41,39.522850175841725,1.4771498241582748
4544,5,2026-06-22,Afternoon,29,41.59296738882541,-12.592967388825407
4545,5,2026-06-22,Night,61,42.42404003761285,18.575959962387152
4546,1,2026-06-23,Morning,50,39.55186859956271,10.44813140043729
4547,1,2026-06-23,Afternoon,62,40.5955787473183,21.4044212526817
4548,1,2026-06-23,Night,29,43.07988859195787,-14.079888591957868
4549,2,2026-06-23,Morning,36,36.717123141221556,-0.7171231412215562
4550,2,2026-06-23,Afternoon,29,41.921803777353254,-12.921803777353254
4551,2,2026-06-23,Night,72,41.88305759022775,30.11694240977225
4552,3,2026-06-23,Morning,8,31.39516395138852,-23.39516395138852
4553,3,2026-06-23,Afternoon,9,33.541666719943414,-24.541666719943414
4554,3,2026-06-23,Night,31,35.602792154851144,-4.602792154851144
4555,4,2026-06-23,Morning,69,41.6349942024156,27.365005797584402
4556,4,2026-06-23,Afternoon,17,43.82784711238439,-26.82784711238439
4557,4,2026-06-23,Night,58,45.69992185746249,12.300078142537508
4558,5,2026-06-23,Morning,74,42.84899096179533,31.15100903820467
4559,5,2026-06-23,Afternoon,26,41.5779913967519,-15.577991396751898
4560,5,2026-06-23,Night,37,40.69335904654521,-3.6933590465452113
4561,1,2026-06-24,Morning,70,39.80040039973911,30.19959960026089
4562,1,2026-06-24,Afternoon,14,42.866453427722284,-28.866453427722284
4563,1,2026-06-24,Night,50,48.079535206919,1.9204647930810026
4564,2,2026-06-24,Morning,63,45.61150699655407,17.38849300344593
4565,2,2026-06-24,Afternoon,33,42.23544880950733,-9.235448809507332
4566,2,2026-06-24,Night,29,40.4814690939755,-11.481469093975498
4567,3,2026-06-24,Morning,40,32.12564331020975,7.874356689790247
4568,3,2026-06-24,Afternoon,15,36.08572613466254,-21.085726134662544
4569,3,2026-06-24,Night,25,34.79097044676603,-9.790970446766032
4570,4,2026-06-24,Morning,56,48.54414513652738,7.4558548634726165
4571,4,2026-06-24,Afternoon,70,44.75314715186051,25.24685284813949
4572,4,2026-06-24,Night,34,42.337165064165326,-8.337165064165326
4573,5,2026-06-24,Morning,70,39.468353999097765,30.531646000902235
4574,5,2026-06-24,Afternoon,23,40.11588718520078,-17.115887185200783
4575,5,2026-06-24,Night,72,39.193345314428264,32.806654685571736
4576,1,2026-06-25,Morning,28,43.32478646795833,-15.324786467958333
4577,1,2026-06-25,Afternoon,41,41.08903738585112,-0.08903738585112109
4578,1,2026-06-25,Night,26,39.92631161806191,-13.92631161806191
4579,2,2026-06-25,Morning,42,44.29166731707763,-2.291667317077632
4580,2,2026-06-25,Afternoon,25,38.6622164123865,-13.662216412386499
4581,2,2026-06-25,Night,34,41.06858888565628,-7.068588885656283
4582,3,2026-06-25,Morning,20,34.019414100669955,-14.019414100669955
4583,3,2026-06-25,Afternoon,50,34.6705746613249,15.329425338675101
4584,3,2026-06-25,Night,40,38.196684492847545,1.8033155071524547
4585,4,2026-06-25,Morning,21,43.022933568290206,-22.022933568290206
4586,4,2026-06-25,Afternoon,62,43.35216204131012,18.647837958689877
4587,4,2026-06-25,Night,33,43.66613848974744,-10.66613848974744
4588,5,2026-06-25,Morning,60,39.15270242002467,20.847297579975333
4589,5,2026-06-25,Afternoon,18,41.82399871417322,-23.82399871417322
4590,5,2026-06-25,Night,52,39.214199044807835,12.785800955192165
4591,1,2026-06-26,Morning,41,44.88658596205545,-3.886585962055449
4592,1,2026-06-26,Afternoon,73,43.64126269951362,29.358737300486382
4593,1,2026-06-26,Night,44,42.67326271144342,1.3267372885565791
4594,2,2026-06-26,Morning,59,38.08851248913087,20.91148751086913
4595,2,2026-06-26,Afternoon,56,38.148992209232134,17.851007790767866
4596,2,2026-06-26,Night,32,40.782616088263765,-8.782616088263765
4597,3,2026-06-26,Morning,58,35.380854502944594,22.619145497055406
4598,3,2026-06-26,Afternoon,55,31.240363276138552,23.759636723861448
4599,3,2026-06-26,Night,40,34.5603768700012,5.4396231299988
4600,4,2026-06-26,Morning,53,45.80464836738764,7.195351632612358
4601,4,2026-06-26,Afternoon,45,40.51847069832291,4.481529301677092
4602,4,2026-06-26,Night,41,43.32623792280695,-2.3262379228069534
4603,5,2026-06-26,Morning,20,41.56246974032919,-21.562469740329192
4604,5,2026-06-26,Afternoon,42,40.53060671511819,1.4693932848818108
4605,5,2026-06-26,Night,62,38.96346636090603,23.036533639093967
4606,1,2026-06-27,Morning,58,42.88624901945917,15.113750980540829
4607,1,2026-06-27,Afternoon,70,44.567122836931425,25.432877163068575
4608,1,2026-06-27,Night,22,42.840423706495955,-20.840423706495955
4609,2,2026-06-27,Morning,49,38.38676457117997,10.613235428820033
4610,2,2026-06-27,Afternoon,45,39.99489028012511,5.005109719874888
4611,2,2026-06-27,Night,44,40.39188932281361,3.6081106771863887
4612,3,2026-06-27,Morning,35,34.07161222076863,0.9283877792313717
4613,3,2026-06-27,Afternoon,16,33.9515889153924,-17.9515889153924
4614,3,2026-06-27,Night,18,34.54518298237459,-16.54518298237459
4615,4,2026-06-27,Morning,52,38.66878579693377,13.331214203066232
4616,4,2026-06-27,Afternoon,19,40.033629529687815,-21.033629529687815
4617,4,2026-06-27,Night,26,46.091473309332926,-20.091473309332926
4618,5,2026-06-27,Morning,28,42.53994943140774,-14.539949431407742
4619,5,2026-06-27,Afternoon,35,37.83517653879213,-2.8351765387921333
4620,5,2026-06-27,Night,46,39.2956376497362,6.7043623502638
4621,1,2026-06-28,Morning,48,43.48342262631681,4.516577373683191
4622,1,2026-06-28,Afternoon,29,42.56087445110147,-13.56087445110147
4623,1,2026-06-28,Night,31,43.83679225298364,-12.836792252983642
4624,2,2026-06-28,Morning,63,39.58316523103026,23.416834768969743
4625,2,2026-06-28,Afternoon,64,39.36381154258352,24.63618845741648
4626,2,2026-06-28,Night,34,38.86262523401099,-4.8626252340109914
4627,3,2026-06-28,Morning,33,31.399978430977388,1.600021569022612
4628,3,2026-06-28,Afternoon,24,38.00867445534746,-14.00867445534746
4629,3,2026-06-28,Night,58,30.923697404413936,27.076302595586064
4630,4,2026-06-28,Morning,78,44.917932985579824,33.082067014420176
4631,4,2026-06-28,Afternoon,38,45.204087373730935,-7.204087373730935
4632,4,2026-06-28,Night,53,40.32838711190107,12.671612888098927
4633,5,2026-06-28,Morning,57,37.603103495532174,19.396896504467826
4634,5,2026-06-28,Afternoon,71,38.96049534233528,32.03950465766472
4635,5,2026-06-28,Night,25,39.11489219870055,-14.114892198700552
4636,1,2026-06-29,Morning,36,45.57042546478544,-9.570425464785437
4637,1,2026-06-29,Afternoon,43,45.95908190104847,-2.959081901048471
4638,1,2026-06-29,Night,43,43.305967068888336,-0.3059670688883358
4639,2,2026-06-29,Morning,35,38.41722179746187,-3.4172217974618704
4640,2,2026-06-29,Afternoon,30,36.12514464028424,-6.12514464028424
4641,2,2026-06-29,Night,45,41.008115673388126,3.991884326611874
4642,3,2026-06-29,Morning,59,32.770759528273665,26.229240471726335
4643,3,2026-06-29,Afternoon,47,33.712108859243045,13.287891140756955
4644,3,2026-06-29,Night,32,30.29092382968641,1.7090761703135904
4645,4,2026-06-29,Morning,42,40.31354465112418,1.6864553488758176
4646,4,2026-06-29,Afternoon,34,42.15332917594072,-8.15332917594072
4647,4,2026-06-29,Night,64,40.38251750195689,23.61748249804311
4648,5,2026-06-29,Morning,24,42.6289236656241,-18.6289236656241
4649,5,2026-06-29,Afternoon,23,42.363984429615215,-19.363984429615215
4650,5,2026-06-29,Night,10,42.32506350833364,-32.32506350833364
4651,1,2026-06-30,Morning,49,41.4373287020655,7.5626712979345
4652,1,2026-06-30,Afternoon,20,42.0953515819184,-22.0953515819184
4653,1,2026-06-30,Night,32,46.32014036802818,-14.320140368028177
4654,2,2026-06-30,Morning,11,41.272549356690824,-30.272549356690824
4655,2,2026-06-30,Afternoon,56,41.65098611811695,14.349013881883053
4656,2,2026-06-30,Night,38,44.624367825333465,-6.624367825333465
4657,3,2026-06-30,Morning,49,35.400473586107246,13.599526413892754
4658,3,2026-06-30,Afternoon,19,33.96017496058116,-14.960174960581163
4659,3,2026-06-30,Night,26,38.09168469354357,-12.09168469354357
4660,4,2026-06-30,Morning,38,44.78356261378001,-6.783562613780013
4661,4,2026-06-30,Afternoon,52,46.19752868498755,5.802471315012447
4662,4,2026-06-30,Night,51,47.37258654764155,3.6274134523584465
4663,5,2026-06-30,Morning,45,39.50566300212519,5.494336997874811
4664,5,2026-06-30,Afternoon,55,38.7913749359845,16.2086250640155
4665,5,2026-06-30,Night,35,40.31713401959579,-5.317134019595791
4666,1,2026-07-01,Morning,62,35.57958562469241,26.420414375307587
4667,1,2026-07-01,Afternoon,66,39.24117246303383,26.758827536966173
4668,1,2026-07-01,Night,11,42.30356328316962,-31.303563283169623
4669,2,2026-07-01,Morning,71,39.180664318458014,31.819335681541986
4670,2,2026-07-01,Afternoon,12,39.75286999362657,-27.752869993626568
4671,2,2026-07-01,Night,27,41.13412221377382,-14.134122213773821
4672,3,2026-07-01,Morning,14,35.377364587623056,-21.377364587623056
4673,3,2026-07-01,Afternoon,13,36.518434771612384,-23.518434771612384
4674,3,2026-07-01,Night,47,35.143610100219306,11.856389899780694
4675,4,2026-07-01,Morning,74,40.82717442202569,33.17282557797431
4676,4,2026-07-01,Afternoon,39,47.87237159523154,-8.872371595231542
4677,4,2026-07-01,Night,38,39.36835327068198,-1.368353270681979
4678,5,2026-07-01,Morning,34,42.275581198473446,-8.275581198473446
4679,5,2026-07-01,Afternoon,62,40.706761157431465,21.293238842568535
4680,5,2026-07-01,Night,45,39.204758975362545,5.7952410246374555
4681,1,2026-07-02,Morning,12,40.974819940220975,-28.974819940220975
4682,1,2026-07-02,Afternoon,55,38.69300307006155,16.30699692993845
4683,1,2026-07-02,Night,70,42.466065805341735,27.533934194658265
4684,2,2026-07-02,Morning,48,40.324676874353024,7.675323125646976
4685,2,2026-07-02,Afternoon,28,39.956939457329206,-11.956939457329206
4686,2,2026-07-02,Night,31,37.42011263044902,-6.420112630449019
4687,3,2026-07-02,Morning,31,35.06395621196254,-4.063956211962541
4688,3,2026-07-02,Afternoon,62,32.677168823102356,29.322831176897644
4689,3,2026-07-02,Night,42,35.19153084858547,6.808469151414528
4690,4,2026-07-02,Morning,30,37.43154284783263,-7.431542847832631
4691,4,2026-07-02,Afternoon,62,42.50788539989632,19.492114600103683
4692,4,2026-07-02,Night,53,38.767166790602836,14.232833209397164
4693,5,2026-07-02,Morning,60,38.684680713249875,21.315319286750125
4694,5,2026-07-02,Afternoon,53,42.600394770255484,10.399605229744516
4695,5,2026-07-02,Night,16,40.2526968116439,-24.2526968116439
4696,1,2026-07-03,Morning,42,44.20605087176639,-2.2060508717663865
4697,1,2026-07-03,Afternoon,52,38.858239628210725,13.141760371789275
4698,1,2026-07-03,Night,68,39.02244733989727,28.97755266010273
4699,2,2026-07-03,Morning,46,36.2257940256363,9.774205974363703
4700,2,2026-07-03,Afternoon,62,39.695295801077854,22.304704198922146
4701,2,2026-07-03,Night,43,39.321482171454804,3.6785178285451963
4702,3,2026-07-03,Morning,51,35.36301631125307,15.63698368874693
4703,3,2026-07-03,Afternoon,29,31.526820880429156,-2.526820880429156
4704,3,2026-07-03,Night,34,35.27587752061706,-1.2758775206170583
4705,4,2026-07-03,Morning,34,42.997227917547285,-8.997227917547285
4706,4,2026-07-03,Afternoon,29,37.26057020554602,-8.260570205546017
4707,4,2026-07-03,Night,78,40.912663677397404,37.087336322602596
4708,5,2026-07-03,Morning,52,39.29353055797716,12.706469442022843
4709,5,2026-07-03,Afternoon,22,41.79580453975004,-19.795804539750037
4710,5,2026-07-03,Night,45,42.03132382461731,2.96867617538269
4711,1,2026-07-04,Morning,25,43.994569772344406,-18.994569772344406
4712,1,2026-07-04,Afternoon,34,41.058545883676715,-7.0585458836767145
4713,1,2026-07-04,Night,39,41.46269910684075,-2.462699106840752
4714,2,2026-07-04,Morning,56,42.83941630093241,13.160583699067587
4715,2,2026-07-04,Afternoon,43,40.34351445832347,2.656485541676531
4716,2,2026-07-04,Night,67,32.7067688444794,34.2932311555206
4717,3,2026-07-04,Morning,20,35.30610506741167,-15.306105067411671
4718,3,2026-07-04,Afternoon,12,34.78967178320688,-22.789671783206877
4719,3,2026-07-04,Night,29,33.526533010710516,-4.526533010710516
4720,4,2026-07-04,Morning,77,44.072019609809615,32.927980390190385
4721,4,2026-07-04,Afternoon,42,44.24749268811296,-2.2474926881129633
4722,4,2026-07-04,Night,43,43.91850655061079,-0.9185065506107932
4723,5,2026-07-04,Morning,64,39.95045504099789,24.049544959002112
4724,5,2026-07-04,Afternoon,38,40.55847112922627,-2.5584711292262696
4725,5,2026-07-04,Night,9,40.214354096749,-31.214354096749
4726,1,2026-07-05,Morning,26,40.87802960490686,-14.878029604906857
4727,1,2026-07-05,Afternoon,68,39.546830700696376,28.453169299303624
4728,1,2026-07-05,Night,24,44.93028314453437,-20.93028314453437
4729,2,2026-07-05,Morning,9,43.228834520545725,-34.228834520545725
4730,2,2026-07-05,Afternoon,56,40.431398943477475,15.568601056522525
4731,2,2026-07-05,Night,21,40.37329070220391,-19.37329070220391
4732,3,2026-07-05,Morning,25,36.897135996836525,-11.897135996836525
4733,3,2026-07-05,Afternoon,22,34.44600423227519,-12.446004232275193
4734,3,2026-07-05,Night,48,31.666971557528814,16.333028442471186
4735,4,2026-07-05,Morning,38,43.82468657560511,-5.8246865756051065
4736,4,2026-07-05,Afternoon,14,43.33111468901221,-29.33111468901221
4737,4,2026-07-05,Night,57,42.60198430144709,14.39801569855291
4738,5,2026-07-05,Morning,14,40.61422012059356,-26.614220120593558
4739,5,2026-07-05,Afternoon,72,43.080630309639524,28.919369690360476
4740,5,2026-07-05,Night,40,40.82773185281528,-0.8277318528152833
4741,1,2026-07-06,Morning,21,38.65407747983187,-17.65407747983187
4742,1,2026-07-06,Afternoon,41,43.33781703770163,-2.337817037701633
4743,1,2026-07-06,Night,51,44.74115576869333,6.258844231306668
4744,2,2026-07-06,Morning,41,40.04752785167245,0.9524721483275513
4745,2,2026-07-06,Afternoon,42,41.85554045718462,0.1444595428153832
4746,2,2026-07-06,Night,27,41.060473880253575,-14.060473880253575
4747,3,2026-07-06,Morning,8,38.76171650467508,-30.76171650467508
4748,3,2026-07-06,Afternoon,20,36.08986319299783,-16.089863192997832
4749,3,2026-07-06,Night,34,34.39919757018754,-0.399197570187539
4750,4,2026-07-06,Morning,72,43.13679627354133,28.86320372645867
4751,4,2026-07-06,Afternoon,34,42.33955001697621,-8.339550016976212
4752,4,2026-07-06,Night,43,37.92761052540362,5.072389474596378
4753,5,2026-07-06,Morning,33,38.29214284055899,-5.292142840558988
4754,5,2026-07-06,Afternoon,61,39.17652876887712,21.82347123112288
4755,5,2026-07-06,Night,33,42.83339560395073,-9.833395603950727
4756,1,2026-07-07,Morning,24,42.675937929670376,-18.675937929670376
4757,1,2026-07-07,Afternoon,24,43.45857990718742,-19.45857990718742
4758,1,2026-07-07,Night,23,39.88143199422136,-16.88143199422136
4759,2,2026-07-07,Morning,23,36.81173438949907,-13.811734389499073
4760,2,2026-07-07,Afternoon,41,41.6413995961711,-0.6413995961710981
4761,2,2026-07-07,Night,70,40.631660835581386,29.368339164418614
4762,3,2026-07-07,Morning,52,35.978756139398314,16.021243860601686
4763,3,2026-07-07,Afternoon,31,34.61679076065502,-3.6167907606550216
4764,3,2026-07-07,Night,41,36.858712762759204,4.141287237240796
4765,4,2026-07-07,Morning,22,47.23220749074508,-25.232207490745083
4766,4,2026-07-07,Afternoon,55,43.2678013080622,11.732198691937803
4767,4,2026-07-07,Night,33,39.783482219390756,-6.783482219390756
4768,5,2026-07-07,Morning,53,40.959229140054894,12.040770859945106
4769,5,2026-07-07,Afternoon,54,38.181245434737505,15.818754565262495
4770,5,2026-07-07,Night,23,40.63513576946874,-17.63513576946874
4771,1,2026-07-08,Morning,49,44.27900918929828,4.720990810701721
4772,1,2026-07-08,Afternoon,34,41.86532411689523,-7.865324116895231
4773,1,2026-07-08,Night,45,41.18259973624152,3.817400263758479
4774,2,2026-07-08,Morning,51,41.627442713266696,9.372557286733304
4775,2,2026-07-08,Afternoon,21,41.04624242372994,-20.046242423729943
4776,2,2026-07-08,Night,9,41.59095574539522,-32.59095574539522
4777,3,2026-07-08,Morning,55,36.46188675284064,18.53811324715936
4778,3,2026-07-08,Afternoon,18,41.35434278886959,-23.354342788869587
4779,3,2026-07-08,Night,59,37.59990967657267,21.400090323427328
4780,4,2026-07-08,Morning,59,45.495612760798096,13.504387239201904
4781,4,2026-07-08,Afternoon,24,38.61134592849792,-14.611345928497919
4782,4,2026-07-08,Night,10,38.20109320619645,-28.201093206196447
4783,5,2026-07-08,Morning,58,40.55929543188159,17.440704568118413
4784,5,2026-07-08,Afternoon,33,39.79815004833865,-6.798150048338648
4785,5,2026-07-08,Night,20,39.199064955763376,-19.199064955763376
4786,1,2026-07-09,Morning,32,40.68931317725706,-8.689313177257063
4787,1,2026-07-09,Afternoon,55,40.983752685377006,14.016247314622994
4788,1,2026-07-09,Night,15,43.8112764563615,-28.811276456361497
4789,2,2026-07-09,Morning,13,40.22610278612805,-27.226102786128052
4790,2,2026-07-09,Afternoon,67,40.70718503494646,26.292814965053537
4791,2,2026-07-09,Night,55,40.76696237143798,14.233037628562023
4792,3,2026-07-09,Morning,38,37.50182723957853,0.4981727604214683
4793,3,2026-07-09,Afternoon,15,36.209280727323936,-21.209280727323936
4794,3,2026-07-09,Night,56,35.95782723844713,20.04217276155287
4795,4,2026-07-09,Morning,72,42.29492662915107,29.70507337084893
4796,4,2026-07-09,Afternoon,61,43.189857274148736,17.810142725851264
4797,4,2026-07-09,Night,43,39.15475305559682,3.845246944403179
4798,5,2026-07-09,Morning,12,39.053187493888,-27.053187493887997
4799,5,2026-07-09,Afternoon,10,39.64609419118167,-29.646094191181668
4800,5,2026-07-09,Night,75,41.1316518076141,33.8683481923859
4801,1,2026-07-10,Morning,24,42.33465881286431,-18.334658812864312
4802,1,2026-07-10,Afternoon,18,42.65215796555258,-24.652157965552583
4803,1,2026-07-10,Night,40,44.095254881532085,-4.095254881532085
4804,2,2026-07-10,Morning,67,37.30289019133266,29.697109808667342
4805,2,2026-07-10,Afternoon,52,42.743391469404905,9.256608530595095
4806,2,2026-07-10,Night,39,38.2724254792021,0.7275745207979014
4807,3,2026-07-10,Morning,56,31.736453222096927,24.263546777903073
4808,3,2026-07-10,Afternoon,25,35.14901146711294,-10.149011467112942
4809,3,2026-07-10,Night,63,35.85361003428652,27.14638996571348
4810,4,2026-07-10,Morning,13,43.328632568866915,-30.328632568866915
4811,4,2026-07-10,Afternoon,47,41.00273579062897,5.997264209371032
4812,4,2026-07-10,Night,64,45.7280852903224,18.271914709677603
4813,5,2026-07-10,Morning,56,38.91726455486281,17.08273544513719
4814,5,2026-07-10,Afternoon,16,37.03534957538946,-21.03534957538946
4815,5,2026-07-10,Night,72,41.187338337279954,30.812661662720046
4816,1,2026-07-11,Morning,33,42.507401651371275,-9.507401651371275
4817,1,2026-07-11,Afternoon,15,39.49171267393577,-24.491712673935773
4818,1,2026-07-11,Night,70,45.66362348951636,24.33637651048364
4819,2,2026-07-11,Morning,11,39.17645003968007,-28.17645003968007
4820,2,2026-07-11,Afternoon,49,41.14383780691056,7.856162193089439
4821,2,2026-07-11,Night,61,42.8170178710215,18.1829821289785
4822,3,2026-07-11,Morning,25,34.313476362660474,-9.313476362660474
4823,3,2026-07-11,Afternoon,14,39.86236251240681,-25.86236251240681
4824,3,2026-07-11,Night,53,43.110388180377434,9.889611819622566
4825,4,2026-07-11,Morning,35,40.40390081794819,-5.403900817948191
4826,4,2026-07-11,Afternoon,50,40.814742191524374,9.185257808475626
4827,4,2026-07-11,Night,14,38.898180220682605,-24.898180220682605
4828,5,2026-07-11,Morning,27,38.67442729462269,-11.674427294622689
4829,5,2026-07-11,Afternoon,48,41.86552265196051,6.134477348039489
4830,5,2026-07-11,Night,20,38.20694735990019,-18.20694735990019
4831,1,2026-07-12,Morning,42,42.771359679847315,-0.7713596798473148
4832,1,2026-07-12,Afternoon,47,40.820726498943735,6.179273501056265
4833,1,2026-07-12,Night,51,42.21956306088413,8.780436939115873
4834,2,2026-07-12,Morning,36,39.62437402890751,-3.6243740289075106
4835,2,2026-07-12,Afternoon,55,39.511538225704214,15.488461774295786
4836,2,2026-07-12,Night,22,37.94161309292781,-15.94161309292781
4837,3,2026-07-12,Morning,56,33.678648160435436,22.321351839564564
4838,3,2026-07-12,Afternoon,12,33.05447740224886,-21.054477402248857
4839,3,2026-07-12,Night,42,37.925684363347514,4.074315636652486
4840,4,2026-07-12,Morning,27,42.16708929182353,-15.16708929182353
4841,4,2026-07-12,Afternoon,32,42.66257172529035,-10.662571725290348
4842,4,2026-07-12,Night,12,43.827383614677565,-31.827383614677565
4843,5,2026-07-12,Morning,61,40.649957246246856,20.350042753753144
4844,5,2026-07-12,Afternoon,37,40.23377659477781,-3.233776594777808
4845,5,2026-07-12,Night,68,38.97284264506288,29.027157354937117
4846,1,2026-07-13,Morning,34,41.50259693025749,-7.502596930257489
4847,1,2026-07-13,Afternoon,39,41.32127117499001,-2.3212711749900095
4848,1,2026-07-13,Night,21,43.08338580360548,-22.08338580360548
4849,2,2026-07-13,Morning,30,42.69245790301234,-12.69245790301234
4850,2,2026-07-13,Afternoon,30,37.188766977461846,-7.188766977461846
4851,2,2026-07-13,Night,13,41.096068302823824,-28.096068302823824
4852,3,2026-07-13,Morning,56,34.795365405443235,21.204634594556765
4853,3,2026-07-13,Afternoon,21,31.451255142892204,-10.451255142892204
4854,3,2026-07-13,Night,12,36.226896567579644,-24.226896567579644
4855,4,2026-07-13,Morning,51,42.77073886546059,8.229261134539414
4856,4,2026-07-13,Afternoon,66,43.07543048440231,22.92456951559769
4857,4,2026-07-13,Night,43,44.52712268462086,-1.5271226846208634
4858,5,2026-07-13,Morning,29,41.51564380015416,-12.515643800154159
4859,5,2026-07-13,Afternoon,52,40.77098935354134,11.229010646458661
4860,5,2026-07-13,Night,20,39.41267088501447,-19.41267088501447
4861,1,2026-07-14,Morning,26,45.21680319358017,-19.21680319358017
4862,1,2026-07-14,Afternoon,53,41.68263410631971,11.31736589368029
4863,1,2026-07-14,Night,70,43.6875975832623,26.312402416737697
4864,2,2026-07-14,Morning,59,41.33813329649976,17.661866703500237
4865,2,2026-07-14,Afternoon,58,42.23472893239694,15.76527106760306
4866,2,2026-07-14,Night,43,43.83581269648268,-0.8358126964826766
4867,3,2026-07-14,Morning,24,38.79154873593158,-14.791548735931578
4868,3,2026-07-14,Afternoon,20,36.063585372312495,-16.063585372312495
4869,3,2026-07-14,Night,45,33.2817960938254,11.718203906174601
4870,4,2026-07-14,Morning,53,39.1082303524149,13.8917696475851
4871,4,2026-07-14,Afternoon,69,44.34463656950672,24.65536343049328
4872,4,2026-07-14,Night,36,43.24582068397875,-7.245820683978749
4873,5,2026-07-14,Morning,26,40.10953985576582,-14.109539855765817
4874,5,2026-07-14,Afternoon,46,39.96457778274342,6.035422217256581
4875,5,2026-07-14,Night,45,41.10737368024179,3.8926263197582074
4876,1,2026-07-15,Morning,30,42.449737439310155,-12.449737439310155
4877,1,2026-07-15,Afternoon,56,45.38822783349598,10.611772166504018
4878,1,2026-07-15,Night,33,39.201202402910255,-6.201202402910255
4879,2,2026-07-15,Morning,75,39.35607309001498,35.64392690998502
4880,2,2026-07-15,Afternoon,25,40.239388172982686,-15.239388172982686
4881,2,2026-07-15,Night,34,33.504718379403016,0.4952816205969839
4882,3,2026-07-15,Morning,61,32.32796487674202,28.672035123257977
4883,3,2026-07-15,Afternoon,33,31.953437888339035,1.0465621116609647
4884,3,2026-07-15,Night,41,39.03245583332411,1.9675441666758928
4885,4,2026-07-15,Morning,66,43.2224258782575,22.777574121742497
4886,4,2026-07-15,Afternoon,10,40.39775932801145,-30.397759328011453
4887,4,2026-07-15,Night,68,40.64028846876917,27.35971153123083
4888,5,2026-07-15,Morning,69,39.006848801591914,29.993151198408086
4889,5,2026-07-15,Afternoon,65,41.67649064869009,23.32350935130991
4890,5,2026-07-15,Night,61,42.07363348886339,18.926366511136607
4891,1,2026-07-16,Morning,76,43.81576395909754,32.18423604090246
4892,1,2026-07-16,Afternoon,58,44.62544603316894,13.374553966831058
4893,1,2026-07-16,Night,12,38.003616900393034,-26.003616900393034
4894,2,2026-07-16,Morning,32,42.22104528833895,-10.22104528833895
4895,2,2026-07-16,Afternoon,9,34.67734976765875,-25.677349767658747
4896,2,2026-07-16,Night,17,41.69851556936331,-24.69851556936331
4897,3,2026-07-16,Morning,66,34.23754433352202,31.762455666477983
4898,3,2026-07-16,Afternoon,28,32.925785721743814,-4.925785721743814
4899,3,2026-07-16,Night,17,36.214115656301125,-19.214115656301125
4900,4,2026-07-16,Morning,59,40.93684908711341,18.06315091288659
4901,4,2026-07-16,Afternoon,67,42.76198749580443,24.238012504195567
4902,4,2026-07-16,Night,66,45.551099002524595,20.448900997475405
4903,5,2026-07-16,Morning,42,40.257825823772734,1.742174176227266
4904,5,2026-07-16,Afternoon,43,39.82944893734398,3.170551062656017
4905,5,2026-07-16,Night,33,40.36140692836081,-7.3614069283608075
4906,1,2026-07-17,Morning,12,43.656331467246964,-31.656331467246964
4907,1,2026-07-17,Afternoon,37,41.866983840472294,-4.866983840472294
4908,1,2026-07-17,Night,25,40.19013819985097,-15.19013819985097
4909,2,2026-07-17,Morning,72,42.530442059044624,29.469557940955376
4910,2,2026-07-17,Afternoon,29,38.604991800821345,-9.604991800821345
4911,2,2026-07-17,Night,57,40.15761869545666,16.842381304543338
4912,3,2026-07-17,Morning,27,34.768625900909576,-7.768625900909576
4913,3,2026-07-17,Afternoon,33,31.10205041357466,1.8979495864253408
4914,3,2026-07-17,Night,46,35.66018772364217,10.339812276357833
4915,4,2026-07-17,Morning,41,43.82973493111169,-2.8297349311116875
4916,4,2026-07-17,Afternoon,31,40.97835974536857,-9.978359745368572
4917,4,2026-07-17,Night,62,42.450358736466654,19.549641263533346
4918,5,2026-07-17,Morning,75,38.02582422616142,36.97417577383858
4919,5,2026-07-17,Afternoon,60,33.233589229060875,26.766410770939125
4920,5,2026-07-17,Night,32,36.62968818737526,-4.629688187375258
4921,1,2026-07-18,Morning,60,43.97943611596819,16.02056388403181
4922,1,2026-07-18,Afternoon,45,41.93252684798034,3.0674731520196588
4923,1,2026-07-18,Night,54,44.54658790068971,9.453412099310292
4924,2,2026-07-18,Morning,20,39.51818556914679,-19.518185569146787
4925,2,2026-07-18,Afternoon,44,40.046905176338974,3.9530948236610257
4926,2,2026-07-18,Night,62,33.92461346147756,28.075386538522437
4927,3,2026-07-18,Morning,50,30.191956861943968,19.808043138056032
4928,3,2026-07-18,Afternoon,33,33.8582277543147,-0.8582277543146972
4929,3,2026-07-18,Night,27,35.098301501523885,-8.098301501523885
4930,4,2026-07-18,Morning,54,44.07649184678784,9.923508153212161
4931,4,2026-07-18,Afternoon,39,44.40283819806132,-5.402838198061318
4932,4,2026-07-18,Night,71,44.13397083831068,26.86602916168932
4933,5,2026-07-18,Morning,29,37.77725709192578,-8.777257091925783
4934,5,2026-07-18,Afternoon,55,37.927343176705364,17.072656823294636
4935,5,2026-07-18,Night,27,37.78952835583527,-10.789528355835273
4936,1,2026-07-19,Morning,70,40.68380551292592,29.31619448707408
4937,1,2026-07-19,Afternoon,11,43.009234868142194,-32.009234868142194
4938,1,2026-07-19,Night,52,44.10448393920931,7.8955160607906905
4939,2,2026-07-19,Morning,57,44.03259584165498,12.967404158345019
4940,2,2026-07-19,Afternoon,61,35.77138784028169,25.22861215971831
4941,2,2026-07-19,Night,32,37.73255731182589,-5.732557311825893
4942,3,2026-07-19,Morning,30,40.00931611815113,-10.009316118151133
4943,3,2026-07-19,Afternoon,59,33.126059117472025,25.873940882527975
4944,3,2026-07-19,Night,18,31.483109218211563,-13.483109218211563
4945,4,2026-07-19,Morning,28,44.00709176047675,-16.007091760476747
4946,4,2026-07-19,Afternoon,33,41.4943102521866,-8.494310252186601
4947,4,2026-07-19,Night,33,42.88232072142868,-9.882320721428677
4948,5,2026-07-19,Morning,45,39.90189908493279,5.0981009150672065
4949,5,2026-07-19,Afternoon,61,37.420181128286956,23.579818871713044
4950,5,2026-07-19,Night,55,41.13531805661162,13.864681943388383
4951,1,2026-07-20,Morning,72,42.24563727150897,29.75436272849103
4952,1,2026-07-20,Afternoon,47,40.957409805540976,6.042590194459024
4953,1,2026-07-20,Night,52,43.74151781621591,8.25848218378409
4954,2,2026-07-20,Morning,10,37.376971541859014,-27.376971541859014
4955,2,2026-07-20,Afternoon,60,41.64196124416484,18.35803875583516
4956,2,2026-07-20,Night,46,43.55406309738845,2.4459369026115496
4957,3,2026-07-20,Morning,24,38.95764644403476,-14.957646444034758
4958,3,2026-07-20,Afternoon,42,35.621133121847265,6.378866878152735
4959,3,2026-07-20,Night,18,34.752184994183246,-16.752184994183246
4960,4,2026-07-20,Morning,53,46.95700360524324,6.042996394756763
4961,4,2026-07-20,Afternoon,66,40.41043997304326,25.58956002695674
4962,4,2026-07-20,Night,31,43.62315198086226,-12.62315198086226
4963,5,2026-07-20,Morning,24,39.841447996214306,-15.841447996214306
4964,5,2026-07-20,Afternoon,34,39.668230169918324,-5.668230169918324
4965,5,2026-07-20,Night,72,40.516720635307664,31.483279364692336
4966,1,2026-07-21,Morning,72,38.96889045960923,33.03110954039077
4967,1,2026-07-21,Afternoon,10,44.15804142582897,-34.15804142582897
4968,1,2026-07-21,Night,36,45.08986610787437,-9.089866107874371
4969,2,2026-07-21,Morning,51,39.328505801725036,11.671494198274964
4970,2,2026-07-21,Afternoon,11,38.903091394650936,-27.903091394650936
4971,2,2026-07-21,Night,35,38.56962657029481,-3.5696265702948082
4972,3,2026-07-21,Morning,46,34.95753135833591,11.042468641664087
4973,3,2026-07-21,Afternoon,10,35.65303210172724,-25.65303210172724
4974,3,2026-07-21,Night,27,36.010253951000195,-9.010253951000195
4975,4,2026-07-21,Morning,38,44.146486836775615,-6.146486836775615
4976,4,2026-07-21,Afternoon,39,44.41871491390751,-5.4187149139075075
4977,4,2026-07-21,Night,28,43.2866511749336,-15.286651174933603
4978,5,2026-07-21,Morning,38,38.130318818881285,-0.13031881888128538
4979,5,2026-07-21,Afternoon,16,39.73295686249762,-23.732956862497623
4980,5,2026-07-21,Night,52,41.04559824563631,10.954401754363687
4981,1,2026-07-22,Morning,44,44.33047750242923,-0.3304775024292326
4982,1,2026-07-22,Afternoon,63,42.79501445648806,20.20498554351194
4983,1,2026-07-22,Night,23,44.794974598284526,-21.794974598284526
4984,2,2026-07-22,Morning,63,40.43606496544057,22.563935034559428
4985,2,2026-07-22,Afternoon,20,44.135546171684375,-24.135546171684375
4986,2,2026-07-22,Night,54,42.434042729655296,11.565957270344704
4987,3,2026-07-22,Morning,25,34.22340984535811,-9.223409845358113
4988,3,2026-07-22,Afternoon,54,33.374581277897626,20.625418722102374
4989,3,2026-07-22,Night,63,36.6997782418096,26.300221758190403
4990,4,2026-07-22,Morning,72,42.73504710130228,29.26495289869772
4991,4,2026-07-22,Afternoon,11,48.20374009937175,-37.20374009937175
4992,4,2026-07-22,Night,35,42.54912639212856,-7.5491263921285565
4993,5,2026-07-22,Morning,26,40.00254719618691,-14.00254719618691
4994,5,2026-07-22,Afternoon,29,42.16677628175151,-13.16677628175151
4995,5,2026-07-22,Night,53,39.170555439557646,13.829444560442354
4996,1,2026-07-23,Morning,74,45.33556156861743,28.66443843138257
4997,1,2026-07-23,Afternoon,68,41.96898069646464,26.03101930353536
4998,1,2026-07-23,Night,27,43.88213916128053,-16.882139161280527
4999,2,2026-07-23,Morning,16,36.131711299506364,-20.131711299506364
5000,2,2026-07-23,Afternoon,28,37.49745285723093,-9.497452857230932
5001,2,2026-07-23,Night,62,41.233003494496174,20.766996505503826
5002,3,2026-07-23,Morning,46,38.49565212137149,7.504347878628508
5003,3,2026-07-23,Afternoon,59,25.913286757690315,33.086713242309685
5004,3,2026-07-23,Night,8,32.0088836893661,-24.0088836893661
5005,4,2026-07-23,Morning,74,40.78469189313077,33.21530810686923
5006,4,2026-07-23,Afternoon,33,41.672565816623006,-8.672565816623006
5007,4,2026-07-23,Night,53,35.29030321653575,17.709696783464253
5008,5,2026-07-23,Morning,29,41.1619428039065,-12.161942803906499
5009,5,2026-07-23,Afternoon,12,39.7881239488239,-27.788123948823902
5010,5,2026-07-23,Night,10,40.58900276968389,-30.589002769683887
5011,1,2026-07-24,Morning,51,39.78817422149093,11.211825778509073
5012,1,2026-07-24,Afternoon,23,40.16808167891443,-17.168081678914433
5013,1,2026-07-24,Night,43,45.274119037569605,-2.274119037569605
5014,2,2026-07-24,Morning,16,40.82862032123782,-24.82862032123782
5015,2,2026-07-24,Afternoon,15,41.43317185211502,-26.433171852115017
5016,2,2026-07-24,Night,41,41.19373406893972,-0.1937340689397189
5017,3,2026-07-24,Morning,62,38.355131597218744,23.644868402781256
5018,3,2026-07-24,Afternoon,51,35.21426571203643,15.785734287963571
5019,3,2026-07-24,Night,26,35.461755035670436,-9.461755035670436
5020,4,2026-07-24,Morning,81,42.57158853554636,38.42841146445364
5021,4,2026-07-24,Afternoon,27,47.7127789706992,-20.712778970699198
5022,4,2026-07-24,Night,13,36.72313638275904,-23.723136382759037
5023,5,2026-07-24,Morning,37,38.50733240133995,-1.5073324013399514
5024,5,2026-07-24,Afternoon,16,40.4602389419414,-24.460238941941398
5025,5,2026-07-24,Night,66,38.05717926533735,27.942820734662646
5026,1,2026-07-25,Morning,58,42.37116724684361,15.628832753156388
5027,1,2026-07-25,Afternoon,30,41.97057903415119,-11.970579034151193
5028,1,2026-07-25,Night,20,41.54358220595986,-21.543582205959858
5029,2,2026-07-25,Morning,33,42.363287467397015,-9.363287467397015
5030,2,2026-07-25,Afternoon,20,41.56001626214206,-21.560016262142057
5031,2,2026-07-25,Night,33,41.57328913289136,-8.573289132891361
5032,3,2026-07-25,Morning,60,38.01912438433699,21.98087561566301
5033,3,2026-07-25,Afternoon,30,35.05587860422761,-5.055878604227608
5034,3,2026-07-25,Night,8,35.76643253759025,-27.766432537590248
5035,4,2026-07-25,Morning,66,39.00812245093054,26.991877549069457
5036,4,2026-07-25,Afternoon,17,46.95151934924088,-29.951519349240883
5037,4,2026-07-25,Night,63,43.73950636743965,19.260493632560348
5038,5,2026-07-25,Morning,39,42.23363871680033,-3.2336387168003284
5039,5,2026-07-25,Afternoon,24,40.92332331412592,-16.923323314125923
5040,5,2026-07-25,Night,59,40.2626795268088,18.737320473191197
5041,1,2026-07-26,Morning,33,44.74622013703473,-11.746220137034733
5042,1,2026-07-26,Afternoon,70,43.70655699120524,26.29344300879476
5043,1,2026-07-26,Night,69,43.92893199164382,25.07106800835618
5044,2,2026-07-26,Morning,39,42.41067426145631,-3.4106742614563075
5045,2,2026-07-26,Afternoon,23,41.93469676376668,-18.93469676376668
5046,2,2026-07-26,Night,23,40.77001474480853,-17.770014744808527
5047,3,2026-07-26,Morning,45,41.93395185853406,3.0660481414659415
5048,3,2026-07-26,Afternoon,45,32.50282418174627,12.49717581825373
5049,3,2026-07-26,Night,10,32.420289288964604,-22.420289288964604
5050,4,2026-07-26,Morning,60,41.50058974194238,18.499410258057623
5051,4,2026-07-26,Afternoon,10,42.94190958157506,-32.94190958157506
5052,4,2026-07-26,Night,21,42.059440593164844,-21.059440593164844
5053,5,2026-07-26,Morning,63,41.0570758070167,21.9429241929833
5054,5,2026-07-26,Afternoon,27,39.00578002364771,-12.00578002364771
5055,5,2026-07-26,Night,31,37.553446824085,-6.553446824085
5056,1,2026-07-27,Morning,47,43.9275808796639,3.0724191203361
5057,1,2026-07-27,Afternoon,67,43.07222384739934,23.927776152600657
5058,1,2026-07-27,Night,35,41.128316441996766,-6.128316441996766
5059,2,2026-07-27,Morning,21,41.37823053147729,-20.378230531477293
5060,2,2026-07-27,Afternoon,47,42.176953930299774,4.823046069700226
5061,2,2026-07-27,Night,14,40.41305413483904,-26.413054134839037
5062,3,2026-07-27,Morning,31,39.89729436120348,-8.897294361203478
5063,3,2026-07-27,Afternoon,54,34.52083365481772,19.47916634518228
5064,3,2026-07-27,Night,27,37.351283660353836,-10.351283660353836
5065,4,2026-07-27,Morning,58,45.34170032381826,12.658299676181741
5066,4,2026-07-27,Afternoon,29,42.72192997893502,-13.721929978935023
5067,4,2026-07-27,Night,66,41.05584462402279,24.94415537597721
5068,5,2026-07-27,Morning,34,41.185908762781914,-7.185908762781914
5069,5,2026-07-27,Afternoon,9,41.63403372490329,-32.63403372490329
5070,5,2026-07-27,Night,39,39.53424692637968,-0.5342469263796801
5071,1,2026-07-28,Morning,76,46.42534204873094,29.57465795126906
5072,1,2026-07-28,Afternoon,38,39.7421104659871,-1.7421104659871034
5073,1,2026-07-28,Night,42,41.149266662366514,0.8507333376334856
5074,2,2026-07-28,Morning,71,38.60127715354383,32.39872284645617
5075,2,2026-07-28,Afternoon,27,37.70362749978034,-10.703627499780339
5076,2,2026-07-28,Night,43,39.89052235448846,3.1094776455115394
5077,3,2026-07-28,Morning,34,37.036748962738045,-3.036748962738045
5078,3,2026-07-28,Afternoon,50,35.56969789658254,14.43030210341746
5079,3,2026-07-28,Night,8,34.315366915852856,-26.315366915852856
5080,4,2026-07-28,Morning,71,39.31599145247506,31.68400854752494
5081,4,2026-07-28,Afternoon,11,46.24735027975008,-35.24735027975008
5082,4,2026-07-28,Night,35,41.85258537657575,-6.852585376575753
5083,5,2026-07-28,Morning,63,40.67280094310922,22.327199056890777
5084,5,2026-07-28,Afternoon,63,44.3641913647232,18.635808635276803
5085,5,2026-07-28,Night,49,42.00589183931641,6.994108160683588
5086,1,2026-07-29,Morning,31,43.08448172788958,-12.084481727889582
5087,1,2026-07-29,Afternoon,18,43.09004774926927,-25.090047749269267
5088,1,2026-07-29,Night,55,42.74842418109656,12.25157581890344
5089,2,2026-07-29,Morning,12,35.80340213171086,-23.80340213171086
5090,2,2026-07-29,Afternoon,22,41.854705516015684,-19.854705516015684
5091,2,2026-07-29,Night,45,37.353001753187826,7.646998246812174
5092,3,2026-07-29,Morning,50,38.55047366652718,11.449526333472818
5093,3,2026-07-29,Afternoon,43,30.545480535715463,12.454519464284537
5094,3,2026-07-29,Night,29,34.37592218651437,-5.375922186514373
5095,4,2026-07-29,Morning,22,46.900589145844876,-24.900589145844876
5096,4,2026-07-29,Afternoon,39,41.00016171558775,-2.000161715587751
5097,4,2026-07-29,Night,59,41.01500140161709,17.98499859838291
5098,5,2026-07-29,Morning,37,39.314371138236666,-2.314371138236666
5099,5,2026-07-29,Afternoon,36,44.277341181392885,-8.277341181392885
5100,5,2026-07-29,Night,61,39.47553221217072,21.52446778782928
5101,1,2026-07-30,Morning,14,41.76362870873736,-27.763628708737357
5102,1,2026-07-30,Afternoon,39,39.29582544029871,-0.2958254402987066
5103,1,2026-07-30,Night,56,44.91770139759656,11.08229860240344
5104,2,2026-07-30,Morning,30,43.1259915328071,-13.125991532807099
5105,2,2026-07-30,Afternoon,68,39.67488963700504,28.325110362994963
5106,2,2026-07-30,Night,19,39.61794846053943,-20.61794846053943
5107,3,2026-07-30,Morning,9,38.666549295744275,-29.666549295744275
5108,3,2026-07-30,Afternoon,38,35.373766425607194,2.6262335743928062
5109,3,2026-07-30,Night,48,34.050962621113946,13.949037378886054
5110,4,2026-07-30,Morning,55,44.690221082528204,10.309778917471796
5111,4,2026-07-30,Afternoon,56,43.45789997405072,12.542100025949281
5112,4,2026-07-30,Night,67,37.17557265404148,29.82442734595852
5113,5,2026-07-30,Morning,17,40.220147916915394,-23.220147916915394
5114,5,2026-07-30,Afternoon,64,41.543009061393214,22.456990938606786
5115,5,2026-07-30,Night,78,39.18237280551214,38.81762719448786
5116,1,2026-07-31,Morning,15,43.11435435267877,-28.114354352678767
5117,1,2026-07-31,Afternoon,72,47.323597376394886,24.676402623605114
5118,1,2026-07-31,Night,42,41.960879500780976,0.03912049921902394
5119,2,2026-07-31,Morning,65,38.396117565427865,26.603882434572135
5120,2,2026-07-31,Afternoon,17,39.45658510133661,-22.456585101336607
5121,2,2026-07-31,Night,37,40.000782407696555,-3.000782407696555
5122,3,2026-07-31,Morning,33,33.90366684458716,-0.903666844587157
5123,3,2026-07-31,Afternoon,40,30.856377938485743,9.143622061514257
5124,3,2026-07-31,Night,61,33.12383469405366,27.876165305946337
5125,4,2026-07-31,Morning,66,42.157805043948244,23.842194956051756
5126,4,2026-07-31,Afternoon,54,42.96020382428391,11.039796175716091
5127,4,2026-07-31,Night,72,38.65172424809201,33.34827575190799
5128,5,2026-07-31,Morning,68,37.5055887090458,30.494411290954197
5129,5,2026-07-31,Afternoon,61,38.96914051569418,22.03085948430582
5130,5,2026-07-31,Night,36,42.927905696343196,-6.9279056963431955
5131,1,2026-08-01,Morning,9,39.058504960747435,-30.058504960747435
5132,1,2026-08-01,Afternoon,43,39.910306664253625,3.089693335746375
5133,1,2026-08-01,Night,28,42.373994812296644,-14.373994812296644
5134,2,2026-08-01,Morning,36,37.867381591005056,-1.8673815910050564
5135,2,2026-08-01,Afternoon,57,41.584286663951794,15.415713336048206
5136,2,2026-08-01,Night,18,42.021201882941675,-24.021201882941675
5137,3,2026-08-01,Morning,47,32.93370689790533,14.066293102094669
5138,3,2026-08-01,Afternoon,54,33.51736145399334,20.482638546006662
5139,3,2026-08-01,Night,57,32.90127434547434,24.09872565452566
5140,4,2026-08-01,Morning,57,44.82600697943446,12.17399302056554
5141,4,2026-08-01,Afternoon,40,39.58318598637462,0.41681401362537684
5142,4,2026-08-01,Night,13,40.974561481536945,-27.974561481536945
5143,5,2026-08-01,Morning,41,38.93032656614973,2.0696734338502694
5144,5,2026-08-01,Afternoon,70,38.367608438942305,31.632391561057695
5145,5,2026-08-01,Night,62,41.6042113415225,20.3957886584775
5146,1,2026-08-02,Morning,59,40.6590420419702,18.340957958029797
5147,1,2026-08-02,Afternoon,22,41.86577395609408,-19.86577395609408
5148,1,2026-08-02,Night,53,43.88558759898358,9.114412401016423
5149,2,2026-08-02,Morning,72,42.025369563259865,29.974630436740135
5150,2,2026-08-02,Afternoon,58,42.65723412646087,15.342765873539129
5151,2,2026-08-02,Night,32,41.01907407211441,-9.019074072114407
5152,3,2026-08-02,Morning,16,31.05082016299179,-15.05082016299179
5153,3,2026-08-02,Afternoon,58,38.47040889096841,19.529591109031593
5154,3,2026-08-02,Night,20,31.896845453252688,-11.896845453252688
5155,4,2026-08-02,Morning,72,45.31324052216642,26.686759477833583
5156,4,2026-08-02,Afternoon,19,43.53787312620297,-24.537873126202967
5157,4,2026-08-02,Night,13,42.3763259294004,-29.3763259294004
5158,5,2026-08-02,Morning,12,42.781877600272615,-30.781877600272615
5159,5,2026-08-02,Afternoon,31,39.8902038025967,-8.890203802596702
5160,5,2026-08-02,Night,39,39.82161345880809,-0.8216134588080877
5161,1,2026-08-03,Morning,31,42.548392951789864,-11.548392951789864
5162,1,2026-08-03,Afternoon,35,43.16695299424209,-8.166952994242088
5163,1,2026-08-03,Night,44,39.74224530538233,4.257754694617667
5164,2,2026-08-03,Morning,36,41.499512281360516,-5.499512281360516
5165,2,2026-08-03,Afternoon,27,38.22445386247108,-11.22445386247108
5166,2,2026-08-03,Night,14,41.11978363492713,-27.11978363492713
5167,3,2026-08-03,Morning,8,35.66867576009477,-27.66867576009477
5168,3,2026-08-03,Afternoon,49,33.886536288492,15.113463711507997
5169,3,2026-08-03,Night,12,35.79661976857682,-23.796619768576818
5170,4,2026-08-03,Morning,20,44.70262156699783,-24.702621566997827
5171,4,2026-08-03,Afternoon,75,44.6615543506421,30.3384456493579
5172,4,2026-08-03,Night,81,43.514060788604354,37.485939211395646
5173,5,2026-08-03,Morning,61,42.438961175217315,18.561038824782685
5174,5,2026-08-03,Afternoon,71,42.166368188084014,28.833631811915986
5175,5,2026-08-03,Night,63,38.73586141083472,24.264138589165277
5176,1,2026-08-04,Morning,33,42.78934835060352,-9.789348350603518
5177,1,2026-08-04,Afternoon,58,41.77287938127043,16.227120618729572
5178,1,2026-08-04,Night,11,43.60311667610355,-32.60311667610355
5179,2,2026-08-04,Morning,22,38.58397212414884,-16.583972124148843
5180,2,2026-08-04,Afternoon,64,43.22211718714771,20.77788281285229
5181,2,2026-08-04,Night,44,43.50795144420127,0.49204855579873197
5182,3,2026-08-04,Morning,18,37.00560159384416,-19.005601593844162
5183,3,2026-08-04,Afternoon,35,36.54701344664635,-1.5470134466463534
5184,3,2026-08-04,Night,22,32.57877449035647,-10.578774490356473
5185,4,2026-08-04,Morning,13,39.71434583011775,-26.71434583011775
5186,4,2026-08-04,Afternoon,61,44.43418316011126,16.56581683988874
5187,4,2026-08-04,Night,30,38.590663048680604,-8.590663048680604
5188,5,2026-08-04,Morning,43,40.09154249723895,2.9084575027610526
5189,5,2026-08-04,Afternoon,38,39.73773596896127,-1.7377359689612675
5190,5,2026-08-04,Night,65,40.22871054791225,24.77128945208775
5191,1,2026-08-05,Morning,16,48.28920254325496,-32.28920254325496
5192,1,2026-08-05,Afternoon,30,47.119455925037066,-17.119455925037066
5193,1,2026-08-05,Night,73,41.748055942771856,31.251944057228144
5194,2,2026-08-05,Morning,68,40.565842137561326,27.434157862438674
5195,2,2026-08-05,Afternoon,66,34.578345888559134,31.421654111440866
5196,2,2026-08-05,Night,15,38.12925064493537,-23.129250644935368
5197,3,2026-08-05,Morning,18,33.99074134131526,-15.990741341315257
5198,3,2026-08-05,Afternoon,33,31.864925888862164,1.1350741111378362
5199,3,2026-08-05,Night,22,35.09497012860036,-13.094970128600359
5200,4,2026-08-05,Morning,30,39.97345695186288,-9.973456951862879
5201,4,2026-08-05,Afternoon,54,43.890644028412204,10.109355971587796
5202,4,2026-08-05,Night,37,41.78880876133949,-4.788808761339489
5203,5,2026-08-05,Morning,18,38.99449788684062,-20.99449788684062
5204,5,2026-08-05,Afternoon,15,40.44391624013238,-25.44391624013238
5205,5,2026-08-05,Night,28,39.528102071951174,-11.528102071951174
5206,1,2026-08-06,Morning,42,42.26071753742202,-0.26071753742201764
5207,1,2026-08-06,Afternoon,54,43.57822496481662,10.42177503518338
5208,1,2026-08-06,Night,51,41.171056501860534,9.828943498139466
5209,2,2026-08-06,Morning,27,40.361052635186866,-13.361052635186866
5210,2,2026-08-06,Afternoon,38,38.49362786526078,-0.49362786526077684
5211,2,2026-08-06,Night,9,41.48701718620794,-32.48701718620794
5212,3,2026-08-06,Morning,10,34.908214166810104,-24.908214166810104
5213,3,2026-08-06,Afternoon,36,33.44591304239582,2.554086957604177
5214,3,2026-08-06,Night,55,37.11295076926901,17.887049230730987
5215,4,2026-08-06,Morning,35,41.345674581832604,-6.345674581832604
5216,4,2026-08-06,Afternoon,45,42.85187405636242,2.148125943637581
5217,4,2026-08-06,Night,73,39.81219260061483,33.18780739938517
5218,5,2026-08-06,Morning,43,38.69774609561087,4.302253904389133
5219,5,2026-08-06,Afternoon,44,41.661620406906195,2.338379593093805
5220,5,2026-08-06,Night,25,40.036820528443926,-15.036820528443926
5221,1,2026-08-07,Morning,28,42.647288974792254,-14.647288974792254
5222,1,2026-08-07,Afternoon,12,42.29101656526877,-30.29101656526877
5223,1,2026-08-07,Night,72,43.27447671006342,28.725523289936582
5224,2,2026-08-07,Morning,27,40.81474163254248,-13.814741632542479
5225,2,2026-08-07,Afternoon,63,40.29152062515233,22.70847937484767
5226,2,2026-08-07,Night,49,36.827102542079224,12.172897457920776
5227,3,2026-08-07,Morning,49,34.443559143850734,14.556440856149266
5228,3,2026-08-07,Afternoon,44,34.34724044965166,9.652759550348343
5229,3,2026-08-07,Night,59,32.46683365584057,26.533166344159433
5230,4,2026-08-07,Morning,50,43.31238942650736,6.687610573492641
5231,4,2026-08-07,Afternoon,71,42.264019047303414,28.735980952696586
5232,4,2026-08-07,Night,9,42.87268564590889,-33.87268564590889
5233,5,2026-08-07,Morning,25,38.950104485571,-13.950104485571003
5234,5,2026-08-07,Afternoon,40,37.69480613174532,2.3051938682546833
5235,5,2026-08-07,Night,20,40.97034407735971,-20.970344077359712
5236,1,2026-08-08,Morning,32,44.123852149703474,-12.123852149703474
5237,1,2026-08-08,Afternoon,25,40.8120589023016,-15.812058902301601
5238,1,2026-08-08,Night,43,42.532282562343525,0.467717437656475
5239,2,2026-08-08,Morning,53,36.153993075902505,16.846006924097495
5240,2,2026-08-08,Afternoon,28,34.56456766944648,-6.5645676694464825
5241,2,2026-08-08,Night,36,37.40958356088191,-1.409583560881913
5242,3,2026-08-08,Morning,53,32.59563638366268,20.40436361633732
5243,3,2026-08-08,Afternoon,26,30.296263643460414,-4.296263643460414
5244,3,2026-08-08,Night,62,38.30965515269496,23.69034484730504
5245,4,2026-08-08,Morning,66,45.24078021648122,20.75921978351878
5246,4,2026-08-08,Afternoon,72,44.77796115034299,27.22203884965701
5247,4,2026-08-08,Night,48,43.27644524458014,4.723554755419862
5248,5,2026-08-08,Morning,60,40.38774792260361,19.61225207739639
5249,5,2026-08-08,Afternoon,67,40.13525983934122,26.864740160658783
5250,5,2026-08-08,Night,52,41.25939580481097,10.740604195189029
5251,1,2026-08-09,Morning,69,43.619232290151636,25.380767709848364
5252,1,2026-08-09,Afternoon,59,41.993091811464865,17.006908188535135
5253,1,2026-08-09,Night,42,38.97802363615967,3.0219763638403307
5254,2,2026-08-09,Morning,31,41.19570274417544,-10.195702744175442
5255,2,2026-08-09,Afternoon,68,37.60913917266824,30.390860827331757
5256,2,2026-08-09,Night,10,42.881556985471214,-32.881556985471214
5257,3,2026-08-09,Morning,12,30.79258652520746,-18.79258652520746
5258,3,2026-08-09,Afternoon,9,39.830697711512165,-30.830697711512165
5259,3,2026-08-09,Night,67,31.991820404871614,35.00817959512838
5260,4,2026-08-09,Morning,39,39.47735062344645,-0.47735062344644774
5261,4,2026-08-09,Afternoon,69,41.710434790913816,27.289565209086184
5262,4,2026-08-09,Night,69,40.72132435813761,28.278675641862392
5263,5,2026-08-09,Morning,49,39.09386605475342,9.90613394524658
5264,5,2026-08-09,Afternoon,68,39.40087441193101,28.599125588068993
5265,5,2026-08-09,Night,19,39.58178575370889,-20.581785753708893
5266,1,2026-08-10,Morning,9,39.634476795046226,-30.634476795046226
5267,1,2026-08-10,Afternoon,25,37.223494091182374,-12.223494091182374
5268,1,2026-08-10,Night,29,39.33856955259301,-10.338569552593007
5269,2,2026-08-10,Morning,46,40.70377341166586,5.296226588334143
5270,2,2026-08-10,Afternoon,13,40.485175744108254,-27.485175744108254
5271,2,2026-08-10,Night,30,36.85732195277055,-6.857321952770548
5272,3,2026-08-10,Morning,23,36.686687649744336,-13.686687649744336
5273,3,2026-08-10,Afternoon,11,30.57007192675708,-19.57007192675708
5274,3,2026-08-10,Night,63,38.7067385054733,24.293261494526703
5275,4,2026-08-10,Morning,56,42.97835066666805,13.02164933333195
5276,4,2026-08-10,Afternoon,66,40.917058170683575,25.082941829316425
5277,4,2026-08-10,Night,39,38.66640822796638,0.3335917720336212
5278,5,2026-08-10,Morning,10,41.93233218105026,-31.932332181050263
5279,5,2026-08-10,Afternoon,22,39.84246205134665,-17.84246205134665
5280,5,2026-08-10,Night,71,39.19435107014611,31.805648929853888
5281,1,2026-08-11,Morning,65,42.97133007860223,22.02866992139777
5282,1,2026-08-11,Afternoon,24,41.781245359075626,-17.781245359075626
5283,1,2026-08-11,Night,10,43.25569000261259,-33.25569000261259
5284,2,2026-08-11,Morning,10,38.69700909040107,-28.697009090401068
5285,2,2026-08-11,Afternoon,48,34.44966763025846,13.55033236974154
5286,2,2026-08-11,Night,44,41.40491222864372,2.595087771356283
5287,3,2026-08-11,Morning,49,36.77514386365868,12.224856136341323
5288,3,2026-08-11,Afternoon,30,33.23090674434527,-3.230906744345269
5289,3,2026-08-11,Night,13,37.10507904037017,-24.10507904037017
5290,4,2026-08-11,Morning,17,38.5505565579781,-21.550556557978098
5291,4,2026-08-11,Afternoon,74,43.77937170038737,30.220628299612628
5292,4,2026-08-11,Night,65,42.160233028802324,22.839766971197676
5293,5,2026-08-11,Morning,42,43.358668502920864,-1.3586685029208638
5294,5,2026-08-11,Afternoon,54,40.66246471889525,13.33753528110475
5295,5,2026-08-11,Night,63,39.82761538244178,23.172384617558222
5296,1,2026-08-12,Morning,65,38.73106906336131,26.26893093663869
5297,1,2026-08-12,Afternoon,43,40.2036494503461,2.7963505496539014
5298,1,2026-08-12,Night,70,45.28528480301386,24.71471519698614
5299,2,2026-08-12,Morning,41,43.45613590524468,-2.456135905244679
5300,2,2026-08-12,Afternoon,36,40.29401387709074,-4.294013877090741
5301,2,2026-08-12,Night,15,45.10141276028165,-30.101412760281647
5302,3,2026-08-12,Morning,24,39.941884749218666,-15.941884749218666
5303,3,2026-08-12,Afternoon,18,33.487694157714344,-15.487694157714344
5304,3,2026-08-12,Night,52,32.91171990103246,19.088280098967537
5305,4,2026-08-12,Morning,43,38.12872841545453,4.871271584545468
5306,4,2026-08-12,Afternoon,28,45.807029389266695,-17.807029389266695
5307,4,2026-08-12,Night,35,36.91023070725457,-1.91023070725457
5308,5,2026-08-12,Morning,47,39.91152630153415,7.088473698465847
5309,5,2026-08-12,Afternoon,57,37.911899509092,19.088100490907998
5310,5,2026-08-12,Night,69,40.29818585553364,28.70181414446636
5311,1,2026-08-13,Morning,70,41.222750095569715,28.777249904430285
5312,1,2026-08-13,Afternoon,31,39.79924094798016,-8.79924094798016
5313,1,2026-08-13,Night,24,39.86675930545601,-15.866759305456007
5314,2,2026-08-13,Morning,58,41.795957208138695,16.204042791861305
5315,2,2026-08-13,Afternoon,37,41.480431166559825,-4.480431166559825
5316,2,2026-08-13,Night,63,42.010312568847745,20.989687431152255
5317,3,2026-08-13,Morning,62,32.46280595941883,29.53719404058117
5318,3,2026-08-13,Afternoon,26,33.57246488401368,-7.572464884013677
5319,3,2026-08-13,Night,12,38.28799870575457,-26.287998705754568
5320,4,2026-08-13,Morning,63,43.563972084708375,19.436027915291625
5321,4,2026-08-13,Afternoon,72,41.578377257898396,30.421622742101604
5322,4,2026-08-13,Night,70,39.41437509584191,30.585624904158088
5323,5,2026-08-13,Morning,56,39.35573700647536,16.64426299352464
5324,5,2026-08-13,Afternoon,45,41.51761695072526,3.4823830492747376
5325,5,2026-08-13,Night,38,39.64541596025938,-1.6454159602593776
5326,1,2026-08-14,Morning,31,42.71095265590467,-11.71095265590467
5327,1,2026-08-14,Afternoon,68,43.74768313694042,24.252316863059583
5328,1,2026-08-14,Night,48,44.62493663101771,3.375063368982289
5329,2,2026-08-14,Morning,45,38.10232504672204,6.8976749532779635
5330,2,2026-08-14,Afternoon,21,39.7774024544758,-18.777402454475798
5331,2,2026-08-14,Night,58,41.3384185057632,16.6615814942368
5332,3,2026-08-14,Morning,35,41.503339890239964,-6.503339890239964
5333,3,2026-08-14,Afternoon,29,30.098200213900878,-1.0982002139008777
5334,3,2026-08-14,Night,63,31.125110177840476,31.874889822159524
5335,4,2026-08-14,Morning,28,40.09514549519166,-12.095145495191659
5336,4,2026-08-14,Afternoon,32,41.69603155419582,-9.69603155419582
5337,4,2026-08-14,Night,64,42.011078961101106,21.988921038898894
5338,5,2026-08-14,Morning,43,40.32170762420321,2.6782923757967865
5339,5,2026-08-14,Afternoon,17,39.63626969205809,-22.636269692058093
5340,5,2026-08-14,Night,48,38.34926881208502,9.650731187914978
5341,1,2026-08-15,Morning,76,41.39981573115769,34.60018426884231
5342,1,2026-08-15,Afternoon,39,40.44063089902062,-1.4406308990206185
5343,1,2026-08-15,Night,39,37.12896351032315,1.8710364896768468
5344,2,2026-08-15,Morning,36,41.030213695832074,-5.0302136958320744
5345,2,2026-08-15,Afternoon,21,41.65814480949193,-20.65814480949193
5346,2,2026-08-15,Night,43,41.860528615961215,1.1394713840387851
5347,3,2026-08-15,Morning,11,33.62772771508466,-22.62772771508466
5348,3,2026-08-15,Afternoon,20,41.54770364068133,-21.547703640681327
5349,3,2026-08-15,Night,42,32.81875610798405,9.18124389201595
5350,4,2026-08-15,Morning,47,47.5373540121424,-0.5373540121424014
5351,4,2026-08-15,Afternoon,29,37.07566209965814,-8.075662099658139
5352,4,2026-08-15,Night,28,38.40226291350805,-10.402262913508054
5353,5,2026-08-15,Morning,19,38.8992546604805,-19.8992546604805
5354,5,2026-08-15,Afternoon,67,42.09838488293958,24.901615117060423
5355,5,2026-08-15,Night,37,40.770381309457925,-3.7703813094579246
5356,1,2026-08-16,Morning,28,38.43644181322482,-10.436441813224818
5357,1,2026-08-16,Afternoon,61,41.241211820303135,19.758788179696865
5358,1,2026-08-16,Night,28,37.18011748004845,-9.180117480048452
5359,2,2026-08-16,Morning,15,41.06869778395959,-26.068697783959593
5360,2,2026-08-16,Afternoon,53,38.86092355650505,14.13907644349495
5361,2,2026-08-16,Night,74,39.79455818515266,34.20544181484734
5362,3,2026-08-16,Morning,11,34.917801650162566,-23.917801650162566
5363,3,2026-08-16,Afternoon,55,31.427362507110622,23.572637492889378
5364,3,2026-08-16,Night,50,33.500825453653945,16.499174546346055
5365,4,2026-08-16,Morning,49,39.219555599560735,9.780444400439265
5366,4,2026-08-16,Afternoon,70,43.7314306746583,26.2685693253417
5367,4,2026-08-16,Night,28,42.43700485128546,-14.437004851285458
5368,5,2026-08-16,Morning,72,39.806913231941444,32.193086768058556
5369,5,2026-08-16,Afternoon,48,34.877123641200534,13.122876358799466
5370,5,2026-08-16,Night,29,38.591033025571754,-9.591033025571754
5371,1,2026-08-17,Morning,16,42.57199884398016,-26.57199884398016
5372,1,2026-08-17,Afternoon,32,42.64551273119096,-10.645512731190962
5373,1,2026-08-17,Night,16,41.557699710062664,-25.557699710062664
5374,2,2026-08-17,Morning,66,39.46965478515988,26.530345214840118
5375,2,2026-08-17,Afternoon,52,39.597435748366436,12.402564251633564
5376,2,2026-08-17,Night,20,43.154416133328745,-23.154416133328745
5377,3,2026-08-17,Morning,10,34.99874549297099,-24.99874549297099
5378,3,2026-08-17,Afternoon,8,40.601323148470364,-32.601323148470364
5379,3,2026-08-17,Night,31,34.08416190148634,-3.0841619014863397
5380,4,2026-08-17,Morning,42,44.89387921423022,-2.8938792142302177
5381,4,2026-08-17,Afternoon,51,47.273074300049494,3.726925699950506
5382,4,2026-08-17,Night,28,41.14777053976716,-13.147770539767158
5383,5,2026-08-17,Morning,32,39.60573708183504,-7.605737081835038
5384,5,2026-08-17,Afternoon,49,43.02557208376826,5.97442791623174
5385,5,2026-08-17,Night,29,42.341820028599855,-13.341820028599855
5386,1,2026-08-18,Morning,50,45.20404266627489,4.795957333725113
5387,1,2026-08-18,Afternoon,47,42.446364581954455,4.553635418045545
5388,1,2026-08-18,Night,34,41.81858930862115,-7.818589308621149
5389,2,2026-08-18,Morning,11,41.552524526078784,-30.552524526078784
5390,2,2026-08-18,Afternoon,70,42.2367752132052,27.7632247867948
5391,2,2026-08-18,Night,12,34.66945225597549,-22.669452255975493
5392,3,2026-08-18,Morning,44,32.73901597606236,11.260984023937638
5393,3,2026-08-18,Afternoon,22,32.786383376605485,-10.786383376605485
5394,3,2026-08-18,Night,57,37.60105191224794,19.39894808775206
5395,4,2026-08-18,Morning,13,45.91743105050537,-32.91743105050537
5396,4,2026-08-18,Afternoon,61,47.34644792352313,13.65355207647687
5397,4,2026-08-18,Night,46,46.60392331429383,-0.6039233142938301
5398,5,2026-08-18,Morning,39,39.61497863033126,-0.6149786303312581
5399,5,2026-08-18,Afternoon,66,38.14141906683057,27.858580933169428
5400,5,2026-08-18,Night,48,41.26380773145429,6.736192268545707
5401,1,2026-08-19,Morning,61,43.623366784009946,17.376633215990054
5402,1,2026-08-19,Afternoon,18,41.12425736758531,-23.124257367585308
5403,1,2026-08-19,Night,31,42.562574301176895,-11.562574301176895
5404,2,2026-08-19,Morning,55,40.11970368818466,14.880296311815343
5405,2,2026-08-19,Afternoon,13,43.684514508465206,-30.684514508465206
5406,2,2026-08-19,Night,9,42.30948452881472,-33.30948452881472
5407,3,2026-08-19,Morning,27,37.90180423288108,-10.901804232881076
5408,3,2026-08-19,Afternoon,21,37.35502660222587,-16.35502660222587
5409,3,2026-08-19,Night,64,38.892474424162074,25.107525575837926
5410,4,2026-08-19,Morning,84,40.67912398491225,43.32087601508775
5411,4,2026-08-19,Afternoon,41,44.28529995196721,-3.285299951967211
5412,4,2026-08-19,Night,61,45.36791732113237,15.632082678867633
5413,5,2026-08-19,Morning,14,37.36713034859611,-23.367130348596113
5414,5,2026-08-19,Afternoon,13,41.75099787278915,-28.75099787278915
5415,5,2026-08-19,Night,60,40.91685727272341,19.083142727276588
5416,1,2026-08-20,Morning,39,38.099811553461365,0.9001884465386354
5417,1,2026-08-20,Afternoon,44,39.351153017178355,4.648846982821645
5418,1,2026-08-20,Night,27,41.9891910243249,-14.989191024324903
5419,2,2026-08-20,Morning,16,41.65107065745194,-25.65107065745194
5420,2,2026-08-20,Afternoon,22,41.94871600711428,-19.948716007114278
5421,2,2026-08-20,Night,58,42.141344131260915,15.858655868739085
5422,3,2026-08-20,Morning,58,35.37876966852963,22.62123033147037
5423,3,2026-08-20,Afternoon,54,38.01374346749794,15.986256532502061
5424,3,2026-08-20,Night,39,28.10222523956916,10.897774760430838
5425,4,2026-08-20,Morning,31,48.261067946708565,-17.261067946708565
5426,4,2026-08-20,Afternoon,50,38.27989491011849,11.720105089881507
5427,4,2026-08-20,Night,81,40.692299035563586,40.307700964436414
5428,5,2026-08-20,Morning,36,40.93892763765047,-4.9389276376504725
5429,5,2026-08-20,Afternoon,58,38.699150998329124,19.300849001670876
5430,5,2026-08-20,Night,33,39.74780763381648,-6.747807633816478
5431,1,2026-08-21,Morning,49,43.26693615469876,5.733063845301238
5432,1,2026-08-21,Afternoon,17,43.81487913291804,-26.814879132918037
5433,1,2026-08-21,Night,31,42.09374838718211,-11.09374838718211
5434,2,2026-08-21,Morning,34,42.0954169568272,-8.0954169568272
5435,2,2026-08-21,Afternoon,52,41.530421905133274,10.469578094866726
5436,2,2026-08-21,Night,35,40.60095653789401,-5.600956537894007
5437,3,2026-08-21,Morning,20,35.06217520813464,-15.06217520813464
5438,3,2026-08-21,Afternoon,31,33.707920938000626,-2.707920938000626
5439,3,2026-08-21,Night,53,32.6931486692862,20.306851330713798
5440,4,2026-08-21,Morning,28,44.021333371055725,-16.021333371055725
5441,4,2026-08-21,Afternoon,71,40.16803942198873,30.83196057801127
5442,4,2026-08-21,Night,39,43.59598588955266,-4.595985889552658
5443,5,2026-08-21,Morning,42,37.77997152368938,4.220028476310617
5444,5,2026-08-21,Afternoon,47,37.47366145222368,9.52633854777632
5445,5,2026-08-21,Night,70,38.714979103459804,31.285020896540196
5446,1,2026-08-22,Morning,47,42.62982485163477,4.370175148365227
5447,1,2026-08-22,Afternoon,73,42.33388339587743,30.66611660412257
5448,1,2026-08-22,Night,25,38.45830321247322,-13.458303212473218
5449,2,2026-08-22,Morning,20,39.023926404043664,-19.023926404043664
5450,2,2026-08-22,Afternoon,54,41.341612697440496,12.658387302559504
5451,2,2026-08-22,Night,33,40.95865324370399,-7.958653243703992
5452,3,2026-08-22,Morning,26,34.26955706019649,-8.26955706019649
5453,3,2026-08-22,Afternoon,29,40.28771383876166,-11.287713838761661
5454,3,2026-08-22,Night,19,31.879508454495916,-12.879508454495916
5455,4,2026-08-22,Morning,19,43.54396204719339,-24.54396204719339
5456,4,2026-08-22,Afternoon,49,40.84337346537598,8.156626534624017
5457,4,2026-08-22,Night,65,43.44801013499549,21.551989865004508
5458,5,2026-08-22,Morning,16,40.7984318024774,-24.798431802477403
5459,5,2026-08-22,Afternoon,67,40.25726817977679,26.742731820223213
5460,5,2026-08-22,Night,71,42.012009974386416,28.987990025613584
5461,1,2026-08-23,Morning,21,43.50555163544064,-22.50555163544064
5462,1,2026-08-23,Afternoon,42,41.70439339731617,0.2956066026838329
5463,1,2026-08-23,Night,52,44.27949868037635,7.720501319623651
5464,2,2026-08-23,Morning,29,42.506723574130426,-13.506723574130426
5465,2,2026-08-23,Afternoon,40,40.42325729351678,-0.42325729351677666
5466,2,2026-08-23,Night,56,40.25270627204544,15.747293727954563
5467,3,2026-08-23,Morning,11,33.984077373794534,-22.984077373794534
5468,3,2026-08-23,Afternoon,18,34.257797219985115,-16.257797219985115
5469,3,2026-08-23,Night,23,30.615081399712285,-7.615081399712285
5470,4,2026-08-23,Morning,32,43.186188172778635,-11.186188172778635
5471,4,2026-08-23,Afternoon,61,44.33509665068755,16.664903349312453
5472,4,2026-08-23,Night,63,41.143007415140616,21.856992584859384
5473,5,2026-08-23,Morning,59,39.68229803326709,19.317701966732912
5474,5,2026-08-23,Afternoon,29,40.938787487887176,-11.938787487887176
5475,5,2026-08-23,Night,47,41.51536746947763,5.484632530522369
