machine_id,units_rejected,production_time_hours,target_quantity,total_defects,defect_type_count,quality_defect_rate_percent,total_downtime_hours,downtime_event_count,average_downtime_hours,available_hours,operating_hours,utilization_percent,sensor_value_mean,sensor_value_min,sensor_value_max,sensor_value_std,sensor_reading_count,maintenance_event_count,total_maintenance_downtime,average_maintenance_downtime,total_maintenance_cost,completed_maintenance_count,production_day,production_month,production_day_of_week,is_weekend,shift_encoded,previous_units_produced,previous_rejection_rate,rolling_3_production_avg,rolling_3_rejection_avg
1,48,8.0,1024,10,1,1.04,7.0600000000000005,4,1.76,720.0,712.94,99.02,36.48,1.31,76.56,33.65,180,2,6.74,3.37,12156.97,1,28,7,1,0,0,1008.0,4.18,973.67,4.67
1,47,8.0,988,7,1,0.72,7.0600000000000005,4,1.76,720.0,712.94,99.02,36.48,1.31,76.56,33.65,180,2,6.74,3.37,12156.97,1,25,7,5,1,2,910.0,1.19,915.33,3.35
1,36,8.0,987,12,1,1.18,7.0600000000000005,4,1.76,720.0,712.94,99.02,36.48,1.31,76.56,33.65,180,2,6.74,3.37,12156.97,1,11,8,1,0,0,926.0,5.41,955.67,3.31
2,41,8.0,923,8,1,0.82,15.49,6,2.58,720.0,704.51,97.85,35.47,1.6,75.4,32.86,180,2,6.7,3.35,10489.34,2,8,8,5,1,1,967.0,6.12,917.67,6.04
3,41,8.0,806,9,1,1.12,26.39,13,2.03,720.0,693.61,96.33,43.64,3.76,88.87,38.73,180,3,7.48,2.49,21011.44,3,12,8,2,0,0,740.0,1.86,761.33,4.58
1,60,8.0,998,14,1,1.34,7.0600000000000005,4,1.76,720.0,712.94,99.02,36.48,1.31,76.56,33.65,180,2,6.74,3.37,12156.97,1,30,7,3,0,1,899.0,7.13,941.0,4.45
1,75,8.0,1004,18,1,1.75,7.0600000000000005,4,1.76,720.0,712.94,99.02,36.48,1.31,76.56,33.65,180,2,6.74,3.37,12156.97,1,17,8,0,0,0,899.0,6.74,933.0,4.0
4,28,8.0,999,5,1,0.51,16.3,6,2.72,720.0,703.7,97.74,33.98,1.24,75.49,31.59,180,2,2.33,1.16,3939.47,2,1,8,5,1,1,974.0,4.7,1000.67,5.32
5,59,8.0,936,20,1,2.02,5.62,3,1.87,720.0,714.38,99.22,34.9,1.6,75.02,32.34,180,4,4.34,1.08,14428.55,2,4,8,1,0,1,979.0,2.78,907.0,3.23
5,54,8.0,957,12,1,1.25,5.62,3,1.87,720.0,714.38,99.22,34.9,1.6,75.02,32.34,180,4,4.34,1.08,14428.55,2,29,7,2,0,2,911.0,4.61,965.67,3.2
4,28,8.0,998,10,1,1.03,16.3,6,2.72,720.0,703.7,97.74,33.98,1.24,75.49,31.59,180,2,2.33,1.16,3939.47,2,20,7,0,0,1,903.0,2.9,903.0,2.9
2,63,8.0,913,13,1,1.41,15.49,6,2.58,720.0,704.51,97.85,35.47,1.6,75.4,32.86,180,2,6.7,3.35,10489.34,2,21,7,1,0,1,899.0,1.21,930.67,3.18
5,62,8.0,972,19,1,1.89,5.62,3,1.87,720.0,714.38,99.22,34.9,1.6,75.02,32.34,180,4,4.34,1.08,14428.55,2,31,7,4,0,0,890.0,1.44,916.33,4.08
4,38,8.0,1023,11,1,1.06,16.3,6,2.72,720.0,703.7,97.74,33.98,1.24,75.49,31.59,180,2,2.33,1.16,3939.47,2,29,7,2,0,2,975.0,7.14,976.33,3.82
2,41,8.0,910,15,1,1.66,15.49,6,2.58,720.0,704.51,97.85,35.47,1.6,75.4,32.86,180,2,6.7,3.35,10489.34,2,17,8,0,0,2,907.0,2.79,870.67,4.88
3,14,8.0,848,3,1,0.4,26.39,13,2.03,720.0,693.61,96.33,43.64,3.76,88.87,38.73,180,3,7.48,2.49,21011.44,3,11,8,1,0,2,711.0,5.07,773.0,4.68
3,21,8.0,803,6,1,0.81,26.39,13,2.03,720.0,693.61,96.33,43.64,3.76,88.87,38.73,180,3,7.48,2.49,21011.44,3,24,7,4,0,0,813.0,2.17,809.33,4.83
2,24,8.0,907,7,1,0.76,15.49,6,2.58,720.0,704.51,97.85,35.47,1.6,75.4,32.86,180,2,6.7,3.35,10489.34,2,24,7,4,0,2,910.0,7.14,897.67,6.56
5,53,8.0,937,12,1,1.15,5.62,3,1.87,720.0,714.38,99.22,34.9,1.6,75.02,32.34,180,4,4.34,1.08,14428.55,2,24,7,4,0,2,960.0,5.7,958.33,4.19
1,38,8.0,1021,12,1,1.23,7.0600000000000005,4,1.76,720.0,712.94,99.02,36.48,1.31,76.56,33.65,180,2,6.74,3.37,12156.97,1,21,7,1,0,2,925.0,5.42,939.67,2.94
1,14,8.0,987,3,1,0.32,7.0600000000000005,4,1.76,720.0,712.94,99.02,36.48,1.31,76.56,33.65,180,2,6.74,3.37,12156.97,1,4,8,1,0,0,962.0,5.78,949.67,2.97
4,67,8.0,987,23,1,2.24,16.3,6,2.72,720.0,703.7,97.74,33.98,1.24,75.49,31.59,180,2,2.33,1.16,3939.47,2,16,8,6,1,0,965.0,6.49,978.0,4.89
4,62,8.0,998,15,1,1.39,16.3,6,2.72,720.0,703.7,97.74,33.98,1.24,75.49,31.59,180,2,2.33,1.16,3939.47,2,31,7,4,0,2,1013.0,5.5,963.67,2.84
5,62,8.0,936,12,1,1.17,5.62,3,1.87,720.0,714.38,99.22,34.9,1.6,75.02,32.34,180,4,4.34,1.08,14428.55,2,1,8,5,1,1,976.0,6.06,926.33,6.05
4,24,8.0,999,8,1,0.82,16.3,6,2.72,720.0,703.7,97.74,33.98,1.24,75.49,31.59,180,2,2.33,1.16,3939.47,2,23,7,3,0,2,1018.0,6.78,1011.67,5.69
1,11,8.0,1028,3,1,0.33,7.0600000000000005,4,1.76,720.0,712.94,99.02,36.48,1.31,76.56,33.65,180,2,6.74,3.37,12156.97,1,25,7,5,1,1,893.0,4.49,923.0,4.02
5,10,8.0,972,2,1,0.22,5.62,3,1.87,720.0,714.38,99.22,34.9,1.6,75.02,32.34,180,4,4.34,1.08,14428.55,2,7,8,4,0,2,891.0,2.62,901.0,3.48
2,35,8.0,926,11,1,1.19,15.49,6,2.58,720.0,704.51,97.85,35.47,1.6,75.4,32.86,180,2,6.7,3.35,10489.34,2,1,8,5,1,0,893.0,7.17,902.0,5.22
4,25,8.0,979,6,1,0.57,16.3,6,2.72,720.0,703.7,97.74,33.98,1.24,75.49,31.59,180,2,2.33,1.16,3939.47,2,5,8,2,0,2,1005.0,5.55,1010.0,4.32
1,20,8.0,974,6,1,0.62,7.0600000000000005,4,1.76,720.0,712.94,99.02,36.48,1.31,76.56,33.65,180,2,6.74,3.37,12156.97,1,21,7,1,0,0,940.0,1.36,951.0,3.98
1,69,8.0,1013,15,1,1.44,7.0600000000000005,4,1.76,720.0,712.94,99.02,36.48,1.31,76.56,33.65,180,2,6.74,3.37,12156.97,1,26,7,6,1,0,927.0,4.83,910.0,3.5
2,44,8.0,911,10,1,1.14,15.49,6,2.58,720.0,704.51,97.85,35.47,1.6,75.4,32.86,180,2,6.7,3.35,10489.34,2,16,8,6,1,2,941.0,3.49,923.33,2.87
1,36,8.0,1030,11,1,1.11,7.0600000000000005,4,1.76,720.0,712.94,99.02,36.48,1.31,76.56,33.65,180,2,6.74,3.37,12156.97,1,9,8,6,1,0,906.0,6.69,907.67,3.85
3,62,8.0,786,15,1,1.72,26.39,13,2.03,720.0,693.61,96.33,43.64,3.76,88.87,38.73,180,3,7.48,2.49,21011.44,3,1,8,5,1,2,800.0,6.76,809.0,4.32
3,16,8.0,803,2,1,0.25,26.39,13,2.03,720.0,693.61,96.33,43.64,3.76,88.87,38.73,180,3,7.48,2.49,21011.44,3,4,8,1,0,2,847.0,7.33,840.0,6.32
4,64,8.0,1023,24,1,2.19,16.3,6,2.72,720.0,703.7,97.74,33.98,1.24,75.49,31.59,180,2,2.33,1.16,3939.47,2,7,8,4,0,0,958.0,2.15,984.33,3.2
1,18,8.0,1001,6,1,0.62,7.0600000000000005,4,1.76,720.0,712.94,99.02,36.48,1.31,76.56,33.65,180,2,6.74,3.37,12156.97,1,10,8,0,0,0,940.0,7.21,935.67,6.05
2,18,8.0,885,4,1,0.45,15.49,6,2.58,720.0,704.51,97.85,35.47,1.6,75.4,32.86,180,2,6.7,3.35,10489.34,2,26,7,6,1,2,911.0,0.98,894.33,4.92
4,43,8.0,989,11,1,1.06,16.3,6,2.72,720.0,703.7,97.74,33.98,1.24,75.49,31.59,180,2,2.33,1.16,3939.47,2,24,7,4,0,2,972.0,1.92,1000.33,2.39
3,12,8.0,815,1,1,0.13,26.39,13,2.03,720.0,693.61,96.33,43.64,3.76,88.87,38.73,180,3,7.48,2.49,21011.44,3,2,8,6,1,1,779.0,6.26,797.0,6.7
1,46,8.0,1005,7,1,0.67,7.0600000000000005,4,1.76,720.0,712.94,99.02,36.48,1.31,76.56,33.65,180,2,6.74,3.37,12156.97,1,29,7,2,0,2,931.0,1.79,919.33,4.39
4,75,8.0,985,16,1,1.52,16.3,6,2.72,720.0,703.7,97.74,33.98,1.24,75.49,31.59,180,2,2.33,1.16,3939.47,2,29,7,2,0,1,948.0,1.15,990.67,3.67
4,68,8.0,1030,12,1,1.11,16.3,6,2.72,720.0,703.7,97.74,33.98,1.24,75.49,31.59,180,2,2.33,1.16,3939.47,2,25,7,5,1,0,992.0,4.15,1014.0,2.96
1,67,8.0,1007,16,1,1.57,7.0600000000000005,4,1.76,720.0,712.94,99.02,36.48,1.31,76.56,33.65,180,2,6.74,3.37,12156.97,1,28,7,1,0,2,956.0,7.27,959.33,5.48
1,73,8.0,982,25,1,2.48,7.0600000000000005,4,1.76,720.0,712.94,99.02,36.48,1.31,76.56,33.65,180,2,6.74,3.37,12156.97,1,22,7,2,0,1,962.0,1.43,941.67,3.58
5,34,8.0,916,11,1,1.23,5.62,3,1.87,720.0,714.38,99.22,34.9,1.6,75.02,32.34,180,4,4.34,1.08,14428.55,2,5,8,2,0,1,972.0,3.57,944.33,5.51
2,66,8.0,884,16,1,1.64,15.49,6,2.58,720.0,704.51,97.85,35.47,1.6,75.4,32.86,180,2,6.7,3.35,10489.34,2,26,7,6,1,0,863.0,7.0,867.33,4.79
3,56,8.0,808,18,1,2.09,26.39,13,2.03,720.0,693.61,96.33,43.64,3.76,88.87,38.73,180,3,7.48,2.49,21011.44,3,5,8,2,0,1,862.0,4.43,830.0,4.59
5,19,8.0,948,3,1,0.31,5.62,3,1.87,720.0,714.38,99.22,34.9,1.6,75.02,32.34,180,4,4.34,1.08,14428.55,2,9,8,6,1,0,910.0,2.88,921.67,2.34
2,14,8.0,903,5,1,0.53,15.49,6,2.58,720.0,704.51,97.85,35.47,1.6,75.4,32.86,180,2,6.7,3.35,10489.34,2,29,7,2,0,1,871.0,5.02,918.67,3.76
2,52,8.0,892,15,1,1.66,15.49,6,2.58,720.0,704.51,97.85,35.47,1.6,75.4,32.86,180,2,6.7,3.35,10489.34,2,28,7,1,0,0,857.0,6.95,882.33,3.64
5,71,8.0,925,14,1,1.36,5.62,3,1.87,720.0,714.38,99.22,34.9,1.6,75.02,32.34,180,4,4.34,1.08,14428.55,2,12,8,2,0,2,934.0,5.47,916.67,5.46
2,62,8.0,918,22,1,2.23,15.49,6,2.58,720.0,704.51,97.85,35.47,1.6,75.4,32.86,180,2,6.7,3.35,10489.34,2,10,8,0,0,2,957.0,3.72,936.0,4.36
4,51,8.0,996,18,1,1.74,16.3,6,2.72,720.0,703.7,97.74,33.98,1.24,75.49,31.59,180,2,2.33,1.16,3939.47,2,9,8,6,1,2,914.0,1.72,946.67,2.36
4,9,8.0,971,2,1,0.21,16.3,6,2.72,720.0,703.7,97.74,33.98,1.24,75.49,31.59,180,2,2.33,1.16,3939.47,2,13,8,3,0,0,991.0,4.34,979.33,5.14
2,37,8.0,860,7,1,0.7,15.49,6,2.58,720.0,704.51,97.85,35.47,1.6,75.4,32.86,180,2,6.7,3.35,10489.34,2,10,8,0,0,1,921.0,4.06,909.0,3.83
2,34,8.0,895,6,1,0.62,15.49,6,2.58,720.0,704.51,97.85,35.47,1.6,75.4,32.86,180,2,6.7,3.35,10489.34,2,16,8,6,1,1,879.0,2.66,922.0,2.09
5,41,8.0,967,12,1,1.24,5.62,3,1.87,720.0,714.38,99.22,34.9,1.6,75.02,32.34,180,4,4.34,1.08,14428.55,2,2,8,6,1,2,964.0,1.73,938.0,2.59
2,35,8.0,875,6,1,0.69,15.49,6,2.58,720.0,704.51,97.85,35.47,1.6,75.4,32.86,180,2,6.7,3.35,10489.34,2,6,8,3,0,0,951.0,5.37,903.0,4.16
5,17,8.0,980,4,1,0.41,5.62,3,1.87,720.0,714.38,99.22,34.9,1.6,75.02,32.34,180,4,4.34,1.08,14428.55,2,2,8,6,1,1,921.0,4.66,937.0,4.03
5,20,8.0,918,4,1,0.43,5.62,3,1.87,720.0,714.38,99.22,34.9,1.6,75.02,32.34,180,4,4.34,1.08,14428.55,2,8,8,5,1,1,952.0,1.96,914.0,1.89
2,33,8.0,905,8,1,0.89,15.49,6,2.58,720.0,704.51,97.85,35.47,1.6,75.4,32.86,180,2,6.7,3.35,10489.34,2,15,8,5,1,0,889.0,1.55,935.67,2.63
3,61,8.0,803,12,1,1.34,26.39,13,2.03,720.0,693.61,96.33,43.64,3.76,88.87,38.73,180,3,7.48,2.49,21011.44,3,11,8,1,0,0,775.0,2.15,793.33,5.43
2,9,8.0,872,2,1,0.22,15.49,6,2.58,720.0,704.51,97.85,35.47,1.6,75.4,32.86,180,2,6.7,3.35,10489.34,2,26,7,6,1,1,909.0,6.77,891.33,5.31
3,21,8.0,835,3,1,0.36,26.39,13,2.03,720.0,693.61,96.33,43.64,3.76,88.87,38.73,180,3,7.48,2.49,21011.44,3,26,7,6,1,1,874.0,5.21,809.67,6.25
2,59,8.0,909,11,1,1.15,15.49,6,2.58,720.0,704.51,97.85,35.47,1.6,75.4,32.86,180,2,6.7,3.35,10489.34,2,7,8,4,0,1,908.0,6.87,874.0,6.41
5,46,8.0,940,8,1,0.79,5.62,3,1.87,720.0,714.38,99.22,34.9,1.6,75.02,32.34,180,4,4.34,1.08,14428.55,2,21,7,1,0,2,911.0,2.88,912.0,3.52
2,52,8.0,941,16,1,1.63,15.49,6,2.58,720.0,704.51,97.85,35.47,1.6,75.4,32.86,180,2,6.7,3.35,10489.34,2,9,8,6,1,2,876.0,2.12,880.67,4.49
5,42,8.0,957,12,1,1.25,5.62,3,1.87,720.0,714.38,99.22,34.9,1.6,75.02,32.34,180,4,4.34,1.08,14428.55,2,5,8,2,0,2,859.0,3.81,920.67,4.79
3,10,8.0,809,2,1,0.25,26.39,13,2.03,720.0,693.61,96.33,43.64,3.76,88.87,38.73,180,3,7.48,2.49,21011.44,3,24,7,4,0,1,723.0,2.82,790.67,3.72
1,65,8.0,1018,10,1,1.04,7.0600000000000005,4,1.76,720.0,712.94,99.02,36.48,1.31,76.56,33.65,180,2,6.74,3.37,12156.97,1,16,8,6,1,2,963.0,3.8,931.0,3.49
3,57,8.0,804,19,1,2.3,26.39,13,2.03,720.0,693.61,96.33,43.64,3.76,88.87,38.73,180,3,7.48,2.49,21011.44,3,25,7,5,1,1,861.0,1.82,820.33,1.43
3,27,8.0,788,9,1,1.12,26.39,13,2.03,720.0,693.61,96.33,43.64,3.76,88.87,38.73,180,3,7.48,2.49,21011.44,3,7,8,4,0,0,762.0,3.3,790.67,2.68
1,76,8.0,994,17,1,1.56,7.0600000000000005,4,1.76,720.0,712.94,99.02,36.48,1.31,76.56,33.65,180,2,6.74,3.37,12156.97,1,13,8,3,0,2,968.0,4.91,938.33,5.38
5,28,8.0,953,6,1,0.6,5.62,3,1.87,720.0,714.38,99.22,34.9,1.6,75.02,32.34,180,4,4.34,1.08,14428.55,2,4,8,1,0,0,845.0,4.74,919.67,3.23
4,42,8.0,1008,8,1,0.73,16.3,6,2.72,720.0,703.7,97.74,33.98,1.24,75.49,31.59,180,2,2.33,1.16,3939.47,2,18,8,1,0,1,978.0,5.42,937.33,3.68
5,9,8.0,981,3,1,0.32,5.62,3,1.87,720.0,714.38,99.22,34.9,1.6,75.02,32.34,180,4,4.34,1.08,14428.55,2,23,7,3,0,1,916.0,3.78,916.0,4.28
2,43,8.0,891,6,1,0.64,15.49,6,2.58,720.0,704.51,97.85,35.47,1.6,75.4,32.86,180,2,6.7,3.35,10489.34,2,29,7,2,0,2,927.0,1.49,913.33,3.13
3,22,8.0,806,7,1,0.84,26.39,13,2.03,720.0,693.61,96.33,43.64,3.76,88.87,38.73,180,3,7.48,2.49,21011.44,3,12,8,2,0,1,763.0,5.1,738.0,4.01
3,42,8.0,785,6,1,0.7,26.39,13,2.03,720.0,693.61,96.33,43.64,3.76,88.87,38.73,180,3,7.48,2.49,21011.44,3,17,8,0,0,2,818.0,0.97,842.0,3.45
5,51,8.0,952,18,1,1.93,5.62,3,1.87,720.0,714.38,99.22,34.9,1.6,75.02,32.34,180,4,4.34,1.08,14428.55,2,27,7,0,0,2,938.0,6.94,911.0,5.57
4,38,8.0,1034,6,1,0.59,16.3,6,2.72,720.0,703.7,97.74,33.98,1.24,75.49,31.59,180,2,2.33,1.16,3939.47,2,4,8,1,0,2,1034.0,6.43,964.67,6.78
3,21,8.0,802,6,1,0.81,26.39,13,2.03,720.0,693.61,96.33,43.64,3.76,88.87,38.73,180,3,7.48,2.49,21011.44,3,16,8,6,1,1,824.0,3.63,785.67,3.52
4,61,8.0,999,11,1,1.09,16.3,6,2.72,720.0,703.7,97.74,33.98,1.24,75.49,31.59,180,2,2.33,1.16,3939.47,2,2,8,6,1,2,923.0,7.05,969.33,5.48
5,24,8.0,961,5,1,0.56,5.62,3,1.87,720.0,714.38,99.22,34.9,1.6,75.02,32.34,180,4,4.34,1.08,14428.55,2,16,8,6,1,2,942.0,5.14,943.67,2.41
5,61,8.0,967,10,1,1.07,5.62,3,1.87,720.0,714.38,99.22,34.9,1.6,75.02,32.34,180,4,4.34,1.08,14428.55,2,30,7,3,0,1,987.0,4.27,933.67,4.84
4,58,8.0,980,13,1,1.26,16.3,6,2.72,720.0,703.7,97.74,33.98,1.24,75.49,31.59,180,2,2.33,1.16,3939.47,2,15,8,5,1,1,999.0,2.54,983.67,3.14
1,34,8.0,1011,8,1,0.81,7.0600000000000005,4,1.76,720.0,712.94,99.02,36.48,1.31,76.56,33.65,180,2,6.74,3.37,12156.97,1,1,8,5,1,0,934.0,4.69,951.33,5.64
2,15,8.0,899,2,1,0.23,15.49,6,2.58,720.0,704.51,97.85,35.47,1.6,75.4,32.86,180,2,6.7,3.35,10489.34,2,5,8,2,0,1,920.0,5.35,895.33,6.2
5,51,8.0,953,11,1,1.14,5.62,3,1.87,720.0,714.38,99.22,34.9,1.6,75.02,32.34,180,4,4.34,1.08,14428.55,2,15,8,5,1,0,990.0,3.88,939.0,3.22
3,16,8.0,812,3,1,0.34,26.39,13,2.03,720.0,693.61,96.33,43.64,3.76,88.87,38.73,180,3,7.48,2.49,21011.44,3,25,7,5,1,0,802.0,1.23,774.33,1.76
3,31,8.0,800,12,1,1.37,26.39,13,2.03,720.0,693.61,96.33,43.64,3.76,88.87,38.73,180,3,7.48,2.49,21011.44,3,13,8,3,0,1,802.0,4.86,831.0,3.57
5,37,8.0,949,14,1,1.56,5.62,3,1.87,720.0,714.38,99.22,34.9,1.6,75.02,32.34,180,4,4.34,1.08,14428.55,2,9,8,6,1,1,955.0,1.95,922.67,2.33
1,65,8.0,977,15,1,1.54,7.0600000000000005,4,1.76,720.0,712.94,99.02,36.48,1.31,76.56,33.65,180,2,6.74,3.37,12156.97,1,8,8,5,1,2,924.0,1.7,913.0,3.81
2,27,8.0,911,9,1,0.95,15.49,6,2.58,720.0,704.51,97.85,35.47,1.6,75.4,32.86,180,2,6.7,3.35,10489.34,2,27,7,0,0,0,871.0,2.02,897.0,3.26
3,47,8.0,821,14,1,1.83,26.39,13,2.03,720.0,693.61,96.33,43.64,3.76,88.87,38.73,180,3,7.48,2.49,21011.44,3,29,7,2,0,1,773.0,5.15,804.33,6.05
4,12,8.0,988,2,1,0.21,16.3,6,2.72,720.0,703.7,97.74,33.98,1.24,75.49,31.59,180,2,2.33,1.16,3939.47,2,30,7,3,0,2,1045.0,5.09,994.67,4.18
1,14,8.0,1025,2,1,0.2,7.0600000000000005,4,1.76,720.0,712.94,99.02,36.48,1.31,76.56,33.65,180,2,6.74,3.37,12156.97,1,22,7,2,0,0,938.0,3.89,939.0,3.79
4,21,8.0,996,5,1,0.51,16.3,6,2.72,720.0,703.7,97.74,33.98,1.24,75.49,31.59,180,2,2.33,1.16,3939.47,2,6,8,3,0,2,1018.0,2.12,1009.67,3.27
5,68,8.0,942,20,1,1.99,5.62,3,1.87,720.0,714.38,99.22,34.9,1.6,75.02,32.34,180,4,4.34,1.08,14428.55,2,25,7,5,1,0,986.0,5.1,973.67,4.43
2,70,8.0,909,22,1,2.12,15.49,6,2.58,720.0,704.51,97.85,35.47,1.6,75.4,32.86,180,2,6.7,3.35,10489.34,2,11,8,1,0,2,900.0,2.49,894.0,3.91
2,60,8.0,893,20,1,2.17,15.49,6,2.58,720.0,704.51,97.85,35.47,1.6,75.4,32.86,180,2,6.7,3.35,10489.34,2,9,8,6,1,0,903.0,4.85,935.0,5.06
2,56,8.0,886,11,1,1.13,15.49,6,2.58,720.0,704.51,97.85,35.47,1.6,75.4,32.86,180,2,6.7,3.35,10489.34,2,18,8,1,0,0,860.0,4.55,878.33,4.74
3,58,8.0,818,11,1,1.37,26.39,13,2.03,720.0,693.61,96.33,43.64,3.76,88.87,38.73,180,3,7.48,2.49,21011.44,3,21,7,1,0,1,751.0,4.33,793.67,3.43
1,30,8.0,991,5,1,0.51,7.0600000000000005,4,1.76,720.0,712.94,99.02,36.48,1.31,76.56,33.65,180,2,6.74,3.37,12156.97,1,23,7,3,0,1,1012.0,3.8,956.0,4.01
3,17,8.0,742,3,1,0.38,26.39,13,2.03,720.0,693.61,96.33,43.64,3.76,88.87,38.73,180,3,7.48,2.49,21011.44,3,10,8,0,0,2,814.0,6.97,792.67,5.75
2,70,8.0,877,25,1,2.55,15.49,6,2.58,720.0,704.51,97.85,35.47,1.6,75.4,32.86,180,2,6.7,3.35,10489.34,2,24,7,4,0,1,916.0,5.57,899.0,6.14
1,14,8.0,968,2,1,0.21,7.0600000000000005,4,1.76,720.0,712.94,99.02,36.48,1.31,76.56,33.65,180,2,6.74,3.37,12156.97,1,16,8,6,1,0,893.0,5.2,919.67,3.1
1,68,8.0,1012,23,1,2.21,7.0600000000000005,4,1.76,720.0,712.94,99.02,36.48,1.31,76.56,33.65,180,2,6.74,3.37,12156.97,1,1,8,5,1,2,954.0,6.01,945.67,4.72
4,74,8.0,984,22,1,2.01,16.3,6,2.72,720.0,703.7,97.74,33.98,1.24,75.49,31.59,180,2,2.33,1.16,3939.47,2,23,7,3,0,1,983.0,6.2,1009.67,5.64
2,14,8.0,919,3,1,0.33,15.49,6,2.58,720.0,704.51,97.85,35.47,1.6,75.4,32.86,180,2,6.7,3.35,10489.34,2,14,8,4,0,2,945.0,5.31,937.33,4.24
5,30,8.0,964,10,1,1.07,5.62,3,1.87,720.0,714.38,99.22,34.9,1.6,75.02,32.34,180,4,4.34,1.08,14428.55,2,9,8,6,1,2,863.0,4.11,909.33,2.98
4,67,8.0,998,25,1,2.29,16.3,6,2.72,720.0,703.7,97.74,33.98,1.24,75.49,31.59,180,2,2.33,1.16,3939.47,2,11,8,1,0,0,993.0,2.26,983.0,4.48
3,48,8.0,799,11,1,1.19,26.39,13,2.03,720.0,693.61,96.33,43.64,3.76,88.87,38.73,180,3,7.48,2.49,21011.44,3,26,7,6,1,0,787.0,6.64,805.33,5.12
5,13,8.0,963,4,1,0.44,5.62,3,1.87,720.0,714.38,99.22,34.9,1.6,75.02,32.34,180,4,4.34,1.08,14428.55,2,30,7,3,0,2,872.0,6.54,920.67,5.48
5,42,8.0,954,10,1,1.04,5.62,3,1.87,720.0,714.38,99.22,34.9,1.6,75.02,32.34,180,4,4.34,1.08,14428.55,2,20,7,0,0,1,988.0,2.27,988.0,2.27
3,23,8.0,779,6,1,0.72,26.39,13,2.03,720.0,693.61,96.33,43.64,3.76,88.87,38.73,180,3,7.48,2.49,21011.44,3,29,7,2,0,2,718.0,6.14,770.33,5.82
3,10,8.0,805,2,1,0.25,26.39,13,2.03,720.0,693.61,96.33,43.64,3.76,88.87,38.73,180,3,7.48,2.49,21011.44,3,24,7,4,0,2,798.0,1.24,778.0,2.08
1,42,8.0,1024,15,1,1.45,7.0600000000000005,4,1.76,720.0,712.94,99.02,36.48,1.31,76.56,33.65,180,2,6.74,3.37,12156.97,1,18,8,1,0,2,910.0,4.71,910.33,3.04
3,61,8.0,819,21,1,2.4,26.39,13,2.03,720.0,693.61,96.33,43.64,3.76,88.87,38.73,180,3,7.48,2.49,21011.44,3,10,8,0,0,1,791.0,7.16,798.0,4.37
2,67,8.0,896,10,1,1.08,15.49,6,2.58,720.0,704.51,97.85,35.47,1.6,75.4,32.86,180,2,6.7,3.35,10489.34,2,13,8,3,0,1,879.0,6.89,889.67,4.84
3,28,8.0,809,6,1,0.73,26.39,13,2.03,720.0,693.61,96.33,43.64,3.76,88.87,38.73,180,3,7.48,2.49,21011.44,3,8,8,5,1,2,758.0,2.82,754.0,4.21
2,63,8.0,874,16,1,1.55,15.49,6,2.58,720.0,704.51,97.85,35.47,1.6,75.4,32.86,180,2,6.7,3.35,10489.34,2,8,8,5,1,0,891.0,5.81,898.0,6.29
1,13,8.0,1003,3,1,0.31,7.0600000000000005,4,1.76,720.0,712.94,99.02,36.48,1.31,76.56,33.65,180,2,6.74,3.37,12156.97,1,20,7,0,0,2,944.0,4.84,956.5,5.29
2,72,8.0,912,18,1,1.8,15.49,6,2.58,720.0,704.51,97.85,35.47,1.6,75.4,32.86,180,2,6.7,3.35,10489.34,2,20,7,0,0,2,963.0,1.13,926.5,3.82
5,23,8.0,958,8,1,0.79,5.62,3,1.87,720.0,714.38,99.22,34.9,1.6,75.02,32.34,180,4,4.34,1.08,14428.55,2,20,7,0,0,0,0.0,0.0,0.0,0.0
1,66,8.0,977,11,1,1.1,7.0600000000000005,4,1.76,720.0,712.94,99.02,36.48,1.31,76.56,33.65,180,2,6.74,3.37,12156.97,1,12,8,2,0,0,868.0,3.98,929.33,4.57
3,60,8.0,793,18,1,2.21,26.39,13,2.03,720.0,693.61,96.33,43.64,3.76,88.87,38.73,180,3,7.48,2.49,21011.44,3,14,8,4,0,0,793.0,6.15,812.67,4.85
2,40,8.0,869,13,1,1.3,15.49,6,2.58,720.0,704.51,97.85,35.47,1.6,75.4,32.86,180,2,6.7,3.35,10489.34,2,31,7,4,0,0,871.0,1.69,920.67,1.77
4,16,8.0,994,4,1,0.43,16.3,6,2.72,720.0,703.7,97.74,33.98,1.24,75.49,31.59,180,2,2.33,1.16,3939.47,2,9,8,6,1,1,1002.0,3.75,994.0,4.21
2,61,8.0,891,24,1,2.44,15.49,6,2.58,720.0,704.51,97.85,35.47,1.6,75.4,32.86,180,2,6.7,3.35,10489.34,2,22,7,2,0,0,932.0,3.02,896.0,3.69
2,44,8.0,904,15,1,1.74,15.49,6,2.58,720.0,704.51,97.85,35.47,1.6,75.4,32.86,180,2,6.7,3.35,10489.34,2,6,8,3,0,2,897.0,7.24,893.0,5.55
4,79,8.0,1009,17,1,1.52,16.3,6,2.72,720.0,703.7,97.74,33.98,1.24,75.49,31.59,180,2,2.33,1.16,3939.47,2,12,8,2,0,1,908.0,4.02,994.33,5.59
4,55,8.0,1021,19,1,1.84,16.3,6,2.72,720.0,703.7,97.74,33.98,1.24,75.49,31.59,180,2,2.33,1.16,3939.47,2,6,8,3,0,0,1034.0,2.36,1029.67,3.86
3,47,8.0,806,16,1,1.97,26.39,13,2.03,720.0,693.61,96.33,43.64,3.76,88.87,38.73,180,3,7.48,2.49,21011.44,3,8,8,5,1,0,739.0,4.03,764.33,3.86
2,60,8.0,928,22,1,2.2,15.49,6,2.58,720.0,704.51,97.85,35.47,1.6,75.4,32.86,180,2,6.7,3.35,10489.34,2,22,7,2,0,1,924.0,6.19,904.33,5.35
4,36,8.0,991,5,1,0.49,16.3,6,2.72,720.0,703.7,97.74,33.98,1.24,75.49,31.59,180,2,2.33,1.16,3939.47,2,21,7,1,0,2,986.0,2.28,995.67,2.42
1,36,8.0,996,11,1,1.22,7.0600000000000005,4,1.76,720.0,712.94,99.02,36.48,1.31,76.56,33.65,180,2,6.74,3.37,12156.97,1,11,8,1,0,2,936.0,6.21,948.67,5.05
1,44,8.0,1036,12,1,1.14,7.0600000000000005,4,1.76,720.0,712.94,99.02,36.48,1.31,76.56,33.65,180,2,6.74,3.37,12156.97,1,27,7,0,0,2,950.0,4.71,945.0,3.95
1,61,8.0,1008,17,1,1.67,7.0600000000000005,4,1.76,720.0,712.94,99.02,36.48,1.31,76.56,33.65,180,2,6.74,3.37,12156.97,1,1,8,5,1,1,949.0,3.46,945.0,5.06
2,67,8.0,907,10,1,1.03,15.49,6,2.58,720.0,704.51,97.85,35.47,1.6,75.4,32.86,180,2,6.7,3.35,10489.34,2,7,8,4,0,0,817.0,5.11,848.33,5.46
2,15,8.0,856,5,1,0.56,15.49,6,2.58,720.0,704.51,97.85,35.47,1.6,75.4,32.86,180,2,6.7,3.35,10489.34,2,30,7,3,0,2,950.0,1.04,930.67,2.73
3,34,8.0,800,7,1,0.89,26.39,13,2.03,720.0,693.61,96.33,43.64,3.76,88.87,38.73,180,3,7.48,2.49,21011.44,3,21,7,1,0,0,809.0,3.8,803.67,2.69
3,8,8.0,816,1,1,0.13,26.39,13,2.03,720.0,693.61,96.33,43.64,3.76,88.87,38.73,180,3,7.48,2.49,21011.44,3,27,7,0,0,1,819.0,7.04,799.33,4.2
3,32,8.0,816,11,1,1.31,26.39,13,2.03,720.0,693.61,96.33,43.64,3.76,88.87,38.73,180,3,7.48,2.49,21011.44,3,20,7,0,0,2,821.0,2.15,801.0,2.14
1,62,8.0,1038,14,1,1.4,7.0600000000000005,4,1.76,720.0,712.94,99.02,36.48,1.31,76.56,33.65,180,2,6.74,3.37,12156.97,1,11,8,1,0,1,984.0,3.53,966.67,3.86
3,22,8.0,799,4,1,0.51,26.39,13,2.03,720.0,693.61,96.33,43.64,3.76,88.87,38.73,180,3,7.48,2.49,21011.44,3,8,8,5,1,1,765.0,5.79,760.0,4.67
4,35,8.0,966,5,1,0.49,16.3,6,2.72,720.0,703.7,97.74,33.98,1.24,75.49,31.59,180,2,2.33,1.16,3939.47,2,20,7,0,0,2,939.0,2.9,921.0,2.9
3,8,8.0,800,2,1,0.24,26.39,13,2.03,720.0,693.61,96.33,43.64,3.76,88.87,38.73,180,3,7.48,2.49,21011.44,3,17,8,0,0,1,841.0,2.32,808.0,4.08
4,69,8.0,1011,22,1,2.16,16.3,6,2.72,720.0,703.7,97.74,33.98,1.24,75.49,31.59,180,2,2.33,1.16,3939.47,2,3,8,0,0,2,1066.0,4.82,1005.33,5.45
4,15,8.0,1019,3,1,0.32,16.3,6,2.72,720.0,703.7,97.74,33.98,1.24,75.49,31.59,180,2,2.33,1.16,3939.47,2,8,8,5,1,2,1056.0,7.29,1021.67,5.02
4,56,8.0,1012,20,1,1.93,16.3,6,2.72,720.0,703.7,97.74,33.98,1.24,75.49,31.59,180,2,2.33,1.16,3939.47,2,18,8,1,0,0,928.0,1.28,951.0,3.64
5,27,8.0,941,8,1,0.85,5.62,3,1.87,720.0,714.38,99.22,34.9,1.6,75.02,32.34,180,4,4.34,1.08,14428.55,2,8,8,5,1,2,903.0,2.17,918.0,1.74
2,69,8.0,899,12,1,1.25,15.49,6,2.58,720.0,704.51,97.85,35.47,1.6,75.4,32.86,180,2,6.7,3.35,10489.34,2,31,7,4,0,2,850.0,4.49,894.67,3.39
2,55,8.0,905,10,1,1.06,15.49,6,2.58,720.0,704.51,97.85,35.47,1.6,75.4,32.86,180,2,6.7,3.35,10489.34,2,7,8,4,0,2,895.0,6.18,873.33,6.05
4,48,8.0,1020,18,1,1.75,16.3,6,2.72,720.0,703.7,97.74,33.98,1.24,75.49,31.59,180,2,2.33,1.16,3939.47,2,14,8,4,0,2,974.0,2.21,958.0,3.81
5,36,8.0,954,12,1,1.26,5.62,3,1.87,720.0,714.38,99.22,34.9,1.6,75.02,32.34,180,4,4.34,1.08,14428.55,2,23,7,3,0,0,928.0,4.43,925.33,4.98
3,39,8.0,794,7,1,0.83,26.39,13,2.03,720.0,693.61,96.33,43.64,3.76,88.87,38.73,180,3,7.48,2.49,21011.44,3,3,8,0,0,1,808.0,1.46,799.33,3.4
3,40,8.0,834,9,1,1.0,26.39,13,2.03,720.0,693.61,96.33,43.64,3.76,88.87,38.73,180,3,7.48,2.49,21011.44,3,5,8,2,0,0,781.0,2.01,833.67,5.29
1,10,8.0,1002,2,1,0.21,7.0600000000000005,4,1.76,720.0,712.94,99.02,36.48,1.31,76.56,33.65,180,2,6.74,3.37,12156.97,1,17,8,0,0,2,942.0,4.46,932.33,6.16
5,26,8.0,1000,5,1,0.53,5.62,3,1.87,720.0,714.38,99.22,34.9,1.6,75.02,32.34,180,4,4.34,1.08,14428.55,2,26,7,6,1,0,961.0,3.32,946.0,4.43
3,52,8.0,815,11,1,1.32,26.39,13,2.03,720.0,693.61,96.33,43.64,3.76,88.87,38.73,180,3,7.48,2.49,21011.44,3,2,8,6,1,0,812.0,7.09,821.33,5.64
2,48,8.0,890,7,1,0.73,15.49,6,2.58,720.0,704.51,97.85,35.47,1.6,75.4,32.86,180,2,6.7,3.35,10489.34,2,2,8,6,1,0,932.0,6.8,918.67,4.09
5,24,8.0,939,8,1,0.87,5.62,3,1.87,720.0,714.38,99.22,34.9,1.6,75.02,32.34,180,4,4.34,1.08,14428.55,2,26,7,6,1,1,920.0,2.75,940.33,3.09
5,46,8.0,969,8,1,0.86,5.62,3,1.87,720.0,714.38,99.22,34.9,1.6,75.02,32.34,180,4,4.34,1.08,14428.55,2,12,8,2,0,0,932.0,5.95,913.0,4.77
5,24,8.0,972,8,1,0.86,5.62,3,1.87,720.0,714.38,99.22,34.9,1.6,75.02,32.34,180,4,4.34,1.08,14428.55,2,11,8,1,0,0,913.0,4.4,923.67,3.92
5,44,8.0,938,8,1,0.84,5.62,3,1.87,720.0,714.38,99.22,34.9,1.6,75.02,32.34,180,4,4.34,1.08,14428.55,2,29,7,2,0,1,964.0,2.13,968.67,2.05
5,31,8.0,955,12,1,1.24,5.62,3,1.87,720.0,714.38,99.22,34.9,1.6,75.02,32.34,180,4,4.34,1.08,14428.55,2,25,7,5,1,1,937.0,6.77,961.0,5.86
4,40,8.0,1002,6,1,0.55,16.3,6,2.72,720.0,703.7,97.74,33.98,1.24,75.49,31.59,180,2,2.33,1.16,3939.47,2,5,8,2,0,0,975.0,3.75,973.33,5.77
3,31,8.0,780,10,1,1.17,26.39,13,2.03,720.0,693.61,96.33,43.64,3.76,88.87,38.73,180,3,7.48,2.49,21011.44,3,16,8,6,1,0,779.0,5.23,787.0,2.67
4,59,8.0,1028,23,1,2.15,16.3,6,2.72,720.0,703.7,97.74,33.98,1.24,75.49,31.59,180,2,2.33,1.16,3939.47,2,31,7,4,0,1,956.0,1.75,974.33,2.71
2,10,8.0,892,2,1,0.23,15.49,6,2.58,720.0,704.51,97.85,35.47,1.6,75.4,32.86,180,2,6.7,3.35,10489.34,2,27,7,0,0,1,925.0,2.84,902.33,1.95
2,39,8.0,883,6,1,0.66,15.49,6,2.58,720.0,704.51,97.85,35.47,1.6,75.4,32.86,180,2,6.7,3.35,10489.34,2,18,8,1,0,2,907.0,2.37,895.33,4.22
4,23,8.0,990,7,1,0.69,16.3,6,2.72,720.0,703.7,97.74,33.98,1.24,75.49,31.59,180,2,2.33,1.16,3939.47,2,21,7,1,0,1,1009.0,1.56,980.0,2.62
5,44,8.0,978,7,1,0.74,5.62,3,1.87,720.0,714.38,99.22,34.9,1.6,75.02,32.34,180,4,4.34,1.08,14428.55,2,22,7,2,0,1,944.0,5.88,942.33,4.43
4,62,8.0,1014,10,1,0.84,16.3,6,2.72,720.0,703.7,97.74,33.98,1.24,75.49,31.59,180,2,2.33,1.16,3939.47,2,28,7,1,0,0,946.0,6.43,973.67,6.7
5,36,8.0,906,6,1,0.66,5.62,3,1.87,720.0,714.38,99.22,34.9,1.6,75.02,32.34,180,4,4.34,1.08,14428.55,2,13,8,3,0,1,878.0,5.79,923.67,6.05
4,22,8.0,999,6,1,0.58,16.3,6,2.72,720.0,703.7,97.74,33.98,1.24,75.49,31.59,180,2,2.33,1.16,3939.47,2,6,8,3,0,1,977.0,5.33,1005.33,4.41
3,26,8.0,790,8,1,1.02,26.39,13,2.03,720.0,693.61,96.33,43.64,3.76,88.87,38.73,180,3,7.48,2.49,21011.44,3,6,8,3,0,2,814.0,2.16,830.67,3.77
4,72,8.0,1001,24,1,2.21,16.3,6,2.72,720.0,703.7,97.74,33.98,1.24,75.49,31.59,180,2,2.33,1.16,3939.47,2,22,7,2,0,1,972.0,3.09,977.67,2.98
2,61,8.0,902,22,1,2.3,15.49,6,2.58,720.0,704.51,97.85,35.47,1.6,75.4,32.86,180,2,6.7,3.35,10489.34,2,13,8,3,0,2,860.0,7.23,889.67,6.6
2,62,8.0,912,10,1,1.02,15.49,6,2.58,720.0,704.51,97.85,35.47,1.6,75.4,32.86,180,2,6.7,3.35,10489.34,2,4,8,1,0,1,864.0,6.8,891.67,5.38
3,56,8.0,769,14,1,1.66,26.39,13,2.03,720.0,693.61,96.33,43.64,3.76,88.87,38.73,180,3,7.48,2.49,21011.44,3,25,7,5,1,2,768.0,6.91,810.33,3.32
3,9,8.0,784,1,1,0.12,26.39,13,2.03,720.0,693.61,96.33,43.64,3.76,88.87,38.73,180,3,7.48,2.49,21011.44,3,15,8,5,1,0,802.0,5.87,819.67,4.88
3,18,8.0,833,3,1,0.36,26.39,13,2.03,720.0,693.61,96.33,43.64,3.76,88.87,38.73,180,3,7.48,2.49,21011.44,3,6,8,3,0,1,796.0,2.57,827.33,5.22
2,33,8.0,900,8,1,0.82,15.49,6,2.58,720.0,704.51,97.85,35.47,1.6,75.4,32.86,180,2,6.7,3.35,10489.34,2,28,7,1,0,1,854.0,5.74,858.67,4.61
2,25,8.0,937,9,1,0.93,15.49,6,2.58,720.0,704.51,97.85,35.47,1.6,75.4,32.86,180,2,6.7,3.35,10489.34,2,30,7,3,0,0,901.0,4.56,899.67,3.69
3,43,8.0,835,16,1,1.9,26.39,13,2.03,720.0,693.61,96.33,43.64,3.76,88.87,38.73,180,3,7.48,2.49,21011.44,3,3,8,0,0,2,800.0,4.65,805.67,4.44
5,36,8.0,944,7,1,0.69,5.62,3,1.87,720.0,714.38,99.22,34.9,1.6,75.02,32.34,180,4,4.34,1.08,14428.55,2,5,8,2,0,0,931.0,6.99,946.67,5.25
4,56,8.0,1004,9,1,0.82,16.3,6,2.72,720.0,703.7,97.74,33.98,1.24,75.49,31.59,180,2,2.33,1.16,3939.47,2,30,7,3,0,1,939.0,3.79,971.33,4.86
2,16,8.0,903,6,1,0.63,15.49,6,2.58,720.0,704.51,97.85,35.47,1.6,75.4,32.86,180,2,6.7,3.35,10489.34,2,1,8,5,1,1,891.0,3.78,878.0,5.15
5,42,8.0,977,11,1,1.14,5.62,3,1.87,720.0,714.38,99.22,34.9,1.6,75.02,32.34,180,4,4.34,1.08,14428.55,2,14,8,4,0,1,908.0,1.41,901.67,2.42
2,65,8.0,888,22,1,2.37,15.49,6,2.58,720.0,704.51,97.85,35.47,1.6,75.4,32.86,180,2,6.7,3.35,10489.34,2,25,7,5,1,2,902.0,2.17,878.67,3.33
4,49,8.0,1041,18,1,1.74,16.3,6,2.72,720.0,703.7,97.74,33.98,1.24,75.49,31.59,180,2,2.33,1.16,3939.47,2,10,8,0,0,0,981.0,4.94,965.67,3.47
4,49,8.0,1023,9,1,0.86,16.3,6,2.72,720.0,703.7,97.74,33.98,1.24,75.49,31.59,180,2,2.33,1.16,3939.47,2,26,7,6,1,2,1018.0,5.3,981.33,4.23
2,26,8.0,895,8,1,0.87,15.49,6,2.58,720.0,704.51,97.85,35.47,1.6,75.4,32.86,180,2,6.7,3.35,10489.34,2,3,8,0,0,1,866.0,4.84,884.0,2.61
4,22,8.0,967,5,1,0.5,16.3,6,2.72,720.0,703.7,97.74,33.98,1.24,75.49,31.59,180,2,2.33,1.16,3939.47,2,14,8,4,0,1,987.0,2.37,946.33,4.56
1,59,8.0,1004,11,1,1.08,7.0600000000000005,4,1.76,720.0,712.94,99.02,36.48,1.31,76.56,33.65,180,2,6.74,3.37,12156.97,1,3,8,0,0,2,938.0,1.78,943.67,1.63
5,43,8.0,965,7,1,0.72,5.62,3,1.87,720.0,714.38,99.22,34.9,1.6,75.02,32.34,180,4,4.34,1.08,14428.55,2,7,8,4,0,0,888.0,3.37,903.67,2.41
1,53,8.0,998,14,1,1.43,7.0600000000000005,4,1.76,720.0,712.94,99.02,36.48,1.31,76.56,33.65,180,2,6.74,3.37,12156.97,1,10,8,0,0,2,990.0,2.65,960.33,3.91
4,19,8.0,987,3,1,0.3,16.3,6,2.72,720.0,703.7,97.74,33.98,1.24,75.49,31.59,180,2,2.33,1.16,3939.47,2,24,7,4,0,1,1078.0,2.8,1015.67,4.01
1,44,8.0,1027,10,1,1.01,7.0600000000000005,4,1.76,720.0,712.94,99.02,36.48,1.31,76.56,33.65,180,2,6.74,3.37,12156.97,1,17,8,0,0,1,956.0,7.27,939.33,5.94
3,25,8.0,820,4,1,0.5,26.39,13,2.03,720.0,693.61,96.33,43.64,3.76,88.87,38.73,180,3,7.48,2.49,21011.44,3,9,8,6,1,2,830.0,2.81,808.33,3.65
3,53,8.0,820,9,1,1.1,26.39,13,2.03,720.0,693.61,96.33,43.64,3.76,88.87,38.73,180,3,7.48,2.49,21011.44,3,22,7,2,0,0,807.0,5.94,768.0,5.83
2,58,8.0,906,14,1,1.48,15.49,6,2.58,720.0,704.51,97.85,35.47,1.6,75.4,32.86,180,2,6.7,3.35,10489.34,2,12,8,2,0,0,967.0,6.75,908.67,4.06
1,16,8.0,1019,5,1,0.55,7.0600000000000005,4,1.76,720.0,712.94,99.02,36.48,1.31,76.56,33.65,180,2,6.74,3.37,12156.97,1,24,7,4,0,0,938.0,4.29,967.67,3.71
1,46,8.0,978,15,1,1.53,7.0600000000000005,4,1.76,720.0,712.94,99.02,36.48,1.31,76.56,33.65,180,2,6.74,3.37,12156.97,1,31,7,4,0,2,952.0,7.03,984.67,5.31
1,17,8.0,998,2,1,0.21,7.0600000000000005,4,1.76,720.0,712.94,99.02,36.48,1.31,76.56,33.65,180,2,6.74,3.37,12156.97,1,29,7,2,0,1,875.0,4.79,927.67,6.21
2,24,8.0,898,6,1,0.62,15.49,6,2.58,720.0,704.51,97.85,35.47,1.6,75.4,32.86,180,2,6.7,3.35,10489.34,2,15,8,5,1,2,937.0,1.16,898.0,2.12
2,70,8.0,870,17,1,1.76,15.49,6,2.58,720.0,704.51,97.85,35.47,1.6,75.4,32.86,180,2,6.7,3.35,10489.34,2,6,8,3,0,1,831.0,4.04,873.33,3.72
5,67,8.0,940,26,1,2.62,5.62,3,1.87,720.0,714.38,99.22,34.9,1.6,75.02,32.34,180,4,4.34,1.08,14428.55,2,26,7,6,1,2,899.0,2.6,926.67,2.89
5,20,8.0,968,3,1,0.33,5.62,3,1.87,720.0,714.38,99.22,34.9,1.6,75.02,32.34,180,4,4.34,1.08,14428.55,2,3,8,0,0,1,1017.0,2.77,968.0,2.92
3,63,8.0,808,21,1,2.41,26.39,13,2.03,720.0,693.61,96.33,43.64,3.76,88.87,38.73,180,3,7.48,2.49,21011.44,3,2,8,6,1,2,781.0,1.51,790.67,4.95
2,29,8.0,900,9,1,0.94,15.49,6,2.58,720.0,704.51,97.85,35.47,1.6,75.4,32.86,180,2,6.7,3.35,10489.34,2,21,7,1,0,2,857.0,6.85,895.33,5.08
1,63,8.0,1012,14,1,1.34,7.0600000000000005,4,1.76,720.0,712.94,99.02,36.48,1.31,76.56,33.65,180,2,6.74,3.37,12156.97,1,6,8,3,0,0,954.0,2.45,953.0,2.73
3,40,8.0,807,9,1,1.07,26.39,13,2.03,720.0,693.61,96.33,43.64,3.76,88.87,38.73,180,3,7.48,2.49,21011.44,3,9,8,6,1,0,792.0,3.41,771.67,4.01
4,23,8.0,1022,6,1,0.59,16.3,6,2.72,720.0,703.7,97.74,33.98,1.24,75.49,31.59,180,2,2.33,1.16,3939.47,2,10,8,0,0,2,973.0,6.44,979.0,5.38
4,45,8.0,995,9,1,0.87,16.3,6,2.72,720.0,703.7,97.74,33.98,1.24,75.49,31.59,180,2,2.33,1.16,3939.47,2,12,8,2,0,2,1039.0,7.07,1005.67,5.72
2,22,8.0,905,7,1,0.75,15.49,6,2.58,720.0,704.51,97.85,35.47,1.6,75.4,32.86,180,2,6.7,3.35,10489.34,2,18,8,1,0,1,919.0,5.74,895.33,4.36
1,17,8.0,962,4,1,0.42,7.0600000000000005,4,1.76,720.0,712.94,99.02,36.48,1.31,76.56,33.65,180,2,6.74,3.37,12156.97,1,2,8,6,1,2,989.0,3.32,958.0,4.82
5,43,8.0,995,9,1,0.93,5.62,3,1.87,720.0,714.38,99.22,34.9,1.6,75.02,32.34,180,4,4.34,1.08,14428.55,2,22,7,2,0,2,904.0,4.64,940.0,5.01
3,54,8.0,772,18,1,2.06,26.39,13,2.03,720.0,693.61,96.33,43.64,3.76,88.87,38.73,180,3,7.48,2.49,21011.44,3,28,7,1,0,2,820.0,6.82,822.67,6.76
4,31,8.0,1049,9,1,0.81,16.3,6,2.72,720.0,703.7,97.74,33.98,1.24,75.49,31.59,180,2,2.33,1.16,3939.47,2,24,7,4,0,0,951.0,2.46,984.0,5.15
3,52,8.0,778,18,1,2.13,26.39,13,2.03,720.0,693.61,96.33,43.64,3.76,88.87,38.73,180,3,7.48,2.49,21011.44,3,13,8,3,0,2,843.0,3.55,840.0,3.87
5,58,8.0,938,22,1,2.16,5.62,3,1.87,720.0,714.38,99.22,34.9,1.6,75.02,32.34,180,4,4.34,1.08,14428.55,2,24,7,4,0,1,975.0,2.5,952.0,2.61
1,53,8.0,978,14,1,1.43,7.0600000000000005,4,1.76,720.0,712.94,99.02,36.48,1.31,76.56,33.65,180,2,6.74,3.37,12156.97,1,21,7,1,0,1,954.0,2.05,946.0,2.75
3,13,8.0,750,4,1,0.44,26.39,13,2.03,720.0,693.61,96.33,43.64,3.76,88.87,38.73,180,3,7.48,2.49,21011.44,3,14,8,4,0,1,755.0,7.36,797.0,5.69
5,42,8.0,951,10,1,1.13,5.62,3,1.87,720.0,714.38,99.22,34.9,1.6,75.02,32.34,180,4,4.34,1.08,14428.55,2,3,8,0,0,2,897.0,2.18,945.67,3.07
2,57,8.0,889,12,1,1.24,15.49,6,2.58,720.0,704.51,97.85,35.47,1.6,75.4,32.86,180,2,6.7,3.35,10489.34,2,23,7,3,0,1,891.0,3.68,923.0,3.71
3,67,8.0,826,12,1,1.31,26.39,13,2.03,720.0,693.61,96.33,43.64,3.76,88.87,38.73,180,3,7.48,2.49,21011.44,3,4,8,1,0,1,873.0,6.53,824.33,5.43
5,45,8.0,943,11,1,1.17,5.62,3,1.87,720.0,714.38,99.22,34.9,1.6,75.02,32.34,180,4,4.34,1.08,14428.55,2,28,7,1,0,0,880.0,5.48,895.67,5.14
3,60,8.0,804,18,1,2.04,26.39,13,2.03,720.0,693.61,96.33,43.64,3.76,88.87,38.73,180,3,7.48,2.49,21011.44,3,31,7,4,0,0,670.0,2.05,772.33,2.57
2,24,8.0,880,3,1,0.33,15.49,6,2.58,720.0,704.51,97.85,35.47,1.6,75.4,32.86,180,2,6.7,3.35,10489.34,2,16,8,6,1,0,950.0,2.46,918.33,2.43
2,14,8.0,903,2,1,0.21,15.49,6,2.58,720.0,704.51,97.85,35.47,1.6,75.4,32.86,180,2,6.7,3.35,10489.34,2,22,7,2,0,2,941.0,5.99,932.33,5.07
4,68,8.0,1023,12,1,1.15,16.3,6,2.72,720.0,703.7,97.74,33.98,1.24,75.49,31.59,180,2,2.33,1.16,3939.47,2,27,7,0,0,1,998.0,7.16,1004.0,5.72
3,25,8.0,807,7,1,0.88,26.39,13,2.03,720.0,693.61,96.33,43.64,3.76,88.87,38.73,180,3,7.48,2.49,21011.44,3,31,7,4,0,2,811.0,1.46,768.0,3.44
1,72,8.0,1017,16,1,1.62,7.0600000000000005,4,1.76,720.0,712.94,99.02,36.48,1.31,76.56,33.65,180,2,6.74,3.37,12156.97,1,9,8,6,1,1,951.0,3.65,927.0,4.01
1,68,8.0,1007,17,1,1.56,7.0600000000000005,4,1.76,720.0,712.94,99.02,36.48,1.31,76.56,33.65,180,2,6.74,3.37,12156.97,1,4,8,1,0,2,963.0,3.02,951.0,3.43
1,40,8.0,988,9,1,0.84,7.0600000000000005,4,1.76,720.0,712.94,99.02,36.48,1.31,76.56,33.65,180,2,6.74,3.37,12156.97,1,30,7,3,0,2,986.0,5.74,959.33,5.77
3,41,8.0,842,13,1,1.54,26.39,13,2.03,720.0,693.61,96.33,43.64,3.76,88.87,38.73,180,3,7.48,2.49,21011.44,3,18,8,1,0,0,810.0,4.93,823.0,2.74
4,35,8.0,1001,6,1,0.57,16.3,6,2.72,720.0,703.7,97.74,33.98,1.24,75.49,31.59,180,2,2.33,1.16,3939.47,2,8,8,5,1,0,992.0,4.43,1009.67,4.85
3,24,8.0,789,4,1,0.51,26.39,13,2.03,720.0,693.61,96.33,43.64,3.76,88.87,38.73,180,3,7.48,2.49,21011.44,3,26,7,6,1,2,818.0,2.5,826.33,4.78
5,29,8.0,977,6,1,0.57,5.62,3,1.87,720.0,714.38,99.22,34.9,1.6,75.02,32.34,180,4,4.34,1.08,14428.55,2,3,8,0,0,0,923.0,4.25,936.0,3.55
1,44,8.0,1031,10,1,1.09,7.0600000000000005,4,1.76,720.0,712.94,99.02,36.48,1.31,76.56,33.65,180,2,6.74,3.37,12156.97,1,29,7,2,0,0,952.0,6.58,940.67,6.28
4,43,8.0,1006,15,1,1.45,16.3,6,2.72,720.0,703.7,97.74,33.98,1.24,75.49,31.59,180,2,2.33,1.16,3939.47,2,16,8,6,1,1,958.0,6.54,964.33,6.22
3,62,8.0,800,24,1,2.54,26.39,13,2.03,720.0,693.61,96.33,43.64,3.76,88.87,38.73,180,3,7.48,2.49,21011.44,3,5,8,2,0,2,804.0,6.51,815.67,4.32
3,43,8.0,766,6,1,0.73,26.39,13,2.03,720.0,693.61,96.33,43.64,3.76,88.87,38.73,180,3,7.48,2.49,21011.44,3,15,8,5,1,2,754.0,1.69,794.67,2.88
4,62,8.0,1004,9,1,0.84,16.3,6,2.72,720.0,703.7,97.74,33.98,1.24,75.49,31.59,180,2,2.33,1.16,3939.47,2,26,7,6,1,0,915.0,1.61,952.33,4.18
2,65,8.0,927,21,1,2.22,15.49,6,2.58,720.0,704.51,97.85,35.47,1.6,75.4,32.86,180,2,6.7,3.35,10489.34,2,13,8,3,0,0,930.0,5.68,893.0,4.58
5,70,8.0,946,11,1,1.09,5.62,3,1.87,720.0,714.38,99.22,34.9,1.6,75.02,32.34,180,4,4.34,1.08,14428.55,2,27,7,0,0,1,869.0,3.01,898.0,4.12
2,52,8.0,888,15,1,1.54,15.49,6,2.58,720.0,704.51,97.85,35.47,1.6,75.4,32.86,180,2,6.7,3.35,10489.34,2,5,8,2,0,0,847.0,6.92,876.67,6.68
1,73,8.0,993,27,1,2.67,7.0600000000000005,4,1.76,720.0,712.94,99.02,36.48,1.31,76.56,33.65,180,2,6.74,3.37,12156.97,1,9,8,6,1,2,916.0,7.29,924.33,5.88
2,63,8.0,917,20,1,2.16,15.49,6,2.58,720.0,704.51,97.85,35.47,1.6,75.4,32.86,180,2,6.7,3.35,10489.34,2,4,8,1,0,0,916.0,6.53,892.33,4.73
2,68,8.0,914,21,1,2.1,15.49,6,2.58,720.0,704.51,97.85,35.47,1.6,75.4,32.86,180,2,6.7,3.35,10489.34,2,1,8,5,1,2,933.0,1.69,905.67,4.21
5,59,8.0,962,8,1,0.81,5.62,3,1.87,720.0,714.38,99.22,34.9,1.6,75.02,32.34,180,4,4.34,1.08,14428.55,2,11,8,1,0,2,896.0,5.78,906.67,4.25
1,9,8.0,996,2,1,0.21,7.0600000000000005,4,1.76,720.0,712.94,99.02,36.48,1.31,76.56,33.65,180,2,6.74,3.37,12156.97,1,22,7,2,0,2,934.0,7.25,944.67,4.19
4,46,8.0,992,7,1,0.67,16.3,6,2.72,720.0,703.7,97.74,33.98,1.24,75.49,31.59,180,2,2.33,1.16,3939.47,2,7,8,4,0,2,1003.0,4.29,998.33,4.09
5,19,8.0,940,4,1,0.41,5.62,3,1.87,720.0,714.38,99.22,34.9,1.6,75.02,32.34,180,4,4.34,1.08,14428.55,2,8,8,5,1,0,899.0,1.1,904.67,2.72
1,27,8.0,1014,9,1,0.88,7.0600000000000005,4,1.76,720.0,712.94,99.02,36.48,1.31,76.56,33.65,180,2,6.74,3.37,12156.97,1,10,8,0,0,1,951.0,1.86,935.67,5.45
4,37,8.0,1014,14,1,1.43,16.3,6,2.72,720.0,703.7,97.74,33.98,1.24,75.49,31.59,180,2,2.33,1.16,3939.47,2,30,7,3,0,0,1000.0,3.66,974.33,3.98
1,43,8.0,999,13,1,1.32,7.0600000000000005,4,1.76,720.0,712.94,99.02,36.48,1.31,76.56,33.65,180,2,6.74,3.37,12156.97,1,24,7,4,0,2,933.0,3.22,921.33,3.09
2,26,8.0,904,8,1,0.9,15.49,6,2.58,720.0,704.51,97.85,35.47,1.6,75.4,32.86,180,2,6.7,3.35,10489.34,2,11,8,1,0,0,923.0,6.29,933.67,4.69
1,34,8.0,991,5,1,0.49,7.0600000000000005,4,1.76,720.0,712.94,99.02,36.48,1.31,76.56,33.65,180,2,6.74,3.37,12156.97,1,2,8,6,1,1,914.0,4.59,946.33,5.71
5,55,8.0,973,20,1,2.1,5.62,3,1.87,720.0,714.38,99.22,34.9,1.6,75.02,32.34,180,4,4.34,1.08,14428.55,2,11,8,1,0,1,911.0,2.57,923.0,4.09
5,27,8.0,954,5,1,0.53,5.62,3,1.87,720.0,714.38,99.22,34.9,1.6,75.02,32.34,180,4,4.34,1.08,14428.55,2,21,7,1,0,1,917.0,2.76,915.0,4.02
3,27,8.0,798,9,1,1.02,26.39,13,2.03,720.0,693.61,96.33,43.64,3.76,88.87,38.73,180,3,7.48,2.49,21011.44,3,1,8,5,1,0,775.0,3.12,803.0,3.79
4,65,8.0,979,11,1,1.05,16.3,6,2.72,720.0,703.7,97.74,33.98,1.24,75.49,31.59,180,2,2.33,1.16,3939.47,2,23,7,3,0,0,1034.0,4.08,1006.0,4.6
5,44,8.0,924,7,1,0.68,5.62,3,1.87,720.0,714.38,99.22,34.9,1.6,75.02,32.34,180,4,4.34,1.08,14428.55,2,30,7,3,0,0,903.0,5.64,926.0,4.13
4,72,8.0,1004,14,1,1.3,16.3,6,2.72,720.0,703.7,97.74,33.98,1.24,75.49,31.59,180,2,2.33,1.16,3939.47,2,11,8,1,0,1,1025.0,6.14,997.0,4.95
3,31,8.0,799,11,1,1.43,26.39,13,2.03,720.0,693.61,96.33,43.64,3.76,88.87,38.73,180,3,7.48,2.49,21011.44,3,7,8,4,0,2,776.0,4.2,772.0,3.62
3,42,8.0,803,12,1,1.47,26.39,13,2.03,720.0,693.61,96.33,43.64,3.76,88.87,38.73,180,3,7.48,2.49,21011.44,3,29,7,2,0,0,820.0,6.18,820.0,6.5
3,14,8.0,779,4,1,0.58,26.39,13,2.03,720.0,693.61,96.33,43.64,3.76,88.87,38.73,180,3,7.48,2.49,21011.44,3,30,7,3,0,2,830.0,1.54,818.0,2.81
4,73,8.0,1012,11,1,1.01,16.3,6,2.72,720.0,703.7,97.74,33.98,1.24,75.49,31.59,180,2,2.33,1.16,3939.47,2,28,7,1,0,1,1134.0,5.18,1019.0,6.04
5,14,8.0,967,2,1,0.22,5.62,3,1.87,720.0,714.38,99.22,34.9,1.6,75.02,32.34,180,4,4.34,1.08,14428.55,2,6,8,3,0,0,919.0,4.37,916.67,3.92
3,29,8.0,808,10,1,1.11,26.39,13,2.03,720.0,693.61,96.33,43.64,3.76,88.87,38.73,180,3,7.48,2.49,21011.44,3,12,8,2,0,2,816.0,2.63,773.0,3.2
5,23,8.0,977,5,1,0.5,5.62,3,1.87,720.0,714.38,99.22,34.9,1.6,75.02,32.34,180,4,4.34,1.08,14428.55,2,15,8,5,1,1,915.0,5.28,941.33,4.51
5,22,8.0,963,6,1,0.63,5.62,3,1.87,720.0,714.38,99.22,34.9,1.6,75.02,32.34,180,4,4.34,1.08,14428.55,2,6,8,3,0,1,898.0,1.54,892.0,3.24
4,17,8.0,974,5,1,0.51,16.3,6,2.72,720.0,703.7,97.74,33.98,1.24,75.49,31.59,180,2,2.33,1.16,3939.47,2,31,7,4,0,0,922.0,1.28,968.67,3.39
4,67,8.0,977,17,1,1.65,16.3,6,2.72,720.0,703.7,97.74,33.98,1.24,75.49,31.59,180,2,2.33,1.16,3939.47,2,15,8,5,1,2,970.0,5.64,982.33,4.29
3,11,8.0,806,2,1,0.26,26.39,13,2.03,720.0,693.61,96.33,43.64,3.76,88.87,38.73,180,3,7.48,2.49,21011.44,3,18,8,1,0,2,845.0,1.63,819.67,3.8
3,62,8.0,822,19,1,2.16,26.39,13,2.03,720.0,693.61,96.33,43.64,3.76,88.87,38.73,180,3,7.48,2.49,21011.44,3,27,7,0,0,0,761.0,3.06,817.67,3.59
2,56,8.0,898,21,1,2.13,15.49,6,2.58,720.0,704.51,97.85,35.47,1.6,75.4,32.86,180,2,6.7,3.35,10489.34,2,12,8,2,0,2,860.0,1.94,905.33,4.94
1,17,8.0,1000,6,1,0.63,7.0600000000000005,4,1.76,720.0,712.94,99.02,36.48,1.31,76.56,33.65,180,2,6.74,3.37,12156.97,1,3,8,0,0,1,949.0,1.35,960.67,2.15
3,58,8.0,828,23,1,2.68,26.39,13,2.03,720.0,693.61,96.33,43.64,3.76,88.87,38.73,180,3,7.48,2.49,21011.44,3,1,8,5,1,1,852.0,3.07,812.67,2.55
3,55,8.0,773,19,1,2.13,26.39,13,2.03,720.0,693.61,96.33,43.64,3.76,88.87,38.73,180,3,7.48,2.49,21011.44,3,23,7,3,0,1,779.0,6.14,782.0,4.73
4,61,8.0,980,19,1,1.93,16.3,6,2.72,720.0,703.7,97.74,33.98,1.24,75.49,31.59,180,2,2.33,1.16,3939.47,2,2,8,6,1,0,1063.0,3.19,994.67,3.59
3,13,8.0,794,3,1,0.39,26.39,13,2.03,720.0,693.61,96.33,43.64,3.76,88.87,38.73,180,3,7.48,2.49,21011.44,3,15,8,5,1,1,828.0,1.08,844.0,2.79
2,46,8.0,883,14,1,1.59,15.49,6,2.58,720.0,704.51,97.85,35.47,1.6,75.4,32.86,180,2,6.7,3.35,10489.34,2,25,7,5,1,0,897.0,2.61,907.67,5.11
1,68,8.0,1031,13,1,1.35,7.0600000000000005,4,1.76,720.0,712.94,99.02,36.48,1.31,76.56,33.65,180,2,6.74,3.37,12156.97,1,6,8,3,0,2,1015.0,6.54,982.33,5.01
1,48,8.0,1012,9,1,0.91,7.0600000000000005,4,1.76,720.0,712.94,99.02,36.48,1.31,76.56,33.65,180,2,6.74,3.37,12156.97,1,20,7,0,0,1,969.0,5.74,969.0,5.74
5,18,8.0,937,5,1,0.53,5.62,3,1.87,720.0,714.38,99.22,34.9,1.6,75.02,32.34,180,4,4.34,1.08,14428.55,2,13,8,3,0,2,878.0,3.94,905.0,5.54
1,18,8.0,1008,3,1,0.3,7.0600000000000005,4,1.76,720.0,712.94,99.02,36.48,1.31,76.56,33.65,180,2,6.74,3.37,12156.97,1,5,8,2,0,1,931.0,3.92,973.0,4.39
1,49,8.0,1015,10,1,1.06,7.0600000000000005,4,1.76,720.0,712.94,99.02,36.48,1.31,76.56,33.65,180,2,6.74,3.37,12156.97,1,15,8,5,1,2,867.0,2.14,937.67,2.49
3,60,8.0,800,9,1,1.02,26.39,13,2.03,720.0,693.61,96.33,43.64,3.76,88.87,38.73,180,3,7.48,2.49,21011.44,3,28,7,1,0,1,820.0,6.5,813.0,4.82
1,72,8.0,1036,13,1,1.27,7.0600000000000005,4,1.76,720.0,712.94,99.02,36.48,1.31,76.56,33.65,180,2,6.74,3.37,12156.97,1,31,7,4,0,1,968.0,5.19,996.0,4.88
3,66,8.0,773,21,1,2.25,26.39,13,2.03,720.0,693.61,96.33,43.64,3.76,88.87,38.73,180,3,7.48,2.49,21011.44,3,16,8,6,1,2,716.0,2.85,773.0,3.9
5,59,8.0,939,20,1,1.99,5.62,3,1.87,720.0,714.38,99.22,34.9,1.6,75.02,32.34,180,4,4.34,1.08,14428.55,2,22,7,2,0,0,972.0,4.52,933.33,3.39
2,11,8.0,907,3,1,0.31,15.49,6,2.58,720.0,704.51,97.85,35.47,1.6,75.4,32.86,180,2,6.7,3.35,10489.34,2,20,7,0,0,1,890.0,6.51,890.0,6.51
4,38,8.0,1032,15,1,1.59,16.3,6,2.72,720.0,703.7,97.74,33.98,1.24,75.49,31.59,180,2,2.33,1.16,3939.47,2,12,8,2,0,0,1070.0,6.06,1033.33,6.3
5,42,8.0,928,12,1,1.26,5.62,3,1.87,720.0,714.38,99.22,34.9,1.6,75.02,32.34,180,4,4.34,1.08,14428.55,2,10,8,0,0,2,945.0,5.31,920.33,3.52
1,71,8.0,990,21,1,1.93,7.0600000000000005,4,1.76,720.0,712.94,99.02,36.48,1.31,76.56,33.65,180,2,6.74,3.37,12156.97,1,6,8,3,0,1,978.0,6.05,968.67,3.44
4,24,8.0,972,4,1,0.4,16.3,6,2.72,720.0,703.7,97.74,33.98,1.24,75.49,31.59,180,2,2.33,1.16,3939.47,2,14,8,4,0,0,913.0,6.84,938.0,4.08
3,20,8.0,800,6,1,0.7,26.39,13,2.03,720.0,693.61,96.33,43.64,3.76,88.87,38.73,180,3,7.48,2.49,21011.44,3,17,8,0,0,0,867.0,7.07,802.33,4.52
3,24,8.0,808,8,1,0.94,26.39,13,2.03,720.0,693.61,96.33,43.64,3.76,88.87,38.73,180,3,7.48,2.49,21011.44,3,9,8,6,1,1,803.0,4.74,784.33,3.66
1,31,8.0,995,12,1,1.24,7.0600000000000005,4,1.76,720.0,712.94,99.02,36.48,1.31,76.56,33.65,180,2,6.74,3.37,12156.97,1,24,7,4,0,1,893.0,1.76,928.0,3.03
4,70,8.0,1041,23,1,2.34,16.3,6,2.72,720.0,703.7,97.74,33.98,1.24,75.49,31.59,180,2,2.33,1.16,3939.47,2,4,8,1,0,0,949.0,6.78,1004.67,5.7
1,45,8.0,994,7,1,0.73,7.0600000000000005,4,1.76,720.0,712.94,99.02,36.48,1.31,76.56,33.65,180,2,6.74,3.37,12156.97,1,18,8,1,0,1,893.0,3.35,921.0,2.96
5,21,8.0,919,7,1,0.71,5.62,3,1.87,720.0,714.38,99.22,34.9,1.6,75.02,32.34,180,4,4.34,1.08,14428.55,2,29,7,2,0,0,1022.0,2.85,947.0,2.93
4,16,8.0,1001,3,1,0.29,16.3,6,2.72,720.0,703.7,97.74,33.98,1.24,75.49,31.59,180,2,2.33,1.16,3939.47,2,21,7,1,0,0,992.0,3.41,944.67,3.07
2,53,8.0,945,12,1,1.2,15.49,6,2.58,720.0,704.51,97.85,35.47,1.6,75.4,32.86,180,2,6.7,3.35,10489.34,2,14,8,4,0,1,973.0,1.02,909.0,4.88
4,83,8.0,974,24,1,2.11,16.3,6,2.72,720.0,703.7,97.74,33.98,1.24,75.49,31.59,180,2,2.33,1.16,3939.47,2,8,8,5,1,1,1017.0,3.33,1004.0,4.02
5,51,8.0,949,15,1,1.51,5.62,3,1.87,720.0,714.38,99.22,34.9,1.6,75.02,32.34,180,4,4.34,1.08,14428.55,2,16,8,6,1,1,936.0,1.06,955.0,1.47
2,64,8.0,886,15,1,1.53,15.49,6,2.58,720.0,704.51,97.85,35.47,1.6,75.4,32.86,180,2,6.7,3.35,10489.34,2,3,8,0,0,2,895.0,2.82,890.0,3.02
4,48,8.0,1036,15,1,1.47,16.3,6,2.72,720.0,703.7,97.74,33.98,1.24,75.49,31.59,180,2,2.33,1.16,3939.47,2,1,8,5,1,0,1015.0,5.76,994.67,4.34
5,54,8.0,930,11,1,1.18,5.62,3,1.87,720.0,714.38,99.22,34.9,1.6,75.02,32.34,180,4,4.34,1.08,14428.55,2,13,8,3,0,0,959.0,6.89,925.67,5.77
4,59,8.0,1012,20,1,1.88,16.3,6,2.72,720.0,703.7,97.74,33.98,1.24,75.49,31.59,180,2,2.33,1.16,3939.47,2,5,8,2,0,1,1050.0,3.67,1019.67,4.62
3,61,8.0,806,12,1,1.41,26.39,13,2.03,720.0,693.61,96.33,43.64,3.76,88.87,38.73,180,3,7.48,2.49,21011.44,3,10,8,0,0,0,773.0,3.13,802.0,3.56
1,13,8.0,1029,4,1,0.38,7.0600000000000005,4,1.76,720.0,712.94,99.02,36.48,1.31,76.56,33.65,180,2,6.74,3.37,12156.97,1,7,8,4,0,0,894.0,7.07,962.33,6.55
5,26,8.0,943,4,1,0.42,5.62,3,1.87,720.0,714.38,99.22,34.9,1.6,75.02,32.34,180,4,4.34,1.08,14428.55,2,21,7,1,0,0,908.0,4.92,938.67,3.85
1,24,8.0,1010,3,1,0.31,7.0600000000000005,4,1.76,720.0,712.94,99.02,36.48,1.31,76.56,33.65,180,2,6.74,3.37,12156.97,1,5,8,2,0,2,974.0,1.81,976.67,3.98
2,64,8.0,891,24,1,2.58,15.49,6,2.58,720.0,704.51,97.85,35.47,1.6,75.4,32.86,180,2,6.7,3.35,10489.34,2,17,8,0,0,0,837.0,4.99,885.67,3.71
3,51,8.0,794,17,1,2.05,26.39,13,2.03,720.0,693.61,96.33,43.64,3.76,88.87,38.73,180,3,7.48,2.49,21011.44,3,23,7,3,0,0,780.0,2.99,777.67,4.84
5,27,8.0,935,4,1,0.43,5.62,3,1.87,720.0,714.38,99.22,34.9,1.6,75.02,32.34,180,4,4.34,1.08,14428.55,2,17,8,0,0,2,900.0,4.86,903.67,3.04
3,42,8.0,770,14,1,1.69,26.39,13,2.03,720.0,693.61,96.33,43.64,3.76,88.87,38.73,180,3,7.48,2.49,21011.44,3,22,7,2,0,1,766.0,6.47,773.0,6.54
2,11,8.0,902,2,1,0.21,15.49,6,2.58,720.0,704.51,97.85,35.47,1.6,75.4,32.86,180,2,6.7,3.35,10489.34,2,15,8,5,1,1,868.0,3.66,900.67,3.51
1,16,8.0,992,4,1,0.43,7.0600000000000005,4,1.76,720.0,712.94,99.02,36.48,1.31,76.56,33.65,180,2,6.74,3.37,12156.97,1,8,8,5,1,1,893.0,3.15,922.0,5.29
1,38,8.0,993,13,1,1.34,7.0600000000000005,4,1.76,720.0,712.94,99.02,36.48,1.31,76.56,33.65,180,2,6.74,3.37,12156.97,1,5,8,2,0,0,1025.0,6.22,972.0,3.58
4,67,8.0,983,11,1,1.12,16.3,6,2.72,720.0,703.7,97.74,33.98,1.24,75.49,31.59,180,2,2.33,1.16,3939.47,2,13,8,3,0,2,939.0,4.48,964.0,3.25
3,34,8.0,786,10,1,1.23,26.39,13,2.03,720.0,693.61,96.33,43.64,3.76,88.87,38.73,180,3,7.48,2.49,21011.44,3,7,8,4,0,1,778.0,3.35,784.67,2.94
3,41,8.0,796,12,1,1.42,26.39,13,2.03,720.0,693.61,96.33,43.64,3.76,88.87,38.73,180,3,7.48,2.49,21011.44,3,13,8,3,0,0,875.0,3.21,818.0,3.65
1,52,8.0,1020,8,1,0.79,7.0600000000000005,4,1.76,720.0,712.94,99.02,36.48,1.31,76.56,33.65,180,2,6.74,3.37,12156.97,1,27,7,0,0,0,922.0,2.02,951.0,4.91
4,54,8.0,988,16,1,1.43,16.3,6,2.72,720.0,703.7,97.74,33.98,1.24,75.49,31.59,180,2,2.33,1.16,3939.47,2,3,8,0,0,1,999.0,5.49,957.67,6.19
2,17,8.0,884,4,1,0.46,15.49,6,2.58,720.0,704.51,97.85,35.47,1.6,75.4,32.86,180,2,6.7,3.35,10489.34,2,12,8,2,0,1,889.0,6.12,918.67,5.12
4,31,8.0,1017,5,1,0.5,16.3,6,2.72,720.0,703.7,97.74,33.98,1.24,75.49,31.59,180,2,2.33,1.16,3939.47,2,22,7,2,0,0,975.0,3.56,990.0,2.47
3,18,8.0,781,4,1,0.48,26.39,13,2.03,720.0,693.61,96.33,43.64,3.76,88.87,38.73,180,3,7.48,2.49,21011.44,3,23,7,3,0,2,836.0,6.17,798.33,5.1
5,11,8.0,954,2,1,0.21,5.62,3,1.87,720.0,714.38,99.22,34.9,1.6,75.02,32.34,180,4,4.34,1.08,14428.55,2,28,7,1,0,1,899.0,4.77,905.67,5.73
4,65,8.0,1027,20,1,1.98,16.3,6,2.72,720.0,703.7,97.74,33.98,1.24,75.49,31.59,180,2,2.33,1.16,3939.47,2,27,7,0,0,2,977.0,6.51,990.33,6.12
5,31,8.0,918,11,1,1.2,5.62,3,1.87,720.0,714.38,99.22,34.9,1.6,75.02,32.34,180,4,4.34,1.08,14428.55,2,6,8,3,0,2,925.0,2.32,914.0,2.74
4,44,8.0,1031,12,1,1.22,16.3,6,2.72,720.0,703.7,97.74,33.98,1.24,75.49,31.59,180,2,2.33,1.16,3939.47,2,13,8,3,0,1,962.0,0.93,997.33,4.11
3,50,8.0,845,10,1,1.17,26.39,13,2.03,720.0,693.61,96.33,43.64,3.76,88.87,38.73,180,3,7.48,2.49,21011.44,3,14,8,4,0,2,902.0,1.42,816.67,4.98
4,35,8.0,971,5,1,0.46,16.3,6,2.72,720.0,703.7,97.74,33.98,1.24,75.49,31.59,180,2,2.33,1.16,3939.47,2,1,8,5,1,2,947.0,2.87,978.67,4.44
2,46,8.0,890,7,1,0.74,15.49,6,2.58,720.0,704.51,97.85,35.47,1.6,75.4,32.86,180,2,6.7,3.35,10489.34,2,8,8,5,1,2,935.0,4.2,931.0,5.38
2,14,8.0,851,4,1,0.45,15.49,6,2.58,720.0,704.51,97.85,35.47,1.6,75.4,32.86,180,2,6.7,3.35,10489.34,2,2,8,6,1,1,916.0,4.98,927.0,4.49
2,19,8.0,893,4,1,0.45,15.49,6,2.58,720.0,704.51,97.85,35.47,1.6,75.4,32.86,180,2,6.7,3.35,10489.34,2,9,8,6,1,1,863.0,6.5,900.33,5.18
4,66,8.0,996,17,1,1.58,16.3,6,2.72,720.0,703.7,97.74,33.98,1.24,75.49,31.59,180,2,2.33,1.16,3939.47,2,18,8,1,0,2,1050.0,3.85,985.33,3.52
2,34,8.0,931,7,1,0.76,15.49,6,2.58,720.0,704.51,97.85,35.47,1.6,75.4,32.86,180,2,6.7,3.35,10489.34,2,23,7,3,0,0,937.0,1.47,934.0,4.55
5,25,8.0,937,4,1,0.4,5.62,3,1.87,720.0,714.38,99.22,34.9,1.6,75.02,32.34,180,4,4.34,1.08,14428.55,2,24,7,4,0,0,940.0,4.37,932.33,3.03
1,31,8.0,1017,6,1,0.65,7.0600000000000005,4,1.76,720.0,712.94,99.02,36.48,1.31,76.56,33.65,180,2,6.74,3.37,12156.97,1,18,8,1,0,0,928.0,1.07,942.0,4.27
4,39,8.0,1004,12,1,1.15,16.3,6,2.72,720.0,703.7,97.74,33.98,1.24,75.49,31.59,180,2,2.33,1.16,3939.47,2,9,8,6,1,0,924.0,1.6,999.0,4.07
3,12,8.0,795,2,1,0.24,26.39,13,2.03,720.0,693.61,96.33,43.64,3.76,88.87,38.73,180,3,7.48,2.49,21011.44,3,31,7,4,0,1,823.0,6.8,774.33,3.46
2,10,8.0,871,1,1,0.1,15.49,6,2.58,720.0,704.51,97.85,35.47,1.6,75.4,32.86,180,2,6.7,3.35,10489.34,2,30,7,3,0,1,941.0,2.59,923.0,2.88
5,14,8.0,947,3,1,0.34,5.62,3,1.87,720.0,714.38,99.22,34.9,1.6,75.02,32.34,180,4,4.34,1.08,14428.55,2,18,8,1,0,2,954.0,3.34,922.0,3.92
1,19,8.0,996,3,1,0.32,7.0600000000000005,4,1.76,720.0,712.94,99.02,36.48,1.31,76.56,33.65,180,2,6.74,3.37,12156.97,1,26,7,6,1,2,961.0,6.06,952.67,5.84
3,24,8.0,805,5,1,0.62,26.39,13,2.03,720.0,693.61,96.33,43.64,3.76,88.87,38.73,180,3,7.48,2.49,21011.44,3,22,7,2,0,2,787.0,5.07,786.67,5.83
1,64,8.0,977,16,1,1.61,7.0600000000000005,4,1.76,720.0,712.94,99.02,36.48,1.31,76.56,33.65,180,2,6.74,3.37,12156.97,1,12,8,2,0,2,991.0,1.69,929.67,4.1
2,20,8.0,909,4,1,0.43,15.49,6,2.58,720.0,704.51,97.85,35.47,1.6,75.4,32.86,180,2,6.7,3.35,10489.34,2,25,7,5,1,1,837.0,5.21,881.33,4.99
4,27,8.0,1009,8,1,0.86,16.3,6,2.72,720.0,703.7,97.74,33.98,1.24,75.49,31.59,180,2,2.33,1.16,3939.47,2,20,7,0,0,0,0.0,0.0,0.0,0.0
4,26,8.0,998,9,1,0.88,16.3,6,2.72,720.0,703.7,97.74,33.98,1.24,75.49,31.59,180,2,2.33,1.16,3939.47,2,15,8,5,1,0,978.0,4.68,979.67,3.09
5,13,8.0,998,3,1,0.33,5.62,3,1.87,720.0,714.38,99.22,34.9,1.6,75.02,32.34,180,4,4.34,1.08,14428.55,2,14,8,4,0,0,919.0,1.92,891.67,3.88
2,54,8.0,913,15,1,1.55,15.49,6,2.58,720.0,704.51,97.85,35.47,1.6,75.4,32.86,180,2,6.7,3.35,10489.34,2,24,7,4,0,0,867.0,6.97,890.67,5.51
