sensor_id,machine_id,sensor_type,sensor_value,unit,recorded_at
1,1,Temperature,71.73,°C,2026-07-20 08:00:00
2,1,Vibration,1.8,mm/s,2026-07-20 08:00:00
3,1,Temperature,66.2,°C,2026-07-20 14:00:00
4,1,Vibration,3.02,mm/s,2026-07-20 14:00:00
5,1,Temperature,68.79,°C,2026-07-20 22:00:00
6,1,Vibration,3.06,mm/s,2026-07-20 22:00:00
7,2,Temperature,68.68,°C,2026-07-20 08:00:00
8,2,Vibration,1.74,mm/s,2026-07-20 08:00:00
9,2,Temperature,71.82,°C,2026-07-20 14:00:00
10,2,Vibration,2.55,mm/s,2026-07-20 14:00:00
11,2,Temperature,65.4,°C,2026-07-20 22:00:00
12,2,Vibration,2.9,mm/s,2026-07-20 22:00:00
13,3,Temperature,82.32,°C,2026-07-20 08:00:00
14,3,Vibration,5.6,mm/s,2026-07-20 08:00:00
15,3,Temperature,82.82,°C,2026-07-20 14:00:00
16,3,Vibration,5.58,mm/s,2026-07-20 14:00:00
17,3,Temperature,79.19,°C,2026-07-20 22:00:00
18,3,Vibration,5.07,mm/s,2026-07-20 22:00:00
19,4,Temperature,61.66,°C,2026-07-20 08:00:00
20,4,Vibration,2.55,mm/s,2026-07-20 08:00:00
21,4,Temperature,64.66,°C,2026-07-20 14:00:00
22,4,Vibration,2.42,mm/s,2026-07-20 14:00:00
23,4,Temperature,64.55,°C,2026-07-20 22:00:00
24,4,Vibration,2.87,mm/s,2026-07-20 22:00:00
25,5,Temperature,62.18,°C,2026-07-20 08:00:00
26,5,Vibration,2.25,mm/s,2026-07-20 08:00:00
27,5,Temperature,66.88,°C,2026-07-20 14:00:00
28,5,Vibration,2.11,mm/s,2026-07-20 14:00:00
29,5,Temperature,67.14,°C,2026-07-20 22:00:00
30,5,Vibration,2.67,mm/s,2026-07-20 22:00:00
31,1,Temperature,65.79,°C,2026-07-21 08:00:00
32,1,Vibration,2.27,mm/s,2026-07-21 08:00:00
33,1,Temperature,62.13,°C,2026-07-21 14:00:00
34,1,Vibration,2.39,mm/s,2026-07-21 14:00:00
35,1,Temperature,70.04,°C,2026-07-21 22:00:00
36,1,Vibration,3.08,mm/s,2026-07-21 22:00:00
37,2,Temperature,68.61,°C,2026-07-21 08:00:00
38,2,Vibration,2.41,mm/s,2026-07-21 08:00:00
39,2,Temperature,67.95,°C,2026-07-21 14:00:00
40,2,Vibration,3.0,mm/s,2026-07-21 14:00:00
41,2,Temperature,64.2,°C,2026-07-21 22:00:00
42,2,Vibration,2.86,mm/s,2026-07-21 22:00:00
43,3,Temperature,83.97,°C,2026-07-21 08:00:00
44,3,Vibration,4.75,mm/s,2026-07-21 08:00:00
45,3,Temperature,85.19,°C,2026-07-21 14:00:00
46,3,Vibration,4.77,mm/s,2026-07-21 14:00:00
47,3,Temperature,79.42,°C,2026-07-21 22:00:00
48,3,Vibration,5.28,mm/s,2026-07-21 22:00:00
49,4,Temperature,71.1,°C,2026-07-21 08:00:00
50,4,Vibration,2.54,mm/s,2026-07-21 08:00:00
51,4,Temperature,66.9,°C,2026-07-21 14:00:00
52,4,Vibration,2.25,mm/s,2026-07-21 14:00:00
53,4,Temperature,61.28,°C,2026-07-21 22:00:00
54,4,Vibration,2.58,mm/s,2026-07-21 22:00:00
55,5,Temperature,67.97,°C,2026-07-21 08:00:00
56,5,Vibration,2.52,mm/s,2026-07-21 08:00:00
57,5,Temperature,68.89,°C,2026-07-21 14:00:00
58,5,Vibration,2.37,mm/s,2026-07-21 14:00:00
59,5,Temperature,64.29,°C,2026-07-21 22:00:00
60,5,Vibration,3.23,mm/s,2026-07-21 22:00:00
61,1,Temperature,73.2,°C,2026-07-22 08:00:00
62,1,Vibration,2.68,mm/s,2026-07-22 08:00:00
63,1,Temperature,75.16,°C,2026-07-22 14:00:00
64,1,Vibration,2.86,mm/s,2026-07-22 14:00:00
65,1,Temperature,70.25,°C,2026-07-22 22:00:00
66,1,Vibration,2.96,mm/s,2026-07-22 22:00:00
67,2,Temperature,69.57,°C,2026-07-22 08:00:00
68,2,Vibration,2.94,mm/s,2026-07-22 08:00:00
69,2,Temperature,68.77,°C,2026-07-22 14:00:00
70,2,Vibration,2.29,mm/s,2026-07-22 14:00:00
71,2,Temperature,62.93,°C,2026-07-22 22:00:00
72,2,Vibration,3.37,mm/s,2026-07-22 22:00:00
73,3,Temperature,80.36,°C,2026-07-22 08:00:00
74,3,Vibration,4.98,mm/s,2026-07-22 08:00:00
75,3,Temperature,82.98,°C,2026-07-22 14:00:00
76,3,Vibration,5.81,mm/s,2026-07-22 14:00:00
77,3,Temperature,82.48,°C,2026-07-22 22:00:00
78,3,Vibration,4.8,mm/s,2026-07-22 22:00:00
79,4,Temperature,63.43,°C,2026-07-22 08:00:00
80,4,Vibration,2.48,mm/s,2026-07-22 08:00:00
81,4,Temperature,62.27,°C,2026-07-22 14:00:00
82,4,Vibration,2.51,mm/s,2026-07-22 14:00:00
83,4,Temperature,64.84,°C,2026-07-22 22:00:00
84,4,Vibration,3.32,mm/s,2026-07-22 22:00:00
85,5,Temperature,66.75,°C,2026-07-22 08:00:00
86,5,Vibration,1.74,mm/s,2026-07-22 08:00:00
87,5,Temperature,75.02,°C,2026-07-22 14:00:00
88,5,Vibration,3.18,mm/s,2026-07-22 14:00:00
89,5,Temperature,73.25,°C,2026-07-22 22:00:00
90,5,Vibration,2.12,mm/s,2026-07-22 22:00:00
91,1,Temperature,69.33,°C,2026-07-23 08:00:00
92,1,Vibration,3.34,mm/s,2026-07-23 08:00:00
93,1,Temperature,71.61,°C,2026-07-23 14:00:00
94,1,Vibration,3.15,mm/s,2026-07-23 14:00:00
95,1,Temperature,63.4,°C,2026-07-23 22:00:00
96,1,Vibration,2.14,mm/s,2026-07-23 22:00:00
97,2,Temperature,72.55,°C,2026-07-23 08:00:00
98,2,Vibration,3.65,mm/s,2026-07-23 08:00:00
99,2,Temperature,67.68,°C,2026-07-23 14:00:00
100,2,Vibration,3.5,mm/s,2026-07-23 14:00:00
101,2,Temperature,64.93,°C,2026-07-23 22:00:00
102,2,Vibration,2.4,mm/s,2026-07-23 22:00:00
103,3,Temperature,78.69,°C,2026-07-23 08:00:00
104,3,Vibration,4.58,mm/s,2026-07-23 08:00:00
105,3,Temperature,84.17,°C,2026-07-23 14:00:00
106,3,Vibration,4.57,mm/s,2026-07-23 14:00:00
107,3,Temperature,88.72,°C,2026-07-23 22:00:00
108,3,Vibration,5.23,mm/s,2026-07-23 22:00:00
109,4,Temperature,68.25,°C,2026-07-23 08:00:00
110,4,Vibration,2.74,mm/s,2026-07-23 08:00:00
111,4,Temperature,68.64,°C,2026-07-23 14:00:00
112,4,Vibration,2.07,mm/s,2026-07-23 14:00:00
113,4,Temperature,69.34,°C,2026-07-23 22:00:00
114,4,Vibration,2.57,mm/s,2026-07-23 22:00:00
115,5,Temperature,70.63,°C,2026-07-23 08:00:00
116,5,Vibration,1.98,mm/s,2026-07-23 08:00:00
117,5,Temperature,67.54,°C,2026-07-23 14:00:00
118,5,Vibration,2.77,mm/s,2026-07-23 14:00:00
119,5,Temperature,65.14,°C,2026-07-23 22:00:00
120,5,Vibration,2.86,mm/s,2026-07-23 22:00:00
121,1,Temperature,74.62,°C,2026-07-24 08:00:00
122,1,Vibration,2.65,mm/s,2026-07-24 08:00:00
123,1,Temperature,72.89,°C,2026-07-24 14:00:00
124,1,Vibration,2.44,mm/s,2026-07-24 14:00:00
125,1,Temperature,76.33,°C,2026-07-24 22:00:00
126,1,Vibration,3.39,mm/s,2026-07-24 22:00:00
127,2,Temperature,73.18,°C,2026-07-24 08:00:00
128,2,Vibration,3.14,mm/s,2026-07-24 08:00:00
129,2,Temperature,69.17,°C,2026-07-24 14:00:00
130,2,Vibration,3.2,mm/s,2026-07-24 14:00:00
131,2,Temperature,67.59,°C,2026-07-24 22:00:00
132,2,Vibration,1.99,mm/s,2026-07-24 22:00:00
133,3,Temperature,83.34,°C,2026-07-24 08:00:00
134,3,Vibration,4.62,mm/s,2026-07-24 08:00:00
135,3,Temperature,78.7,°C,2026-07-24 14:00:00
136,3,Vibration,5.32,mm/s,2026-07-24 14:00:00
137,3,Temperature,81.16,°C,2026-07-24 22:00:00
138,3,Vibration,5.51,mm/s,2026-07-24 22:00:00
139,4,Temperature,62.63,°C,2026-07-24 08:00:00
140,4,Vibration,2.26,mm/s,2026-07-24 08:00:00
141,4,Temperature,68.45,°C,2026-07-24 14:00:00
142,4,Vibration,2.64,mm/s,2026-07-24 14:00:00
143,4,Temperature,60.57,°C,2026-07-24 22:00:00
144,4,Vibration,2.63,mm/s,2026-07-24 22:00:00
145,5,Temperature,71.44,°C,2026-07-24 08:00:00
146,5,Vibration,2.46,mm/s,2026-07-24 08:00:00
147,5,Temperature,68.79,°C,2026-07-24 14:00:00
148,5,Vibration,2.28,mm/s,2026-07-24 14:00:00
149,5,Temperature,66.59,°C,2026-07-24 22:00:00
150,5,Vibration,3.24,mm/s,2026-07-24 22:00:00
151,1,Temperature,70.66,°C,2026-07-25 08:00:00
152,1,Vibration,3.64,mm/s,2026-07-25 08:00:00
153,1,Temperature,71.28,°C,2026-07-25 14:00:00
154,1,Vibration,4.11,mm/s,2026-07-25 14:00:00
155,1,Temperature,65.31,°C,2026-07-25 22:00:00
156,1,Vibration,2.89,mm/s,2026-07-25 22:00:00
157,2,Temperature,64.75,°C,2026-07-25 08:00:00
158,2,Vibration,2.29,mm/s,2026-07-25 08:00:00
159,2,Temperature,64.98,°C,2026-07-25 14:00:00
160,2,Vibration,2.88,mm/s,2026-07-25 14:00:00
161,2,Temperature,68.68,°C,2026-07-25 22:00:00
162,2,Vibration,3.01,mm/s,2026-07-25 22:00:00
163,3,Temperature,78.63,°C,2026-07-25 08:00:00
164,3,Vibration,4.84,mm/s,2026-07-25 08:00:00
165,3,Temperature,79.11,°C,2026-07-25 14:00:00
166,3,Vibration,5.47,mm/s,2026-07-25 14:00:00
167,3,Temperature,79.39,°C,2026-07-25 22:00:00
168,3,Vibration,4.89,mm/s,2026-07-25 22:00:00
169,4,Temperature,66.68,°C,2026-07-25 08:00:00
170,4,Vibration,2.19,mm/s,2026-07-25 08:00:00
171,4,Temperature,67.08,°C,2026-07-25 14:00:00
172,4,Vibration,3.3,mm/s,2026-07-25 14:00:00
173,4,Temperature,65.57,°C,2026-07-25 22:00:00
174,4,Vibration,2.95,mm/s,2026-07-25 22:00:00
175,5,Temperature,60.78,°C,2026-07-25 08:00:00
176,5,Vibration,2.49,mm/s,2026-07-25 08:00:00
177,5,Temperature,67.55,°C,2026-07-25 14:00:00
178,5,Vibration,2.17,mm/s,2026-07-25 14:00:00
179,5,Temperature,67.62,°C,2026-07-25 22:00:00
180,5,Vibration,3.23,mm/s,2026-07-25 22:00:00
181,1,Temperature,64.36,°C,2026-07-26 08:00:00
182,1,Vibration,2.41,mm/s,2026-07-26 08:00:00
183,1,Temperature,70.55,°C,2026-07-26 14:00:00
184,1,Vibration,3.23,mm/s,2026-07-26 14:00:00
185,1,Temperature,72.21,°C,2026-07-26 22:00:00
186,1,Vibration,3.06,mm/s,2026-07-26 22:00:00
187,2,Temperature,69.38,°C,2026-07-26 08:00:00
188,2,Vibration,3.25,mm/s,2026-07-26 08:00:00
189,2,Temperature,66.76,°C,2026-07-26 14:00:00
190,2,Vibration,2.5,mm/s,2026-07-26 14:00:00
191,2,Temperature,67.49,°C,2026-07-26 22:00:00
192,2,Vibration,2.9,mm/s,2026-07-26 22:00:00
193,3,Temperature,80.03,°C,2026-07-26 08:00:00
194,3,Vibration,4.8,mm/s,2026-07-26 08:00:00
195,3,Temperature,83.19,°C,2026-07-26 14:00:00
196,3,Vibration,5.08,mm/s,2026-07-26 14:00:00
197,3,Temperature,81.44,°C,2026-07-26 22:00:00
198,3,Vibration,4.13,mm/s,2026-07-26 22:00:00
199,4,Temperature,64.99,°C,2026-07-26 08:00:00
200,4,Vibration,2.01,mm/s,2026-07-26 08:00:00
201,4,Temperature,67.95,°C,2026-07-26 14:00:00
202,4,Vibration,2.35,mm/s,2026-07-26 14:00:00
203,4,Temperature,62.01,°C,2026-07-26 22:00:00
204,4,Vibration,2.47,mm/s,2026-07-26 22:00:00
205,5,Temperature,70.81,°C,2026-07-26 08:00:00
206,5,Vibration,3.02,mm/s,2026-07-26 08:00:00
207,5,Temperature,67.66,°C,2026-07-26 14:00:00
208,5,Vibration,2.04,mm/s,2026-07-26 14:00:00
209,5,Temperature,71.86,°C,2026-07-26 22:00:00
210,5,Vibration,2.39,mm/s,2026-07-26 22:00:00
211,1,Temperature,72.8,°C,2026-07-27 08:00:00
212,1,Vibration,2.84,mm/s,2026-07-27 08:00:00
213,1,Temperature,72.51,°C,2026-07-27 14:00:00
214,1,Vibration,3.65,mm/s,2026-07-27 14:00:00
215,1,Temperature,71.94,°C,2026-07-27 22:00:00
216,1,Vibration,3.38,mm/s,2026-07-27 22:00:00
217,2,Temperature,67.7,°C,2026-07-27 08:00:00
218,2,Vibration,2.58,mm/s,2026-07-27 08:00:00
219,2,Temperature,68.41,°C,2026-07-27 14:00:00
220,2,Vibration,2.63,mm/s,2026-07-27 14:00:00
221,2,Temperature,75.4,°C,2026-07-27 22:00:00
222,2,Vibration,2.3,mm/s,2026-07-27 22:00:00
223,3,Temperature,85.01,°C,2026-07-27 08:00:00
224,3,Vibration,5.26,mm/s,2026-07-27 08:00:00
225,3,Temperature,82.69,°C,2026-07-27 14:00:00
226,3,Vibration,5.74,mm/s,2026-07-27 14:00:00
227,3,Temperature,82.9,°C,2026-07-27 22:00:00
228,3,Vibration,4.68,mm/s,2026-07-27 22:00:00
229,4,Temperature,65.88,°C,2026-07-27 08:00:00
230,4,Vibration,2.41,mm/s,2026-07-27 08:00:00
231,4,Temperature,66.51,°C,2026-07-27 14:00:00
232,4,Vibration,2.91,mm/s,2026-07-27 14:00:00
233,4,Temperature,62.42,°C,2026-07-27 22:00:00
234,4,Vibration,3.1,mm/s,2026-07-27 22:00:00
235,5,Temperature,66.24,°C,2026-07-27 08:00:00
236,5,Vibration,2.92,mm/s,2026-07-27 08:00:00
237,5,Temperature,68.85,°C,2026-07-27 14:00:00
238,5,Vibration,2.88,mm/s,2026-07-27 14:00:00
239,5,Temperature,66.67,°C,2026-07-27 22:00:00
240,5,Vibration,2.46,mm/s,2026-07-27 22:00:00
241,1,Temperature,69.19,°C,2026-07-28 08:00:00
242,1,Vibration,3.78,mm/s,2026-07-28 08:00:00
243,1,Temperature,67.4,°C,2026-07-28 14:00:00
244,1,Vibration,2.64,mm/s,2026-07-28 14:00:00
245,1,Temperature,67.71,°C,2026-07-28 22:00:00
246,1,Vibration,3.07,mm/s,2026-07-28 22:00:00
247,2,Temperature,63.43,°C,2026-07-28 08:00:00
248,2,Vibration,2.12,mm/s,2026-07-28 08:00:00
249,2,Temperature,67.22,°C,2026-07-28 14:00:00
250,2,Vibration,2.16,mm/s,2026-07-28 14:00:00
251,2,Temperature,64.38,°C,2026-07-28 22:00:00
252,2,Vibration,2.16,mm/s,2026-07-28 22:00:00
253,3,Temperature,79.46,°C,2026-07-28 08:00:00
254,3,Vibration,5.37,mm/s,2026-07-28 08:00:00
255,3,Temperature,84.87,°C,2026-07-28 14:00:00
256,3,Vibration,5.96,mm/s,2026-07-28 14:00:00
257,3,Temperature,87.65,°C,2026-07-28 22:00:00
258,3,Vibration,5.39,mm/s,2026-07-28 22:00:00
259,4,Temperature,68.08,°C,2026-07-28 08:00:00
260,4,Vibration,2.57,mm/s,2026-07-28 08:00:00
261,4,Temperature,66.56,°C,2026-07-28 14:00:00
262,4,Vibration,3.47,mm/s,2026-07-28 14:00:00
263,4,Temperature,66.11,°C,2026-07-28 22:00:00
264,4,Vibration,3.08,mm/s,2026-07-28 22:00:00
265,5,Temperature,64.2,°C,2026-07-28 08:00:00
266,5,Vibration,2.37,mm/s,2026-07-28 08:00:00
267,5,Temperature,67.94,°C,2026-07-28 14:00:00
268,5,Vibration,2.77,mm/s,2026-07-28 14:00:00
269,5,Temperature,65.14,°C,2026-07-28 22:00:00
270,5,Vibration,3.9,mm/s,2026-07-28 22:00:00
271,1,Temperature,70.52,°C,2026-07-29 08:00:00
272,1,Vibration,2.78,mm/s,2026-07-29 08:00:00
273,1,Temperature,70.45,°C,2026-07-29 14:00:00
274,1,Vibration,3.01,mm/s,2026-07-29 14:00:00
275,1,Temperature,70.56,°C,2026-07-29 22:00:00
276,1,Vibration,2.2,mm/s,2026-07-29 22:00:00
277,2,Temperature,71.88,°C,2026-07-29 08:00:00
278,2,Vibration,3.47,mm/s,2026-07-29 08:00:00
279,2,Temperature,72.41,°C,2026-07-29 14:00:00
280,2,Vibration,2.96,mm/s,2026-07-29 14:00:00
281,2,Temperature,69.99,°C,2026-07-29 22:00:00
282,2,Vibration,2.37,mm/s,2026-07-29 22:00:00
283,3,Temperature,84.5,°C,2026-07-29 08:00:00
284,3,Vibration,5.13,mm/s,2026-07-29 08:00:00
285,3,Temperature,80.62,°C,2026-07-29 14:00:00
286,3,Vibration,5.43,mm/s,2026-07-29 14:00:00
287,3,Temperature,84.71,°C,2026-07-29 22:00:00
288,3,Vibration,5.03,mm/s,2026-07-29 22:00:00
289,4,Temperature,66.32,°C,2026-07-29 08:00:00
290,4,Vibration,1.98,mm/s,2026-07-29 08:00:00
291,4,Temperature,68.73,°C,2026-07-29 14:00:00
292,4,Vibration,2.05,mm/s,2026-07-29 14:00:00
293,4,Temperature,62.88,°C,2026-07-29 22:00:00
294,4,Vibration,2.53,mm/s,2026-07-29 22:00:00
295,5,Temperature,70.34,°C,2026-07-29 08:00:00
296,5,Vibration,3.26,mm/s,2026-07-29 08:00:00
297,5,Temperature,66.99,°C,2026-07-29 14:00:00
298,5,Vibration,3.09,mm/s,2026-07-29 14:00:00
299,5,Temperature,61.93,°C,2026-07-29 22:00:00
300,5,Vibration,2.34,mm/s,2026-07-29 22:00:00
301,1,Temperature,67.9,°C,2026-07-30 08:00:00
302,1,Vibration,3.63,mm/s,2026-07-30 08:00:00
303,1,Temperature,71.96,°C,2026-07-30 14:00:00
304,1,Vibration,3.09,mm/s,2026-07-30 14:00:00
305,1,Temperature,70.85,°C,2026-07-30 22:00:00
306,1,Vibration,3.78,mm/s,2026-07-30 22:00:00
307,2,Temperature,67.49,°C,2026-07-30 08:00:00
308,2,Vibration,2.14,mm/s,2026-07-30 08:00:00
309,2,Temperature,71.26,°C,2026-07-30 14:00:00
310,2,Vibration,2.89,mm/s,2026-07-30 14:00:00
311,2,Temperature,70.86,°C,2026-07-30 22:00:00
312,2,Vibration,2.78,mm/s,2026-07-30 22:00:00
313,3,Temperature,79.48,°C,2026-07-30 08:00:00
314,3,Vibration,5.2,mm/s,2026-07-30 08:00:00
315,3,Temperature,82.03,°C,2026-07-30 14:00:00
316,3,Vibration,5.09,mm/s,2026-07-30 14:00:00
317,3,Temperature,86.85,°C,2026-07-30 22:00:00
318,3,Vibration,4.45,mm/s,2026-07-30 22:00:00
319,4,Temperature,65.86,°C,2026-07-30 08:00:00
320,4,Vibration,2.09,mm/s,2026-07-30 08:00:00
321,4,Temperature,57.23,°C,2026-07-30 14:00:00
322,4,Vibration,2.48,mm/s,2026-07-30 14:00:00
323,4,Temperature,65.09,°C,2026-07-30 22:00:00
324,4,Vibration,2.81,mm/s,2026-07-30 22:00:00
325,5,Temperature,66.35,°C,2026-07-30 08:00:00
326,5,Vibration,1.96,mm/s,2026-07-30 08:00:00
327,5,Temperature,64.53,°C,2026-07-30 14:00:00
328,5,Vibration,3.36,mm/s,2026-07-30 14:00:00
329,5,Temperature,64.49,°C,2026-07-30 22:00:00
330,5,Vibration,3.49,mm/s,2026-07-30 22:00:00
331,1,Temperature,73.15,°C,2026-07-31 08:00:00
332,1,Vibration,2.84,mm/s,2026-07-31 08:00:00
333,1,Temperature,67.81,°C,2026-07-31 14:00:00
334,1,Vibration,3.52,mm/s,2026-07-31 14:00:00
335,1,Temperature,69.28,°C,2026-07-31 22:00:00
336,1,Vibration,2.23,mm/s,2026-07-31 22:00:00
337,2,Temperature,69.69,°C,2026-07-31 08:00:00
338,2,Vibration,3.01,mm/s,2026-07-31 08:00:00
339,2,Temperature,71.41,°C,2026-07-31 14:00:00
340,2,Vibration,2.97,mm/s,2026-07-31 14:00:00
341,2,Temperature,66.35,°C,2026-07-31 22:00:00
342,2,Vibration,3.43,mm/s,2026-07-31 22:00:00
343,3,Temperature,86.1,°C,2026-07-31 08:00:00
344,3,Vibration,5.12,mm/s,2026-07-31 08:00:00
345,3,Temperature,82.18,°C,2026-07-31 14:00:00
346,3,Vibration,4.34,mm/s,2026-07-31 14:00:00
347,3,Temperature,80.18,°C,2026-07-31 22:00:00
348,3,Vibration,5.38,mm/s,2026-07-31 22:00:00
349,4,Temperature,63.33,°C,2026-07-31 08:00:00
350,4,Vibration,1.77,mm/s,2026-07-31 08:00:00
351,4,Temperature,75.49,°C,2026-07-31 14:00:00
352,4,Vibration,1.77,mm/s,2026-07-31 14:00:00
353,4,Temperature,71.77,°C,2026-07-31 22:00:00
354,4,Vibration,2.35,mm/s,2026-07-31 22:00:00
355,5,Temperature,66.75,°C,2026-07-31 08:00:00
356,5,Vibration,2.36,mm/s,2026-07-31 08:00:00
357,5,Temperature,69.35,°C,2026-07-31 14:00:00
358,5,Vibration,1.98,mm/s,2026-07-31 14:00:00
359,5,Temperature,61.48,°C,2026-07-31 22:00:00
360,5,Vibration,3.51,mm/s,2026-07-31 22:00:00
361,1,Temperature,67.59,°C,2026-08-01 08:00:00
362,1,Vibration,3.37,mm/s,2026-08-01 08:00:00
363,1,Temperature,66.74,°C,2026-08-01 14:00:00
364,1,Vibration,3.35,mm/s,2026-08-01 14:00:00
365,1,Temperature,75.05,°C,2026-08-01 22:00:00
366,1,Vibration,2.74,mm/s,2026-08-01 22:00:00
367,2,Temperature,62.2,°C,2026-08-01 08:00:00
368,2,Vibration,3.64,mm/s,2026-08-01 08:00:00
369,2,Temperature,70.78,°C,2026-08-01 14:00:00
370,2,Vibration,2.56,mm/s,2026-08-01 14:00:00
371,2,Temperature,67.35,°C,2026-08-01 22:00:00
372,2,Vibration,2.24,mm/s,2026-08-01 22:00:00
373,3,Temperature,86.26,°C,2026-08-01 08:00:00
374,3,Vibration,4.73,mm/s,2026-08-01 08:00:00
375,3,Temperature,77.74,°C,2026-08-01 14:00:00
376,3,Vibration,5.11,mm/s,2026-08-01 14:00:00
377,3,Temperature,79.42,°C,2026-08-01 22:00:00
378,3,Vibration,4.48,mm/s,2026-08-01 22:00:00
379,4,Temperature,63.71,°C,2026-08-01 08:00:00
380,4,Vibration,2.54,mm/s,2026-08-01 08:00:00
381,4,Temperature,60.86,°C,2026-08-01 14:00:00
382,4,Vibration,3.19,mm/s,2026-08-01 14:00:00
383,4,Temperature,67.03,°C,2026-08-01 22:00:00
384,4,Vibration,2.32,mm/s,2026-08-01 22:00:00
385,5,Temperature,64.29,°C,2026-08-01 08:00:00
386,5,Vibration,2.66,mm/s,2026-08-01 08:00:00
387,5,Temperature,69.7,°C,2026-08-01 14:00:00
388,5,Vibration,3.07,mm/s,2026-08-01 14:00:00
389,5,Temperature,70.18,°C,2026-08-01 22:00:00
390,5,Vibration,2.46,mm/s,2026-08-01 22:00:00
391,1,Temperature,61.23,°C,2026-08-02 08:00:00
392,1,Vibration,3.62,mm/s,2026-08-02 08:00:00
393,1,Temperature,69.5,°C,2026-08-02 14:00:00
394,1,Vibration,3.33,mm/s,2026-08-02 14:00:00
395,1,Temperature,75.01,°C,2026-08-02 22:00:00
396,1,Vibration,4.22,mm/s,2026-08-02 22:00:00
397,2,Temperature,66.05,°C,2026-08-02 08:00:00
398,2,Vibration,2.87,mm/s,2026-08-02 08:00:00
399,2,Temperature,72.1,°C,2026-08-02 14:00:00
400,2,Vibration,2.38,mm/s,2026-08-02 14:00:00
401,2,Temperature,66.25,°C,2026-08-02 22:00:00
402,2,Vibration,2.51,mm/s,2026-08-02 22:00:00
403,3,Temperature,81.92,°C,2026-08-02 08:00:00
404,3,Vibration,4.89,mm/s,2026-08-02 08:00:00
405,3,Temperature,80.22,°C,2026-08-02 14:00:00
406,3,Vibration,4.52,mm/s,2026-08-02 14:00:00
407,3,Temperature,84.44,°C,2026-08-02 22:00:00
408,3,Vibration,5.67,mm/s,2026-08-02 22:00:00
409,4,Temperature,69.45,°C,2026-08-02 08:00:00
410,4,Vibration,2.26,mm/s,2026-08-02 08:00:00
411,4,Temperature,67.56,°C,2026-08-02 14:00:00
412,4,Vibration,2.62,mm/s,2026-08-02 14:00:00
413,4,Temperature,63.29,°C,2026-08-02 22:00:00
414,4,Vibration,2.87,mm/s,2026-08-02 22:00:00
415,5,Temperature,65.15,°C,2026-08-02 08:00:00
416,5,Vibration,2.51,mm/s,2026-08-02 08:00:00
417,5,Temperature,62.87,°C,2026-08-02 14:00:00
418,5,Vibration,2.47,mm/s,2026-08-02 14:00:00
419,5,Temperature,67.76,°C,2026-08-02 22:00:00
420,5,Vibration,3.48,mm/s,2026-08-02 22:00:00
421,1,Temperature,68.94,°C,2026-08-03 08:00:00
422,1,Vibration,2.48,mm/s,2026-08-03 08:00:00
423,1,Temperature,74.49,°C,2026-08-03 14:00:00
424,1,Vibration,2.75,mm/s,2026-08-03 14:00:00
425,1,Temperature,64.75,°C,2026-08-03 22:00:00
426,1,Vibration,3.07,mm/s,2026-08-03 22:00:00
427,2,Temperature,67.03,°C,2026-08-03 08:00:00
428,2,Vibration,3.95,mm/s,2026-08-03 08:00:00
429,2,Temperature,69.43,°C,2026-08-03 14:00:00
430,2,Vibration,2.73,mm/s,2026-08-03 14:00:00
431,2,Temperature,65.23,°C,2026-08-03 22:00:00
432,2,Vibration,2.97,mm/s,2026-08-03 22:00:00
433,3,Temperature,86.37,°C,2026-08-03 08:00:00
434,3,Vibration,5.16,mm/s,2026-08-03 08:00:00
435,3,Temperature,79.46,°C,2026-08-03 14:00:00
436,3,Vibration,5.27,mm/s,2026-08-03 14:00:00
437,3,Temperature,81.85,°C,2026-08-03 22:00:00
438,3,Vibration,5.22,mm/s,2026-08-03 22:00:00
439,4,Temperature,63.94,°C,2026-08-03 08:00:00
440,4,Vibration,2.31,mm/s,2026-08-03 08:00:00
441,4,Temperature,63.75,°C,2026-08-03 14:00:00
442,4,Vibration,2.97,mm/s,2026-08-03 14:00:00
443,4,Temperature,63.9,°C,2026-08-03 22:00:00
444,4,Vibration,2.27,mm/s,2026-08-03 22:00:00
445,5,Temperature,64.17,°C,2026-08-03 08:00:00
446,5,Vibration,2.93,mm/s,2026-08-03 08:00:00
447,5,Temperature,67.94,°C,2026-08-03 14:00:00
448,5,Vibration,2.48,mm/s,2026-08-03 14:00:00
449,5,Temperature,64.87,°C,2026-08-03 22:00:00
450,5,Vibration,3.64,mm/s,2026-08-03 22:00:00
451,1,Temperature,64.36,°C,2026-08-04 08:00:00
452,1,Vibration,3.25,mm/s,2026-08-04 08:00:00
453,1,Temperature,73.87,°C,2026-08-04 14:00:00
454,1,Vibration,1.31,mm/s,2026-08-04 14:00:00
455,1,Temperature,72.38,°C,2026-08-04 22:00:00
456,1,Vibration,2.89,mm/s,2026-08-04 22:00:00
457,2,Temperature,68.77,°C,2026-08-04 08:00:00
458,2,Vibration,2.64,mm/s,2026-08-04 08:00:00
459,2,Temperature,71.23,°C,2026-08-04 14:00:00
460,2,Vibration,2.98,mm/s,2026-08-04 14:00:00
461,2,Temperature,68.4,°C,2026-08-04 22:00:00
462,2,Vibration,2.35,mm/s,2026-08-04 22:00:00
463,3,Temperature,87.65,°C,2026-08-04 08:00:00
464,3,Vibration,5.0,mm/s,2026-08-04 08:00:00
465,3,Temperature,88.87,°C,2026-08-04 14:00:00
466,3,Vibration,5.96,mm/s,2026-08-04 14:00:00
467,3,Temperature,76.66,°C,2026-08-04 22:00:00
468,3,Vibration,4.67,mm/s,2026-08-04 22:00:00
469,4,Temperature,61.89,°C,2026-08-04 08:00:00
470,4,Vibration,2.48,mm/s,2026-08-04 08:00:00
471,4,Temperature,65.56,°C,2026-08-04 14:00:00
472,4,Vibration,2.61,mm/s,2026-08-04 14:00:00
473,4,Temperature,68.16,°C,2026-08-04 22:00:00
474,4,Vibration,3.25,mm/s,2026-08-04 22:00:00
475,5,Temperature,69.9,°C,2026-08-04 08:00:00
476,5,Vibration,2.42,mm/s,2026-08-04 08:00:00
477,5,Temperature,64.65,°C,2026-08-04 14:00:00
478,5,Vibration,2.7,mm/s,2026-08-04 14:00:00
479,5,Temperature,68.28,°C,2026-08-04 22:00:00
480,5,Vibration,2.61,mm/s,2026-08-04 22:00:00
481,1,Temperature,65.96,°C,2026-08-05 08:00:00
482,1,Vibration,3.34,mm/s,2026-08-05 08:00:00
483,1,Temperature,68.82,°C,2026-08-05 14:00:00
484,1,Vibration,2.79,mm/s,2026-08-05 14:00:00
485,1,Temperature,69.84,°C,2026-08-05 22:00:00
486,1,Vibration,2.88,mm/s,2026-08-05 22:00:00
487,2,Temperature,66.9,°C,2026-08-05 08:00:00
488,2,Vibration,2.16,mm/s,2026-08-05 08:00:00
489,2,Temperature,67.66,°C,2026-08-05 14:00:00
490,2,Vibration,3.15,mm/s,2026-08-05 14:00:00
491,2,Temperature,68.79,°C,2026-08-05 22:00:00
492,2,Vibration,3.27,mm/s,2026-08-05 22:00:00
493,3,Temperature,79.81,°C,2026-08-05 08:00:00
494,3,Vibration,4.36,mm/s,2026-08-05 08:00:00
495,3,Temperature,81.26,°C,2026-08-05 14:00:00
496,3,Vibration,4.69,mm/s,2026-08-05 14:00:00
497,3,Temperature,80.47,°C,2026-08-05 22:00:00
498,3,Vibration,5.11,mm/s,2026-08-05 22:00:00
499,4,Temperature,63.49,°C,2026-08-05 08:00:00
500,4,Vibration,1.87,mm/s,2026-08-05 08:00:00
501,4,Temperature,63.32,°C,2026-08-05 14:00:00
502,4,Vibration,2.67,mm/s,2026-08-05 14:00:00
503,4,Temperature,67.01,°C,2026-08-05 22:00:00
504,4,Vibration,2.83,mm/s,2026-08-05 22:00:00
505,5,Temperature,68.27,°C,2026-08-05 08:00:00
506,5,Vibration,2.62,mm/s,2026-08-05 08:00:00
507,5,Temperature,68.21,°C,2026-08-05 14:00:00
508,5,Vibration,2.68,mm/s,2026-08-05 14:00:00
509,5,Temperature,67.34,°C,2026-08-05 22:00:00
510,5,Vibration,2.23,mm/s,2026-08-05 22:00:00
511,1,Temperature,70.13,°C,2026-08-06 08:00:00
512,1,Vibration,3.19,mm/s,2026-08-06 08:00:00
513,1,Temperature,71.02,°C,2026-08-06 14:00:00
514,1,Vibration,2.36,mm/s,2026-08-06 14:00:00
515,1,Temperature,70.29,°C,2026-08-06 22:00:00
516,1,Vibration,2.28,mm/s,2026-08-06 22:00:00
517,2,Temperature,68.52,°C,2026-08-06 08:00:00
518,2,Vibration,2.45,mm/s,2026-08-06 08:00:00
519,2,Temperature,73.12,°C,2026-08-06 14:00:00
520,2,Vibration,2.86,mm/s,2026-08-06 14:00:00
521,2,Temperature,70.4,°C,2026-08-06 22:00:00
522,2,Vibration,3.86,mm/s,2026-08-06 22:00:00
523,3,Temperature,79.55,°C,2026-08-06 08:00:00
524,3,Vibration,5.22,mm/s,2026-08-06 08:00:00
525,3,Temperature,78.44,°C,2026-08-06 14:00:00
526,3,Vibration,5.17,mm/s,2026-08-06 14:00:00
527,3,Temperature,87.3,°C,2026-08-06 22:00:00
528,3,Vibration,4.69,mm/s,2026-08-06 22:00:00
529,4,Temperature,62.34,°C,2026-08-06 08:00:00
530,4,Vibration,2.45,mm/s,2026-08-06 08:00:00
531,4,Temperature,71.14,°C,2026-08-06 14:00:00
532,4,Vibration,2.89,mm/s,2026-08-06 14:00:00
533,4,Temperature,62.29,°C,2026-08-06 22:00:00
534,4,Vibration,3.23,mm/s,2026-08-06 22:00:00
535,5,Temperature,62.03,°C,2026-08-06 08:00:00
536,5,Vibration,3.77,mm/s,2026-08-06 08:00:00
537,5,Temperature,69.57,°C,2026-08-06 14:00:00
538,5,Vibration,3.58,mm/s,2026-08-06 14:00:00
539,5,Temperature,62.06,°C,2026-08-06 22:00:00
540,5,Vibration,2.78,mm/s,2026-08-06 22:00:00
541,1,Temperature,69.6,°C,2026-08-07 08:00:00
542,1,Vibration,2.5,mm/s,2026-08-07 08:00:00
543,1,Temperature,66.11,°C,2026-08-07 14:00:00
544,1,Vibration,3.25,mm/s,2026-08-07 14:00:00
545,1,Temperature,71.79,°C,2026-08-07 22:00:00
546,1,Vibration,3.65,mm/s,2026-08-07 22:00:00
547,2,Temperature,66.49,°C,2026-08-07 08:00:00
548,2,Vibration,2.73,mm/s,2026-08-07 08:00:00
549,2,Temperature,63.85,°C,2026-08-07 14:00:00
550,2,Vibration,3.57,mm/s,2026-08-07 14:00:00
551,2,Temperature,68.21,°C,2026-08-07 22:00:00
552,2,Vibration,3.16,mm/s,2026-08-07 22:00:00
553,3,Temperature,84.27,°C,2026-08-07 08:00:00
554,3,Vibration,5.73,mm/s,2026-08-07 08:00:00
555,3,Temperature,79.51,°C,2026-08-07 14:00:00
556,3,Vibration,5.35,mm/s,2026-08-07 14:00:00
557,3,Temperature,81.92,°C,2026-08-07 22:00:00
558,3,Vibration,6.05,mm/s,2026-08-07 22:00:00
559,4,Temperature,62.5,°C,2026-08-07 08:00:00
560,4,Vibration,3.09,mm/s,2026-08-07 08:00:00
561,4,Temperature,66.05,°C,2026-08-07 14:00:00
562,4,Vibration,2.65,mm/s,2026-08-07 14:00:00
563,4,Temperature,65.16,°C,2026-08-07 22:00:00
564,4,Vibration,3.17,mm/s,2026-08-07 22:00:00
565,5,Temperature,67.79,°C,2026-08-07 08:00:00
566,5,Vibration,1.94,mm/s,2026-08-07 08:00:00
567,5,Temperature,70.66,°C,2026-08-07 14:00:00
568,5,Vibration,3.22,mm/s,2026-08-07 14:00:00
569,5,Temperature,68.76,°C,2026-08-07 22:00:00
570,5,Vibration,2.14,mm/s,2026-08-07 22:00:00
571,1,Temperature,67.08,°C,2026-08-08 08:00:00
572,1,Vibration,2.06,mm/s,2026-08-08 08:00:00
573,1,Temperature,71.38,°C,2026-08-08 14:00:00
574,1,Vibration,2.33,mm/s,2026-08-08 14:00:00
575,1,Temperature,64.84,°C,2026-08-08 22:00:00
576,1,Vibration,3.64,mm/s,2026-08-08 22:00:00
577,2,Temperature,70.3,°C,2026-08-08 08:00:00
578,2,Vibration,2.63,mm/s,2026-08-08 08:00:00
579,2,Temperature,67.6,°C,2026-08-08 14:00:00
580,2,Vibration,1.6,mm/s,2026-08-08 14:00:00
581,2,Temperature,70.75,°C,2026-08-08 22:00:00
582,2,Vibration,2.45,mm/s,2026-08-08 22:00:00
583,3,Temperature,82.99,°C,2026-08-08 08:00:00
584,3,Vibration,3.76,mm/s,2026-08-08 08:00:00
585,3,Temperature,84.93,°C,2026-08-08 14:00:00
586,3,Vibration,4.62,mm/s,2026-08-08 14:00:00
587,3,Temperature,77.87,°C,2026-08-08 22:00:00
588,3,Vibration,4.83,mm/s,2026-08-08 22:00:00
589,4,Temperature,63.21,°C,2026-08-08 08:00:00
590,4,Vibration,3.04,mm/s,2026-08-08 08:00:00
591,4,Temperature,63.74,°C,2026-08-08 14:00:00
592,4,Vibration,3.18,mm/s,2026-08-08 14:00:00
593,4,Temperature,65.99,°C,2026-08-08 22:00:00
594,4,Vibration,2.95,mm/s,2026-08-08 22:00:00
595,5,Temperature,66.99,°C,2026-08-08 08:00:00
596,5,Vibration,3.34,mm/s,2026-08-08 08:00:00
597,5,Temperature,63.54,°C,2026-08-08 14:00:00
598,5,Vibration,2.76,mm/s,2026-08-08 14:00:00
599,5,Temperature,65.81,°C,2026-08-08 22:00:00
600,5,Vibration,3.4,mm/s,2026-08-08 22:00:00
601,1,Temperature,74.5,°C,2026-08-09 08:00:00
602,1,Vibration,3.0,mm/s,2026-08-09 08:00:00
603,1,Temperature,66.13,°C,2026-08-09 14:00:00
604,1,Vibration,3.21,mm/s,2026-08-09 14:00:00
605,1,Temperature,65.01,°C,2026-08-09 22:00:00
606,1,Vibration,3.81,mm/s,2026-08-09 22:00:00
607,2,Temperature,66.58,°C,2026-08-09 08:00:00
608,2,Vibration,2.78,mm/s,2026-08-09 08:00:00
609,2,Temperature,65.96,°C,2026-08-09 14:00:00
610,2,Vibration,2.35,mm/s,2026-08-09 14:00:00
611,2,Temperature,70.21,°C,2026-08-09 22:00:00
612,2,Vibration,2.72,mm/s,2026-08-09 22:00:00
613,3,Temperature,82.13,°C,2026-08-09 08:00:00
614,3,Vibration,4.5,mm/s,2026-08-09 08:00:00
615,3,Temperature,84.57,°C,2026-08-09 14:00:00
616,3,Vibration,5.48,mm/s,2026-08-09 14:00:00
617,3,Temperature,81.37,°C,2026-08-09 22:00:00
618,3,Vibration,5.63,mm/s,2026-08-09 22:00:00
619,4,Temperature,64.69,°C,2026-08-09 08:00:00
620,4,Vibration,2.89,mm/s,2026-08-09 08:00:00
621,4,Temperature,60.13,°C,2026-08-09 14:00:00
622,4,Vibration,2.68,mm/s,2026-08-09 14:00:00
623,4,Temperature,64.19,°C,2026-08-09 22:00:00
624,4,Vibration,2.58,mm/s,2026-08-09 22:00:00
625,5,Temperature,67.33,°C,2026-08-09 08:00:00
626,5,Vibration,2.76,mm/s,2026-08-09 08:00:00
627,5,Temperature,68.85,°C,2026-08-09 14:00:00
628,5,Vibration,2.42,mm/s,2026-08-09 14:00:00
629,5,Temperature,68.71,°C,2026-08-09 22:00:00
630,5,Vibration,3.32,mm/s,2026-08-09 22:00:00
631,1,Temperature,65.77,°C,2026-08-10 08:00:00
632,1,Vibration,2.61,mm/s,2026-08-10 08:00:00
633,1,Temperature,67.78,°C,2026-08-10 14:00:00
634,1,Vibration,2.45,mm/s,2026-08-10 14:00:00
635,1,Temperature,68.58,°C,2026-08-10 22:00:00
636,1,Vibration,3.52,mm/s,2026-08-10 22:00:00
637,2,Temperature,72.34,°C,2026-08-10 08:00:00
638,2,Vibration,2.85,mm/s,2026-08-10 08:00:00
639,2,Temperature,67.03,°C,2026-08-10 14:00:00
640,2,Vibration,3.2,mm/s,2026-08-10 14:00:00
641,2,Temperature,60.91,°C,2026-08-10 22:00:00
642,2,Vibration,2.27,mm/s,2026-08-10 22:00:00
643,3,Temperature,75.04,°C,2026-08-10 08:00:00
644,3,Vibration,4.47,mm/s,2026-08-10 08:00:00
645,3,Temperature,79.7,°C,2026-08-10 14:00:00
646,3,Vibration,5.74,mm/s,2026-08-10 14:00:00
647,3,Temperature,73.72,°C,2026-08-10 22:00:00
648,3,Vibration,4.79,mm/s,2026-08-10 22:00:00
649,4,Temperature,66.86,°C,2026-08-10 08:00:00
650,4,Vibration,2.71,mm/s,2026-08-10 08:00:00
651,4,Temperature,69.39,°C,2026-08-10 14:00:00
652,4,Vibration,2.58,mm/s,2026-08-10 14:00:00
653,4,Temperature,66.12,°C,2026-08-10 22:00:00
654,4,Vibration,1.58,mm/s,2026-08-10 22:00:00
655,5,Temperature,64.04,°C,2026-08-10 08:00:00
656,5,Vibration,1.81,mm/s,2026-08-10 08:00:00
657,5,Temperature,68.72,°C,2026-08-10 14:00:00
658,5,Vibration,2.87,mm/s,2026-08-10 14:00:00
659,5,Temperature,67.94,°C,2026-08-10 22:00:00
660,5,Vibration,2.26,mm/s,2026-08-10 22:00:00
661,1,Temperature,67.08,°C,2026-08-11 08:00:00
662,1,Vibration,3.1,mm/s,2026-08-11 08:00:00
663,1,Temperature,67.99,°C,2026-08-11 14:00:00
664,1,Vibration,2.49,mm/s,2026-08-11 14:00:00
665,1,Temperature,68.47,°C,2026-08-11 22:00:00
666,1,Vibration,2.67,mm/s,2026-08-11 22:00:00
667,2,Temperature,65.4,°C,2026-08-11 08:00:00
668,2,Vibration,2.19,mm/s,2026-08-11 08:00:00
669,2,Temperature,69.35,°C,2026-08-11 14:00:00
670,2,Vibration,3.58,mm/s,2026-08-11 14:00:00
671,2,Temperature,67.88,°C,2026-08-11 22:00:00
672,2,Vibration,2.91,mm/s,2026-08-11 22:00:00
673,3,Temperature,83.61,°C,2026-08-11 08:00:00
674,3,Vibration,5.18,mm/s,2026-08-11 08:00:00
675,3,Temperature,79.46,°C,2026-08-11 14:00:00
676,3,Vibration,5.86,mm/s,2026-08-11 14:00:00
677,3,Temperature,79.73,°C,2026-08-11 22:00:00
678,3,Vibration,5.32,mm/s,2026-08-11 22:00:00
679,4,Temperature,66.59,°C,2026-08-11 08:00:00
680,4,Vibration,1.52,mm/s,2026-08-11 08:00:00
681,4,Temperature,63.92,°C,2026-08-11 14:00:00
682,4,Vibration,2.53,mm/s,2026-08-11 14:00:00
683,4,Temperature,65.4,°C,2026-08-11 22:00:00
684,4,Vibration,2.65,mm/s,2026-08-11 22:00:00
685,5,Temperature,69.27,°C,2026-08-11 08:00:00
686,5,Vibration,2.7,mm/s,2026-08-11 08:00:00
687,5,Temperature,68.06,°C,2026-08-11 14:00:00
688,5,Vibration,2.68,mm/s,2026-08-11 14:00:00
689,5,Temperature,63.95,°C,2026-08-11 22:00:00
690,5,Vibration,2.72,mm/s,2026-08-11 22:00:00
691,1,Temperature,72.25,°C,2026-08-12 08:00:00
692,1,Vibration,3.55,mm/s,2026-08-12 08:00:00
693,1,Temperature,71.61,°C,2026-08-12 14:00:00
694,1,Vibration,3.67,mm/s,2026-08-12 14:00:00
695,1,Temperature,71.26,°C,2026-08-12 22:00:00
696,1,Vibration,3.43,mm/s,2026-08-12 22:00:00
697,2,Temperature,70.81,°C,2026-08-12 08:00:00
698,2,Vibration,2.69,mm/s,2026-08-12 08:00:00
699,2,Temperature,70.18,°C,2026-08-12 14:00:00
700,2,Vibration,2.33,mm/s,2026-08-12 14:00:00
701,2,Temperature,69.05,°C,2026-08-12 22:00:00
702,2,Vibration,3.09,mm/s,2026-08-12 22:00:00
703,3,Temperature,85.15,°C,2026-08-12 08:00:00
704,3,Vibration,5.41,mm/s,2026-08-12 08:00:00
705,3,Temperature,85.19,°C,2026-08-12 14:00:00
706,3,Vibration,4.95,mm/s,2026-08-12 14:00:00
707,3,Temperature,80.96,°C,2026-08-12 22:00:00
708,3,Vibration,4.86,mm/s,2026-08-12 22:00:00
709,4,Temperature,65.8,°C,2026-08-12 08:00:00
710,4,Vibration,1.6,mm/s,2026-08-12 08:00:00
711,4,Temperature,69.0,°C,2026-08-12 14:00:00
712,4,Vibration,2.52,mm/s,2026-08-12 14:00:00
713,4,Temperature,63.75,°C,2026-08-12 22:00:00
714,4,Vibration,1.24,mm/s,2026-08-12 22:00:00
715,5,Temperature,66.89,°C,2026-08-12 08:00:00
716,5,Vibration,2.6,mm/s,2026-08-12 08:00:00
717,5,Temperature,64.31,°C,2026-08-12 14:00:00
718,5,Vibration,2.36,mm/s,2026-08-12 14:00:00
719,5,Temperature,66.92,°C,2026-08-12 22:00:00
720,5,Vibration,2.41,mm/s,2026-08-12 22:00:00
721,1,Temperature,71.72,°C,2026-08-13 08:00:00
722,1,Vibration,2.63,mm/s,2026-08-13 08:00:00
723,1,Temperature,70.46,°C,2026-08-13 14:00:00
724,1,Vibration,3.59,mm/s,2026-08-13 14:00:00
725,1,Temperature,69.89,°C,2026-08-13 22:00:00
726,1,Vibration,3.18,mm/s,2026-08-13 22:00:00
727,2,Temperature,68.88,°C,2026-08-13 08:00:00
728,2,Vibration,2.8,mm/s,2026-08-13 08:00:00
729,2,Temperature,67.8,°C,2026-08-13 14:00:00
730,2,Vibration,2.51,mm/s,2026-08-13 14:00:00
731,2,Temperature,68.45,°C,2026-08-13 22:00:00
732,2,Vibration,2.66,mm/s,2026-08-13 22:00:00
733,3,Temperature,86.64,°C,2026-08-13 08:00:00
734,3,Vibration,5.41,mm/s,2026-08-13 08:00:00
735,3,Temperature,77.64,°C,2026-08-13 14:00:00
736,3,Vibration,4.3,mm/s,2026-08-13 14:00:00
737,3,Temperature,81.61,°C,2026-08-13 22:00:00
738,3,Vibration,4.8,mm/s,2026-08-13 22:00:00
739,4,Temperature,64.45,°C,2026-08-13 08:00:00
740,4,Vibration,2.83,mm/s,2026-08-13 08:00:00
741,4,Temperature,65.95,°C,2026-08-13 14:00:00
742,4,Vibration,2.65,mm/s,2026-08-13 14:00:00
743,4,Temperature,69.34,°C,2026-08-13 22:00:00
744,4,Vibration,1.81,mm/s,2026-08-13 22:00:00
745,5,Temperature,67.31,°C,2026-08-13 08:00:00
746,5,Vibration,2.41,mm/s,2026-08-13 08:00:00
747,5,Temperature,71.31,°C,2026-08-13 14:00:00
748,5,Vibration,1.6,mm/s,2026-08-13 14:00:00
749,5,Temperature,60.5,°C,2026-08-13 22:00:00
750,5,Vibration,2.85,mm/s,2026-08-13 22:00:00
751,1,Temperature,73.38,°C,2026-08-14 08:00:00
752,1,Vibration,3.39,mm/s,2026-08-14 08:00:00
753,1,Temperature,67.6,°C,2026-08-14 14:00:00
754,1,Vibration,3.75,mm/s,2026-08-14 14:00:00
755,1,Temperature,66.31,°C,2026-08-14 22:00:00
756,1,Vibration,3.65,mm/s,2026-08-14 22:00:00
757,2,Temperature,64.7,°C,2026-08-14 08:00:00
758,2,Vibration,2.62,mm/s,2026-08-14 08:00:00
759,2,Temperature,69.92,°C,2026-08-14 14:00:00
760,2,Vibration,2.07,mm/s,2026-08-14 14:00:00
761,2,Temperature,72.41,°C,2026-08-14 22:00:00
762,2,Vibration,2.62,mm/s,2026-08-14 22:00:00
763,3,Temperature,82.41,°C,2026-08-14 08:00:00
764,3,Vibration,5.58,mm/s,2026-08-14 08:00:00
765,3,Temperature,79.62,°C,2026-08-14 14:00:00
766,3,Vibration,5.53,mm/s,2026-08-14 14:00:00
767,3,Temperature,86.92,°C,2026-08-14 22:00:00
768,3,Vibration,4.67,mm/s,2026-08-14 22:00:00
769,4,Temperature,69.11,°C,2026-08-14 08:00:00
770,4,Vibration,1.62,mm/s,2026-08-14 08:00:00
771,4,Temperature,66.17,°C,2026-08-14 14:00:00
772,4,Vibration,1.89,mm/s,2026-08-14 14:00:00
773,4,Temperature,67.83,°C,2026-08-14 22:00:00
774,4,Vibration,2.93,mm/s,2026-08-14 22:00:00
775,5,Temperature,73.23,°C,2026-08-14 08:00:00
776,5,Vibration,3.41,mm/s,2026-08-14 08:00:00
777,5,Temperature,66.5,°C,2026-08-14 14:00:00
778,5,Vibration,2.16,mm/s,2026-08-14 14:00:00
779,5,Temperature,68.7,°C,2026-08-14 22:00:00
780,5,Vibration,2.67,mm/s,2026-08-14 22:00:00
781,1,Temperature,74.65,°C,2026-08-15 08:00:00
782,1,Vibration,1.92,mm/s,2026-08-15 08:00:00
783,1,Temperature,76.56,°C,2026-08-15 14:00:00
784,1,Vibration,3.27,mm/s,2026-08-15 14:00:00
785,1,Temperature,67.56,°C,2026-08-15 22:00:00
786,1,Vibration,3.37,mm/s,2026-08-15 22:00:00
787,2,Temperature,71.89,°C,2026-08-15 08:00:00
788,2,Vibration,2.86,mm/s,2026-08-15 08:00:00
789,2,Temperature,62.71,°C,2026-08-15 14:00:00
790,2,Vibration,2.65,mm/s,2026-08-15 14:00:00
791,2,Temperature,71.12,°C,2026-08-15 22:00:00
792,2,Vibration,3.05,mm/s,2026-08-15 22:00:00
793,3,Temperature,81.53,°C,2026-08-15 08:00:00
794,3,Vibration,5.65,mm/s,2026-08-15 08:00:00
795,3,Temperature,84.22,°C,2026-08-15 14:00:00
796,3,Vibration,5.41,mm/s,2026-08-15 14:00:00
797,3,Temperature,80.77,°C,2026-08-15 22:00:00
798,3,Vibration,4.75,mm/s,2026-08-15 22:00:00
799,4,Temperature,59.9,°C,2026-08-15 08:00:00
800,4,Vibration,2.37,mm/s,2026-08-15 08:00:00
801,4,Temperature,67.81,°C,2026-08-15 14:00:00
802,4,Vibration,2.4,mm/s,2026-08-15 14:00:00
803,4,Temperature,66.34,°C,2026-08-15 22:00:00
804,4,Vibration,3.06,mm/s,2026-08-15 22:00:00
805,5,Temperature,68.12,°C,2026-08-15 08:00:00
806,5,Vibration,2.94,mm/s,2026-08-15 08:00:00
807,5,Temperature,62.93,°C,2026-08-15 14:00:00
808,5,Vibration,2.54,mm/s,2026-08-15 14:00:00
809,5,Temperature,72.18,°C,2026-08-15 22:00:00
810,5,Vibration,2.75,mm/s,2026-08-15 22:00:00
811,1,Temperature,75.69,°C,2026-08-16 08:00:00
812,1,Vibration,2.64,mm/s,2026-08-16 08:00:00
813,1,Temperature,70.7,°C,2026-08-16 14:00:00
814,1,Vibration,2.81,mm/s,2026-08-16 14:00:00
815,1,Temperature,71.78,°C,2026-08-16 22:00:00
816,1,Vibration,3.45,mm/s,2026-08-16 22:00:00
817,2,Temperature,69.81,°C,2026-08-16 08:00:00
818,2,Vibration,3.32,mm/s,2026-08-16 08:00:00
819,2,Temperature,67.96,°C,2026-08-16 14:00:00
820,2,Vibration,2.7,mm/s,2026-08-16 14:00:00
821,2,Temperature,62.73,°C,2026-08-16 22:00:00
822,2,Vibration,3.12,mm/s,2026-08-16 22:00:00
823,3,Temperature,82.52,°C,2026-08-16 08:00:00
824,3,Vibration,4.97,mm/s,2026-08-16 08:00:00
825,3,Temperature,81.43,°C,2026-08-16 14:00:00
826,3,Vibration,4.98,mm/s,2026-08-16 14:00:00
827,3,Temperature,81.29,°C,2026-08-16 22:00:00
828,3,Vibration,4.74,mm/s,2026-08-16 22:00:00
829,4,Temperature,65.72,°C,2026-08-16 08:00:00
830,4,Vibration,2.74,mm/s,2026-08-16 08:00:00
831,4,Temperature,62.69,°C,2026-08-16 14:00:00
832,4,Vibration,2.3,mm/s,2026-08-16 14:00:00
833,4,Temperature,64.39,°C,2026-08-16 22:00:00
834,4,Vibration,2.5,mm/s,2026-08-16 22:00:00
835,5,Temperature,66.62,°C,2026-08-16 08:00:00
836,5,Vibration,3.03,mm/s,2026-08-16 08:00:00
837,5,Temperature,62.04,°C,2026-08-16 14:00:00
838,5,Vibration,1.96,mm/s,2026-08-16 14:00:00
839,5,Temperature,67.58,°C,2026-08-16 22:00:00
840,5,Vibration,2.4,mm/s,2026-08-16 22:00:00
841,1,Temperature,72.65,°C,2026-08-17 08:00:00
842,1,Vibration,3.58,mm/s,2026-08-17 08:00:00
843,1,Temperature,70.7,°C,2026-08-17 14:00:00
844,1,Vibration,2.46,mm/s,2026-08-17 14:00:00
845,1,Temperature,73.16,°C,2026-08-17 22:00:00
846,1,Vibration,3.1,mm/s,2026-08-17 22:00:00
847,2,Temperature,63.54,°C,2026-08-17 08:00:00
848,2,Vibration,2.1,mm/s,2026-08-17 08:00:00
849,2,Temperature,72.55,°C,2026-08-17 14:00:00
850,2,Vibration,3.48,mm/s,2026-08-17 14:00:00
851,2,Temperature,60.45,°C,2026-08-17 22:00:00
852,2,Vibration,2.12,mm/s,2026-08-17 22:00:00
853,3,Temperature,85.42,°C,2026-08-17 08:00:00
854,3,Vibration,4.99,mm/s,2026-08-17 08:00:00
855,3,Temperature,84.11,°C,2026-08-17 14:00:00
856,3,Vibration,4.97,mm/s,2026-08-17 14:00:00
857,3,Temperature,83.96,°C,2026-08-17 22:00:00
858,3,Vibration,5.0,mm/s,2026-08-17 22:00:00
859,4,Temperature,63.69,°C,2026-08-17 08:00:00
860,4,Vibration,3.03,mm/s,2026-08-17 08:00:00
861,4,Temperature,65.61,°C,2026-08-17 14:00:00
862,4,Vibration,2.83,mm/s,2026-08-17 14:00:00
863,4,Temperature,65.47,°C,2026-08-17 22:00:00
864,4,Vibration,2.26,mm/s,2026-08-17 22:00:00
865,5,Temperature,71.83,°C,2026-08-17 08:00:00
866,5,Vibration,2.88,mm/s,2026-08-17 08:00:00
867,5,Temperature,65.93,°C,2026-08-17 14:00:00
868,5,Vibration,3.34,mm/s,2026-08-17 14:00:00
869,5,Temperature,63.04,°C,2026-08-17 22:00:00
870,5,Vibration,3.82,mm/s,2026-08-17 22:00:00
871,1,Temperature,69.46,°C,2026-08-18 08:00:00
872,1,Vibration,2.37,mm/s,2026-08-18 08:00:00
873,1,Temperature,75.72,°C,2026-08-18 14:00:00
874,1,Vibration,2.77,mm/s,2026-08-18 14:00:00
875,1,Temperature,70.73,°C,2026-08-18 22:00:00
876,1,Vibration,3.36,mm/s,2026-08-18 22:00:00
877,2,Temperature,71.55,°C,2026-08-18 08:00:00
878,2,Vibration,2.95,mm/s,2026-08-18 08:00:00
879,2,Temperature,66.06,°C,2026-08-18 14:00:00
880,2,Vibration,2.91,mm/s,2026-08-18 14:00:00
881,2,Temperature,66.74,°C,2026-08-18 22:00:00
882,2,Vibration,2.92,mm/s,2026-08-18 22:00:00
883,3,Temperature,86.88,°C,2026-08-18 08:00:00
884,3,Vibration,5.38,mm/s,2026-08-18 08:00:00
885,3,Temperature,82.62,°C,2026-08-18 14:00:00
886,3,Vibration,5.37,mm/s,2026-08-18 14:00:00
887,3,Temperature,84.43,°C,2026-08-18 22:00:00
888,3,Vibration,4.46,mm/s,2026-08-18 22:00:00
889,4,Temperature,65.13,°C,2026-08-18 08:00:00
890,4,Vibration,3.78,mm/s,2026-08-18 08:00:00
891,4,Temperature,68.64,°C,2026-08-18 14:00:00
892,4,Vibration,2.25,mm/s,2026-08-18 14:00:00
893,4,Temperature,63.19,°C,2026-08-18 22:00:00
894,4,Vibration,2.18,mm/s,2026-08-18 22:00:00
895,5,Temperature,69.6,°C,2026-08-18 08:00:00
896,5,Vibration,3.5,mm/s,2026-08-18 08:00:00
897,5,Temperature,68.75,°C,2026-08-18 14:00:00
898,5,Vibration,2.78,mm/s,2026-08-18 14:00:00
899,5,Temperature,65.67,°C,2026-08-18 22:00:00
900,5,Vibration,2.86,mm/s,2026-08-18 22:00:00
